Date,Emergence_Date,col,row,x_m,y_m,DAE,Pot_ID,Variety,N_kgha,Leaf_position,Height_cms,Canopy_cover,Leaf_thickness,PAR,NPQt,Phi2,PhiNPQ,PhiNO,LEF,SPAD,FvP_over_FmP,qL,A_Humidity,A_Temp,Leaf_Temperature_C,Leaf_Temp_Diff,LAI,Stem Count
01/06/2026,12/31/2025,1,1,0.35,0.45,6,1,Jelly,150,Lower,10,8.60%,NA,NA,NA,NA,NA,NA,NA,NA,NA,NA,NA,NA,NA,NA,NA,NA
01/06/2026,12/31/2025,1,1,0.35,0.45,6,1,Jelly,150,Middle,10,8.60%,NA,NA,NA,NA,NA,NA,NA,NA,NA,NA,NA,NA,NA,NA,NA,NA
01/06/2026,12/31/2025,1,1,0.35,0.45,6,1,Jelly,150,Upper,10,8.60%,NA,NA,NA,NA,NA,NA,NA,NA,NA,NA,NA,NA,NA,NA,NA,NA
01/06/2026,12/31/2025,1,2,0.5,0.9,6,2,Maris_Peer,0,Lower,2.3,6.00%,NA,NA,NA,NA,NA,NA,NA,NA,NA,NA,NA,NA,NA,NA,NA,NA
01/06/2026,12/31/2025,1,2,0.5,0.9,6,2,Maris_Peer,0,Middle,2.3,6.00%,NA,NA,NA,NA,NA,NA,NA,NA,NA,NA,NA,NA,NA,NA,NA,NA
01/06/2026,12/31/2025,1,2,0.5,0.9,6,2,Maris_Peer,0,Upper,2.3,6.00%,NA,NA,NA,NA,NA,NA,NA,NA,NA,NA,NA,NA,NA,NA,NA,NA
01/06/2026,12/31/2025,1,3,0.35,1.35,6,3,Maris_Peer,150,Lower,3,6.20%,NA,NA,NA,NA,NA,NA,NA,NA,NA,NA,NA,NA,NA,NA,NA,NA
01/06/2026,12/31/2025,1,3,0.35,1.35,6,3,Maris_Peer,150,Middle,3,6.20%,NA,NA,NA,NA,NA,NA,NA,NA,NA,NA,NA,NA,NA,NA,NA,NA
01/06/2026,12/31/2025,1,3,0.35,1.35,6,3,Maris_Peer,150,Upper,3,6.20%,NA,NA,NA,NA,NA,NA,NA,NA,NA,NA,NA,NA,NA,NA,NA,NA
01/06/2026,12/31/2025,1,4,0.5,1.8,6,4,Jelly,150,Lower,9.5,9.70%,NA,NA,NA,NA,NA,NA,NA,NA,NA,NA,NA,NA,NA,NA,NA,NA
01/06/2026,12/31/2025,1,4,0.5,1.8,6,4,Jelly,150,Middle,9.5,9.70%,NA,NA,NA,NA,NA,NA,NA,NA,NA,NA,NA,NA,NA,NA,NA,NA
01/06/2026,12/31/2025,1,4,0.5,1.8,6,4,Jelly,150,Upper,9.5,9.70%,NA,NA,NA,NA,NA,NA,NA,NA,NA,NA,NA,NA,NA,NA,NA,NA
01/06/2026,01/03/2026,1,5,0.35,2.25,3,5,Accord,0,Lower,10,8.40%,NA,NA,NA,NA,NA,NA,NA,NA,NA,NA,NA,NA,NA,NA,NA,NA
01/06/2026,01/03/2026,1,5,0.35,2.25,3,5,Accord,0,Middle,10,8.40%,NA,NA,NA,NA,NA,NA,NA,NA,NA,NA,NA,NA,NA,NA,NA,NA
01/06/2026,01/03/2026,1,5,0.35,2.25,3,5,Accord,0,Upper,10,8.40%,NA,NA,NA,NA,NA,NA,NA,NA,NA,NA,NA,NA,NA,NA,NA,NA
01/06/2026,01/02/2026,1,6,0.5,2.7,4,6,Jelly,150,Lower,5,7.30%,NA,NA,NA,NA,NA,NA,NA,NA,NA,NA,NA,NA,NA,NA,NA,NA
01/06/2026,01/02/2026,1,6,0.5,2.7,4,6,Jelly,150,Middle,5,7.30%,NA,NA,NA,NA,NA,NA,NA,NA,NA,NA,NA,NA,NA,NA,NA,NA
01/06/2026,01/02/2026,1,6,0.5,2.7,4,6,Jelly,150,Upper,5,7.30%,NA,NA,NA,NA,NA,NA,NA,NA,NA,NA,NA,NA,NA,NA,NA,NA
01/06/2026,01/01/2026,1,7,0.35,3.15,5,7,Accord,150,Lower,9,7.00%,NA,NA,NA,NA,NA,NA,NA,NA,NA,NA,NA,NA,NA,NA,NA,NA
01/06/2026,01/01/2026,1,7,0.35,3.15,5,7,Accord,150,Middle,9,7.00%,NA,NA,NA,NA,NA,NA,NA,NA,NA,NA,NA,NA,NA,NA,NA,NA
01/06/2026,01/01/2026,1,7,0.35,3.15,5,7,Accord,150,Upper,9,7.00%,NA,NA,NA,NA,NA,NA,NA,NA,NA,NA,NA,NA,NA,NA,NA,NA
01/06/2026,01/03/2026,1,8,0.5,3.6,3,8,Jelly,0,Lower,5,6.30%,NA,NA,NA,NA,NA,NA,NA,NA,NA,NA,NA,NA,NA,NA,NA,NA
01/06/2026,01/03/2026,1,8,0.5,3.6,3,8,Jelly,0,Middle,5,6.30%,NA,NA,NA,NA,NA,NA,NA,NA,NA,NA,NA,NA,NA,NA,NA,NA
01/06/2026,01/03/2026,1,8,0.5,3.6,3,8,Jelly,0,Upper,5,6.30%,NA,NA,NA,NA,NA,NA,NA,NA,NA,NA,NA,NA,NA,NA,NA,NA
01/06/2026,01/02/2026,2,1,1,0.45,4,9,Accord,150,Lower,6.5,6.50%,NA,NA,NA,NA,NA,NA,NA,NA,NA,NA,NA,NA,NA,NA,NA,NA
01/06/2026,01/02/2026,2,1,1,0.45,4,9,Accord,150,Middle,6.5,6.50%,NA,NA,NA,NA,NA,NA,NA,NA,NA,NA,NA,NA,NA,NA,NA,NA
01/06/2026,01/02/2026,2,1,1,0.45,4,9,Accord,150,Upper,6.5,6.50%,NA,NA,NA,NA,NA,NA,NA,NA,NA,NA,NA,NA,NA,NA,NA,NA
01/06/2026,01/02/2026,2,2,1,0.9,4,10,Maris_Peer,0,Lower,2.5,5.70%,NA,NA,NA,NA,NA,NA,NA,NA,NA,NA,NA,NA,NA,NA,NA,NA
01/06/2026,01/02/2026,2,2,1,0.9,4,10,Maris_Peer,0,Middle,2.5,5.70%,NA,NA,NA,NA,NA,NA,NA,NA,NA,NA,NA,NA,NA,NA,NA,NA
01/06/2026,01/02/2026,2,2,1,0.9,4,10,Maris_Peer,0,Upper,2.5,5.70%,NA,NA,NA,NA,NA,NA,NA,NA,NA,NA,NA,NA,NA,NA,NA,NA
01/06/2026,01/01/2026,2,3,1,1.35,5,11,Accord,0,Lower,9.5,7.50%,NA,NA,NA,NA,NA,NA,NA,NA,NA,NA,NA,NA,NA,NA,NA,NA
01/06/2026,01/01/2026,2,3,1,1.35,5,11,Accord,0,Middle,9.5,7.50%,NA,NA,NA,NA,NA,NA,NA,NA,NA,NA,NA,NA,NA,NA,NA,NA
01/06/2026,01/01/2026,2,3,1,1.35,5,11,Accord,0,Upper,9.5,7.50%,NA,NA,NA,NA,NA,NA,NA,NA,NA,NA,NA,NA,NA,NA,NA,NA
01/06/2026,01/01/2026,2,4,1,1.8,5,12,Maris_Peer,0,Lower,2.5,5.80%,NA,NA,NA,NA,NA,NA,NA,NA,NA,NA,NA,NA,NA,NA,NA,NA
01/06/2026,01/01/2026,2,4,1,1.8,5,12,Maris_Peer,0,Middle,2.5,5.80%,NA,NA,NA,NA,NA,NA,NA,NA,NA,NA,NA,NA,NA,NA,NA,NA
01/06/2026,01/01/2026,2,4,1,1.8,5,12,Maris_Peer,0,Upper,2.5,5.80%,NA,NA,NA,NA,NA,NA,NA,NA,NA,NA,NA,NA,NA,NA,NA,NA
01/06/2026,01/04/2026,2,5,1,2.25,2,13,Maris_Peer,150,Lower,1,4.70%,NA,NA,NA,NA,NA,NA,NA,NA,NA,NA,NA,NA,NA,NA,NA,NA
01/06/2026,01/04/2026,2,5,1,2.25,2,13,Maris_Peer,150,Middle,1,4.70%,NA,NA,NA,NA,NA,NA,NA,NA,NA,NA,NA,NA,NA,NA,NA,NA
01/06/2026,01/04/2026,2,5,1,2.25,2,13,Maris_Peer,150,Upper,1,4.70%,NA,NA,NA,NA,NA,NA,NA,NA,NA,NA,NA,NA,NA,NA,NA,NA
01/06/2026,01/02/2026,3,1,1.6,0.45,4,14,Maris_Peer,150,Lower,3.5,5.10%,NA,NA,NA,NA,NA,NA,NA,NA,NA,NA,NA,NA,NA,NA,NA,NA
01/06/2026,01/02/2026,3,1,1.6,0.45,4,14,Maris_Peer,150,Middle,3.5,5.10%,NA,NA,NA,NA,NA,NA,NA,NA,NA,NA,NA,NA,NA,NA,NA,NA
01/06/2026,01/02/2026,3,1,1.6,0.45,4,14,Maris_Peer,150,Upper,3.5,5.10%,NA,NA,NA,NA,NA,NA,NA,NA,NA,NA,NA,NA,NA,NA,NA,NA
01/06/2026,12/31/2025,3,2,1.6,0.9,6,15,Accord,150,Lower,14.5,7.20%,NA,NA,NA,NA,NA,NA,NA,NA,NA,NA,NA,NA,NA,NA,NA,NA
01/06/2026,12/31/2025,3,2,1.6,0.9,6,15,Accord,150,Middle,14.5,7.20%,NA,NA,NA,NA,NA,NA,NA,NA,NA,NA,NA,NA,NA,NA,NA,NA
01/06/2026,12/31/2025,3,2,1.6,0.9,6,15,Accord,150,Upper,14.5,7.20%,NA,NA,NA,NA,NA,NA,NA,NA,NA,NA,NA,NA,NA,NA,NA,NA
01/06/2026,12/31/2025,3,3,1.6,1.35,6,16,Jelly,0,Lower,10.5,8.50%,NA,NA,NA,NA,NA,NA,NA,NA,NA,NA,NA,NA,NA,NA,NA,NA
01/06/2026,12/31/2025,3,3,1.6,1.35,6,16,Jelly,0,Middle,10.5,8.50%,NA,NA,NA,NA,NA,NA,NA,NA,NA,NA,NA,NA,NA,NA,NA,NA
01/06/2026,12/31/2025,3,3,1.6,1.35,6,16,Jelly,0,Upper,10.5,8.50%,NA,NA,NA,NA,NA,NA,NA,NA,NA,NA,NA,NA,NA,NA,NA,NA
01/06/2026,01/02/2026,3,4,1.6,1.8,4,17,Maris_Peer,0,Lower,2,5.10%,NA,NA,NA,NA,NA,NA,NA,NA,NA,NA,NA,NA,NA,NA,NA,NA
01/06/2026,01/02/2026,3,4,1.6,1.8,4,17,Maris_Peer,0,Middle,2,5.10%,NA,NA,NA,NA,NA,NA,NA,NA,NA,NA,NA,NA,NA,NA,NA,NA
01/06/2026,01/02/2026,3,4,1.6,1.8,4,17,Maris_Peer,0,Upper,2,5.10%,NA,NA,NA,NA,NA,NA,NA,NA,NA,NA,NA,NA,NA,NA,NA,NA
01/06/2026,01/03/2026,3,5,1.6,2.25,3,18,Jelly,75,Lower,3.8,5.50%,NA,NA,NA,NA,NA,NA,NA,NA,NA,NA,NA,NA,NA,NA,NA,NA
01/06/2026,01/03/2026,3,5,1.6,2.25,3,18,Jelly,75,Middle,3.8,5.50%,NA,NA,NA,NA,NA,NA,NA,NA,NA,NA,NA,NA,NA,NA,NA,NA
01/06/2026,01/03/2026,3,5,1.6,2.25,3,18,Jelly,75,Upper,3.8,5.50%,NA,NA,NA,NA,NA,NA,NA,NA,NA,NA,NA,NA,NA,NA,NA,NA
01/06/2026,01/01/2026,4,1,2.2,0.45,5,19,Accord,75,Lower,10.4,5.60%,NA,NA,NA,NA,NA,NA,NA,NA,NA,NA,NA,NA,NA,NA,NA,NA
01/06/2026,01/01/2026,4,1,2.2,0.45,5,19,Accord,75,Middle,10.4,5.60%,NA,NA,NA,NA,NA,NA,NA,NA,NA,NA,NA,NA,NA,NA,NA,NA
01/06/2026,01/01/2026,4,1,2.2,0.45,5,19,Accord,75,Upper,10.4,5.60%,NA,NA,NA,NA,NA,NA,NA,NA,NA,NA,NA,NA,NA,NA,NA,NA
01/06/2026,01/01/2026,4,2,2.2,0.9,5,20,Accord,75,Lower,8,6.40%,NA,NA,NA,NA,NA,NA,NA,NA,NA,NA,NA,NA,NA,NA,NA,NA
01/06/2026,01/01/2026,4,2,2.2,0.9,5,20,Accord,75,Middle,8,6.40%,NA,NA,NA,NA,NA,NA,NA,NA,NA,NA,NA,NA,NA,NA,NA,NA
01/06/2026,01/01/2026,4,2,2.2,0.9,5,20,Accord,75,Upper,8,6.40%,NA,NA,NA,NA,NA,NA,NA,NA,NA,NA,NA,NA,NA,NA,NA,NA
01/06/2026,01/04/2026,4,3,2.2,1.35,2,21,Jelly,75,Lower,7,5.20%,NA,NA,NA,NA,NA,NA,NA,NA,NA,NA,NA,NA,NA,NA,NA,NA
01/06/2026,01/04/2026,4,3,2.2,1.35,2,21,Jelly,75,Middle,7,5.20%,NA,NA,NA,NA,NA,NA,NA,NA,NA,NA,NA,NA,NA,NA,NA,NA
01/06/2026,01/04/2026,4,3,2.2,1.35,2,21,Jelly,75,Upper,7,5.20%,NA,NA,NA,NA,NA,NA,NA,NA,NA,NA,NA,NA,NA,NA,NA,NA
01/06/2026,12/31/2025,4,4,2.2,1.8,6,22,Maris_Peer,150,Lower,2.5,6.80%,NA,NA,NA,NA,NA,NA,NA,NA,NA,NA,NA,NA,NA,NA,NA,NA
01/06/2026,12/31/2025,4,4,2.2,1.8,6,22,Maris_Peer,150,Middle,2.5,6.80%,NA,NA,NA,NA,NA,NA,NA,NA,NA,NA,NA,NA,NA,NA,NA,NA
01/06/2026,12/31/2025,4,4,2.2,1.8,6,22,Maris_Peer,150,Upper,2.5,6.80%,NA,NA,NA,NA,NA,NA,NA,NA,NA,NA,NA,NA,NA,NA,NA,NA
01/06/2026,01/02/2026,4,5,2.2,2.25,4,23,Maris_Peer,75,Lower,3.5,5.10%,NA,NA,NA,NA,NA,NA,NA,NA,NA,NA,NA,NA,NA,NA,NA,NA
01/06/2026,01/02/2026,4,5,2.2,2.25,4,23,Maris_Peer,75,Middle,3.5,5.10%,NA,NA,NA,NA,NA,NA,NA,NA,NA,NA,NA,NA,NA,NA,NA,NA
01/06/2026,01/02/2026,4,5,2.2,2.25,4,23,Maris_Peer,75,Upper,3.5,5.10%,NA,NA,NA,NA,NA,NA,NA,NA,NA,NA,NA,NA,NA,NA,NA,NA
01/06/2026,01/04/2026,5,1,2.8,0.45,2,24,Maris_Peer,75,Lower,1.6,4.30%,NA,NA,NA,NA,NA,NA,NA,NA,NA,NA,NA,NA,NA,NA,NA,NA
01/06/2026,01/04/2026,5,1,2.8,0.45,2,24,Maris_Peer,75,Middle,1.6,4.30%,NA,NA,NA,NA,NA,NA,NA,NA,NA,NA,NA,NA,NA,NA,NA,NA
01/06/2026,01/04/2026,5,1,2.8,0.45,2,24,Maris_Peer,75,Upper,1.6,4.30%,NA,NA,NA,NA,NA,NA,NA,NA,NA,NA,NA,NA,NA,NA,NA,NA
01/06/2026,01/01/2026,5,2,2.8,0.9,5,25,Jelly,75,Lower,9,6.90%,NA,NA,NA,NA,NA,NA,NA,NA,NA,NA,NA,NA,NA,NA,NA,NA
01/06/2026,01/01/2026,5,2,2.8,0.9,5,25,Jelly,75,Middle,9,6.90%,NA,NA,NA,NA,NA,NA,NA,NA,NA,NA,NA,NA,NA,NA,NA,NA
01/06/2026,01/01/2026,5,2,2.8,0.9,5,25,Jelly,75,Upper,9,6.90%,NA,NA,NA,NA,NA,NA,NA,NA,NA,NA,NA,NA,NA,NA,NA,NA
01/06/2026,01/01/2026,5,3,2.8,1.35,5,26,Jelly,0,Lower,8.6,7.20%,NA,NA,NA,NA,NA,NA,NA,NA,NA,NA,NA,NA,NA,NA,NA,NA
01/06/2026,01/01/2026,5,3,2.8,1.35,5,26,Jelly,0,Middle,8.6,7.20%,NA,NA,NA,NA,NA,NA,NA,NA,NA,NA,NA,NA,NA,NA,NA,NA
01/06/2026,01/01/2026,5,3,2.8,1.35,5,26,Jelly,0,Upper,8.6,7.20%,NA,NA,NA,NA,NA,NA,NA,NA,NA,NA,NA,NA,NA,NA,NA,NA
01/06/2026,01/01/2026,5,4,2.8,1.8,5,27,Jelly,75,Lower,10,7.40%,NA,NA,NA,NA,NA,NA,NA,NA,NA,NA,NA,NA,NA,NA,NA,NA
01/06/2026,01/01/2026,5,4,2.8,1.8,5,27,Jelly,75,Middle,10,7.40%,NA,NA,NA,NA,NA,NA,NA,NA,NA,NA,NA,NA,NA,NA,NA,NA
01/06/2026,01/01/2026,5,4,2.8,1.8,5,27,Jelly,75,Upper,10,7.40%,NA,NA,NA,NA,NA,NA,NA,NA,NA,NA,NA,NA,NA,NA,NA,NA
01/06/2026,01/02/2026,5,5,2.8,2.25,4,28,Jelly,150,Lower,8,6.90%,NA,NA,NA,NA,NA,NA,NA,NA,NA,NA,NA,NA,NA,NA,NA,NA
01/06/2026,01/02/2026,5,5,2.8,2.25,4,28,Jelly,150,Middle,8,6.90%,NA,NA,NA,NA,NA,NA,NA,NA,NA,NA,NA,NA,NA,NA,NA,NA
01/06/2026,01/02/2026,5,5,2.8,2.25,4,28,Jelly,150,Upper,8,6.90%,NA,NA,NA,NA,NA,NA,NA,NA,NA,NA,NA,NA,NA,NA,NA,NA
01/06/2026,12/31/2025,6,1,3.5,0.45,6,29,Accord,0,Lower,12.5,7.60%,NA,NA,NA,NA,NA,NA,NA,NA,NA,NA,NA,NA,NA,NA,NA,NA
01/06/2026,12/31/2025,6,1,3.5,0.45,6,29,Accord,0,Middle,12.5,7.60%,NA,NA,NA,NA,NA,NA,NA,NA,NA,NA,NA,NA,NA,NA,NA,NA
01/06/2026,12/31/2025,6,1,3.5,0.45,6,29,Accord,0,Upper,12.5,7.60%,NA,NA,NA,NA,NA,NA,NA,NA,NA,NA,NA,NA,NA,NA,NA,NA
01/06/2026,12/31/2025,6,2,3.7,0.9,6,30,Accord,150,Lower,11.4,5.70%,NA,NA,NA,NA,NA,NA,NA,NA,NA,NA,NA,NA,NA,NA,NA,NA
01/06/2026,12/31/2025,6,2,3.7,0.9,6,30,Accord,150,Middle,11.4,5.70%,NA,NA,NA,NA,NA,NA,NA,NA,NA,NA,NA,NA,NA,NA,NA,NA
01/06/2026,12/31/2025,6,2,3.7,0.9,6,30,Accord,150,Upper,11.4,5.70%,NA,NA,NA,NA,NA,NA,NA,NA,NA,NA,NA,NA,NA,NA,NA,NA
01/06/2026,12/31/2025,6,3,3.5,1.35,6,31,Accord,0,Lower,9.5,5.30%,NA,NA,NA,NA,NA,NA,NA,NA,NA,NA,NA,NA,NA,NA,NA,NA
01/06/2026,12/31/2025,6,3,3.5,1.35,6,31,Accord,0,Middle,9.5,5.30%,NA,NA,NA,NA,NA,NA,NA,NA,NA,NA,NA,NA,NA,NA,NA,NA
01/06/2026,12/31/2025,6,3,3.5,1.35,6,31,Accord,0,Upper,9.5,5.30%,NA,NA,NA,NA,NA,NA,NA,NA,NA,NA,NA,NA,NA,NA,NA,NA
01/06/2026,12/30/2025,6,4,3.7,1.8,7,32,Accord,75,Lower,10.5,6.40%,NA,NA,NA,NA,NA,NA,NA,NA,NA,NA,NA,NA,NA,NA,NA,NA
01/06/2026,12/30/2025,6,4,3.7,1.8,7,32,Accord,75,Middle,10.5,6.40%,NA,NA,NA,NA,NA,NA,NA,NA,NA,NA,NA,NA,NA,NA,NA,NA
01/06/2026,12/30/2025,6,4,3.7,1.8,7,32,Accord,75,Upper,10.5,6.40%,NA,NA,NA,NA,NA,NA,NA,NA,NA,NA,NA,NA,NA,NA,NA,NA
01/06/2026,01/01/2026,6,5,3.5,2.25,5,33,Maris_Peer,75,Lower,3,5.00%,NA,NA,NA,NA,NA,NA,NA,NA,NA,NA,NA,NA,NA,NA,NA,NA
01/06/2026,01/01/2026,6,5,3.5,2.25,5,33,Maris_Peer,75,Middle,3,5.00%,NA,NA,NA,NA,NA,NA,NA,NA,NA,NA,NA,NA,NA,NA,NA,NA
01/06/2026,01/01/2026,6,5,3.5,2.25,5,33,Maris_Peer,75,Upper,3,5.00%,NA,NA,NA,NA,NA,NA,NA,NA,NA,NA,NA,NA,NA,NA,NA,NA
01/06/2026,01/05/2026,6,6,3.7,2.7,1,34,Maris_Peer,75,Lower,1.5,4.00%,NA,NA,NA,NA,NA,NA,NA,NA,NA,NA,NA,NA,NA,NA,NA,NA
01/06/2026,01/05/2026,6,6,3.7,2.7,1,34,Maris_Peer,75,Middle,1.5,4.00%,NA,NA,NA,NA,NA,NA,NA,NA,NA,NA,NA,NA,NA,NA,NA,NA
01/06/2026,01/05/2026,6,6,3.7,2.7,1,34,Maris_Peer,75,Upper,1.5,4.00%,NA,NA,NA,NA,NA,NA,NA,NA,NA,NA,NA,NA,NA,NA,NA,NA
01/06/2026,01/01/2026,6,7,3.5,3.15,5,35,Jelly,0,Lower,10.5,5.50%,NA,NA,NA,NA,NA,NA,NA,NA,NA,NA,NA,NA,NA,NA,NA,NA
01/06/2026,01/01/2026,6,7,3.5,3.15,5,35,Jelly,0,Middle,10.5,5.50%,NA,NA,NA,NA,NA,NA,NA,NA,NA,NA,NA,NA,NA,NA,NA,NA
01/06/2026,01/01/2026,6,7,3.5,3.15,5,35,Jelly,0,Upper,10.5,5.50%,NA,NA,NA,NA,NA,NA,NA,NA,NA,NA,NA,NA,NA,NA,NA,NA
01/06/2026,12/31/2025,6,8,3.7,3.6,6,36,Accord,75,Lower,13,6.40%,NA,NA,NA,NA,NA,NA,NA,NA,NA,NA,NA,NA,NA,NA,NA,NA
01/06/2026,12/31/2025,6,8,3.7,3.6,6,36,Accord,75,Middle,13,6.40%,NA,NA,NA,NA,NA,NA,NA,NA,NA,NA,NA,NA,NA,NA,NA,NA
01/06/2026,12/31/2025,6,8,3.7,3.6,6,36,Accord,75,Upper,13,6.40%,NA,NA,NA,NA,NA,NA,NA,NA,NA,NA,NA,NA,NA,NA,NA,NA
1/13/2026,12/31/2025,1,1,0.35,0.45,13,1,Jelly,150,Lower,30,47.00%,0.85,95.48,0.827,0.613,0.175,0.212,26.34,53.344,0.728,0.593,41.18,23.73,21.99,-1.74,NA,NA
1/13/2026,12/31/2025,1,1,0.35,0.45,13,1,Jelly,150,Middle,30,47.00%,0.95,107.833,0.916,0.611,0.186,0.203,29.65,52.93,0.718,0.617,41.95,23.98,22.39,-1.59,NA,NA
1/13/2026,12/31/2025,1,1,0.35,0.45,13,1,Jelly,150,Upper,30,47.00%,0.84,138.295,0.938,0.596,0.196,0.209,37.09,49.126,0.716,0.585,42.4,24.23,22.71,-1.52,NA,NA
1/13/2026,12/31/2025,2,2,0.5,0.9,13,2,Maris_Peer,0,Lower,13,18.30%,NA,NA,NA,NA,NA,NA,NA,NA,NA,NA,NA,NA,NA,NA,NA,NA
1/13/2026,12/31/2025,2,2,0.5,0.9,13,2,Maris_Peer,0,Middle,13,18.30%,NA,NA,NA,NA,NA,NA,NA,NA,NA,NA,NA,NA,NA,NA,NA,NA
1/13/2026,12/31/2025,2,2,0.5,0.9,13,2,Maris_Peer,0,Upper,13,18.30%,NA,NA,NA,NA,NA,NA,NA,NA,NA,NA,NA,NA,NA,NA,NA,NA
1/13/2026,12/31/2025,3,3,0.35,1.35,13,3,Maris_Peer,150,Lower,13.5,16.20%,1.12,38.72,0.801,0.64,0.16,0.2,11.15,53.244,0.73,0.655,35.83,27.79,25.39,-2.4,NA,NA
1/13/2026,12/31/2025,3,3,0.35,1.35,13,3,Maris_Peer,150,Middle,13.5,16.20%,0.5,99.402,0.859,0.631,0.171,0.199,28.23,45.901,0.724,0.651,37.79,27.95,25.57,-2.38,NA,NA
1/13/2026,12/31/2025,3,3,0.35,1.35,13,3,Maris_Peer,150,Upper,13.5,16.20%,1.25,130.247,0.859,0.622,0.175,0.203,36.46,45.123,0.724,0.627,39.9,28.23,25.53,-2.7,NA,NA
1/13/2026,12/31/2025,4,4,0.5,1.8,13,4,Jelly,150,Lower,26,44.80%,0.75,90.035,0.842,0.607,0.18,0.214,24.59,45.819,0.726,0.582,41.83,24.6,23.29,-1.31,NA,NA
1/13/2026,12/31/2025,4,4,0.5,1.8,13,4,Jelly,150,Middle,26,44.80%,0.65,115.599,0.925,0.603,0.191,0.206,31.37,48.128,0.717,0.599,42.72,24.91,23.85,-1.06,NA,NA
1/13/2026,12/31/2025,4,4,0.5,1.8,13,4,Jelly,150,Upper,26,44.80%,0.67,165.437,0.925,0.592,0.196,0.212,44.07,54.235,0.717,0.573,42.08,25.35,24.19,-1.16,NA,NA
1/13/2026,01/03/2026,5,5,0.35,2.25,10,5,Accord,0,Lower,39,42.30%,0.55,55.886,0.709,0.64,0.149,0.211,16.1,44.396,0.741,0.622,51.95,23.41,22.71,-0.7,NA,NA
1/13/2026,01/03/2026,5,5,0.35,2.25,10,5,Accord,0,Middle,39,42.30%,0.49,41.441,0.812,0.642,0.16,0.198,11.97,38.504,0.729,0.666,50.56,24.7,23.15,-1.55,NA,NA
1/13/2026,01/03/2026,5,5,0.35,2.25,10,5,Accord,0,Upper,39,42.30%,0.6,100.171,0.806,0.637,0.162,0.201,28.71,47.701,0.73,0.65,46.22,25.82,24.19,-1.63,NA,NA
1/13/2026,01/02/2026,6,6,0.5,2.7,11,6,Jelly,150,Lower,19,19.80%,0.76,99.334,0.829,0.604,0.179,0.216,27,51.381,0.727,0.572,40.64,25.97,24.71,-1.26,NA,NA
1/13/2026,01/02/2026,6,6,0.5,2.7,11,6,Jelly,150,Middle,19,19.80%,0.88,116.155,0.9,0.611,0.184,0.205,31.94,49.206,0.72,0.612,41.45,26.44,24.71,-1.73,NA,NA
1/13/2026,01/02/2026,6,6,0.5,2.7,11,6,Jelly,150,Upper,19,19.80%,0.93,123.727,0.865,0.575,0.197,0.228,32.01,49,0.724,0.516,40.68,26.91,24.27,-2.64,NA,NA
1/13/2026,01/01/2026,7,7,0.35,3.15,12,7,Accord,150,Lower,28,24.20%,0.15,81.41,0.819,0.637,0.163,0.199,23.34,35.565,0.728,0.655,44.38,26.72,24.67,-2.05,NA,NA
1/13/2026,01/01/2026,7,7,0.35,3.15,12,7,Accord,150,Middle,28,24.20%,0.82,78.578,0.839,0.625,0.171,0.204,22.1,36.621,0.726,0.628,44.36,27.38,24.43,-2.95,NA,NA
1/13/2026,01/01/2026,7,7,0.35,3.15,12,7,Accord,150,Upper,28,24.20%,0.78,109.686,0.811,0.645,0.159,0.196,31.84,45.765,0.729,0.674,41.92,27.94,24.71,-3.23,NA,NA
1/13/2026,01/03/2026,8,8,0.5,3.6,10,8,Jelly,0,Lower,26,31.80%,NA,NA,NA,NA,NA,NA,NA,NA,NA,NA,NA,NA,NA,NA,NA,NA
1/13/2026,01/03/2026,8,8,0.5,3.6,10,8,Jelly,0,Middle,26,31.80%,NA,NA,NA,NA,NA,NA,NA,NA,NA,NA,NA,NA,NA,NA,NA,NA
1/13/2026,01/03/2026,8,8,0.5,3.6,10,8,Jelly,0,Upper,26,31.80%,NA,NA,NA,NA,NA,NA,NA,NA,NA,NA,NA,NA,NA,NA,NA,NA
1/13/2026,01/02/2026,1,1,1,0.45,11,9,Accord,150,Lower,23.5,25.50%,0.78,56.896,0.786,0.639,0.159,0.202,16.36,41.404,0.732,0.648,40.22,28.21,25.05,-3.16,NA,NA
1/13/2026,01/02/2026,1,1,1,0.45,11,9,Accord,150,Middle,23.5,25.50%,0.63,66.252,0.801,0.633,0.163,0.204,18.87,37.704,0.73,0.637,41.27,28.29,24.61,-3.68,NA,NA
1/13/2026,01/02/2026,1,1,1,0.45,11,9,Accord,150,Upper,23.5,25.50%,0.74,116.088,0.847,0.636,0.167,0.197,33.22,42.76,0.725,0.662,40.13,29.44,25.87,-3.57,NA,NA
1/13/2026,01/02/2026,2,2,1,0.9,11,10,Maris_Peer,0,Lower,11,13.60%,NA,NA,NA,NA,NA,NA,NA,NA,NA,NA,NA,NA,NA,NA,NA,NA
1/13/2026,01/02/2026,2,2,1,0.9,11,10,Maris_Peer,0,Middle,11,13.60%,NA,NA,NA,NA,NA,NA,NA,NA,NA,NA,NA,NA,NA,NA,NA,NA
1/13/2026,01/02/2026,2,2,1,0.9,11,10,Maris_Peer,0,Upper,11,13.60%,NA,NA,NA,NA,NA,NA,NA,NA,NA,NA,NA,NA,NA,NA,NA,NA
1/13/2026,01/01/2026,3,3,1,1.35,12,11,Accord,0,Lower,27,34.00%,0.36,93.98,0.761,0.627,0.161,0.212,26.52,44.133,0.735,0.608,39.24,29.41,25.67,-3.74,NA,NA
1/13/2026,01/01/2026,3,3,1,1.35,12,11,Accord,0,Middle,27,34.00%,0.69,97.789,0.804,0.619,0.17,0.211,27.24,36.952,0.73,0.601,41.95,29.53,25.63,-3.9,NA,NA
1/13/2026,01/01/2026,3,3,1,1.35,12,11,Accord,0,Upper,27,34.00%,0.42,66.899,0.911,0.661,0.162,0.178,19.9,38.452,0.719,0.762,39.48,29.78,25.77,-4.01,NA,NA
1/13/2026,01/01/2026,4,4,1,1.8,12,12,Maris_Peer,0,Lower,16.5,19.50%,NA,NA,NA,NA,NA,NA,NA,NA,NA,NA,NA,NA,NA,NA,NA,NA
1/13/2026,01/01/2026,4,4,1,1.8,12,12,Maris_Peer,0,Middle,16.5,19.50%,NA,NA,NA,NA,NA,NA,NA,NA,NA,NA,NA,NA,NA,NA,NA,NA
1/13/2026,01/01/2026,4,4,1,1.8,12,12,Maris_Peer,0,Upper,16.5,19.50%,NA,NA,NA,NA,NA,NA,NA,NA,NA,NA,NA,NA,NA,NA,NA,NA
1/13/2026,01/04/2026,5,5,1,2.25,9,13,Maris_Peer,150,Lower,7,9.20%,0.48,91.639,1.024,0.609,0.198,0.193,25.11,42.863,0.707,0.645,37.67,24.1,23.35,-0.75,NA,NA
1/13/2026,01/04/2026,5,5,1,2.25,9,13,Maris_Peer,150,Middle,7,9.20%,0.81,88.936,1.048,0.615,0.197,0.188,24.61,44.445,0.704,0.672,39.54,24.3,23.67,-0.63,NA,NA
1/13/2026,01/04/2026,5,5,1,2.25,9,13,Maris_Peer,150,Upper,7,9.20%,0.8,90.688,0.913,0.634,0.175,0.191,25.87,48.193,0.718,0.679,40.23,24.5,23.43,-1.07,NA,NA
1/13/2026,01/02/2026,1,1,1.6,0.45,11,14,Maris_Peer,150,Lower,17,18.80%,NA,NA,NA,NA,NA,NA,NA,NA,NA,NA,NA,NA,NA,NA,NA,NA
1/13/2026,01/02/2026,1,1,1.6,0.45,11,14,Maris_Peer,150,Middle,17,18.80%,NA,NA,NA,NA,NA,NA,NA,NA,NA,NA,NA,NA,NA,NA,NA,NA
1/13/2026,01/02/2026,1,1,1.6,0.45,11,14,Maris_Peer,150,Upper,17,18.80%,NA,NA,NA,NA,NA,NA,NA,NA,NA,NA,NA,NA,NA,NA,NA,NA
1/13/2026,12/31/2025,2,2,1.6,0.9,13,15,Accord,150,Lower,35.5,35.50%,0.56,81.284,0.75,0.624,0.161,0.215,22.82,38.999,0.736,0.595,39.41,25.33,24.03,-1.3,NA,NA
1/13/2026,12/31/2025,2,2,1.6,0.9,13,15,Accord,150,Middle,35.5,35.50%,0.74,70.937,0.753,0.625,0.161,0.214,19.95,41.329,0.736,0.598,41.05,25.52,23.95,-1.57,NA,NA
1/13/2026,12/31/2025,2,2,1.6,0.9,13,15,Accord,150,Upper,35.5,35.50%,0.41,111.527,0.776,0.628,0.163,0.209,31.52,47.297,0.733,0.614,41.5,25.81,24.33,-1.48,NA,NA
1/13/2026,12/31/2025,3,3,1.6,1.35,13,16,Jelly,0,Lower,30.5,47.20%,NA,NA,NA,NA,NA,NA,NA,NA,NA,NA,NA,NA,NA,NA,NA,NA
1/13/2026,12/31/2025,3,3,1.6,1.35,13,16,Jelly,0,Middle,30.5,47.20%,NA,NA,NA,NA,NA,NA,NA,NA,NA,NA,NA,NA,NA,NA,NA,NA
1/13/2026,12/31/2025,3,3,1.6,1.35,13,16,Jelly,0,Upper,30.5,47.20%,NA,NA,NA,NA,NA,NA,NA,NA,NA,NA,NA,NA,NA,NA,NA,NA
1/13/2026,01/02/2026,4,4,1.6,1.8,11,17,Maris_Peer,0,Lower,13.5,15.70%,NA,NA,NA,NA,NA,NA,NA,NA,NA,NA,NA,NA,NA,NA,NA,NA
1/13/2026,01/02/2026,4,4,1.6,1.8,11,17,Maris_Peer,0,Middle,13.5,15.70%,NA,NA,NA,NA,NA,NA,NA,NA,NA,NA,NA,NA,NA,NA,NA,NA
1/13/2026,01/02/2026,4,4,1.6,1.8,11,17,Maris_Peer,0,Upper,13.5,15.70%,NA,NA,NA,NA,NA,NA,NA,NA,NA,NA,NA,NA,NA,NA,NA,NA
1/13/2026,01/03/2026,5,5,1.6,2.25,10,18,Jelly,75,Lower,23.5,26.50%,0.74,40.805,0.933,0.617,0.185,0.198,11.33,39.18,0.716,0.637,37.29,28.47,25.05,-3.42,NA,NA
1/13/2026,01/03/2026,5,5,1.6,2.25,10,18,Jelly,75,Middle,23.5,26.50%,0.61,109.155,0.894,0.617,0.181,0.202,30.31,49.105,0.72,0.624,38.28,28.49,25.23,-3.26,NA,NA
1/13/2026,01/03/2026,5,5,1.6,2.25,10,18,Jelly,75,Upper,23.5,26.50%,0.71,93.913,0.989,0.624,0.187,0.189,26.37,50.603,0.71,0.676,38.14,28.75,25.29,-3.46,NA,NA
1/13/2026,01/01/2026,1,1,2.2,0.45,12,19,Accord,75,Lower,29.5,21.90%,1,107.152,0.808,0.614,0.173,0.214,29.61,44.574,0.73,0.588,40.71,26.84,25.53,-1.31,NA,NA
1/13/2026,01/01/2026,1,1,2.2,0.45,12,19,Accord,75,Middle,29.5,21.90%,0.39,90.75,0.807,0.645,0.158,0.196,26.34,45.272,0.73,0.647,40,26.99,25.43,-1.56,NA,NA
1/13/2026,01/01/2026,1,1,2.2,0.45,12,19,Accord,75,Upper,29.5,21.90%,0.49,105.438,0.82,0.647,0.159,0.194,30.7,49.108,0.728,0.684,40.78,27.14,25.39,-1.75,NA,NA
1/13/2026,01/01/2026,2,2,2.2,0.9,12,20,Accord,75,Lower,31.5,25.50%,0.86,66.808,0.78,0.644,0.156,0.2,19.36,45.2,0.733,0.659,41.4,27.41,25.23,-2.18,NA,NA
1/13/2026,01/01/2026,2,2,2.2,0.9,12,20,Accord,75,Middle,31.5,25.50%,0.84,129.387,0.814,0.627,0.167,0.205,36.51,45.371,0.729,0.626,40.43,27.55,25.43,-2.12,NA,NA
1/13/2026,01/01/2026,2,2,2.2,0.9,12,20,Accord,75,Upper,31.5,25.50%,0.78,163.194,0.916,0.617,0.183,0.2,45.31,45.885,0.718,0.632,39.83,27.74,26.79,-0.95,NA,NA
1/13/2026,01/04/2026,3,3,2.2,1.35,9,21,Jelly,75,Lower,25,28.30%,0.85,67.278,0.872,0.628,0.173,0.199,19.01,54.596,0.723,0.648,37.7,28.84,25.09,3.75,NA,NA
1/13/2026,01/04/2026,3,3,2.2,1.35,9,21,Jelly,75,Middle,25,28.30%,0.84,129.609,0.901,0.604,0.188,0.208,35.23,50.82,0.72,0.595,38.19,28.83,25.05,-3.78,NA,NA
1/13/2026,01/04/2026,3,3,2.2,1.35,9,21,Jelly,75,Upper,25,28.30%,0.76,126.338,0.975,0.614,0.19,0.195,34.91,53.319,0.712,0.645,39.31,29.02,25.33,-3.69,NA,NA
1/13/2026,12/31/2025,4,4,2.2,1.8,13,22,Maris_Peer,150,Lower,18.5,14.00%,NA,NA,NA,NA,NA,NA,NA,NA,NA,NA,NA,NA,NA,NA,NA,NA
1/13/2026,12/31/2025,4,4,2.2,1.8,13,22,Maris_Peer,150,Middle,18.5,14.00%,NA,NA,NA,NA,NA,NA,NA,NA,NA,NA,NA,NA,NA,NA,NA,NA
1/13/2026,12/31/2025,4,4,2.2,1.8,13,22,Maris_Peer,150,Upper,18.5,14.00%,NA,NA,NA,NA,NA,NA,NA,NA,NA,NA,NA,NA,NA,NA,NA,NA
1/13/2026,01/02/2026,5,5,2.2,2.25,11,23,Maris_Peer,75,Lower,15,22.50%,NA,NA,NA,NA,NA,NA,NA,NA,NA,NA,NA,NA,NA,NA,NA,NA
1/13/2026,01/02/2026,5,5,2.2,2.25,11,23,Maris_Peer,75,Middle,15,22.50%,NA,NA,NA,NA,NA,NA,NA,NA,NA,NA,NA,NA,NA,NA,NA,NA
1/13/2026,01/02/2026,5,5,2.2,2.25,11,23,Maris_Peer,75,Upper,15,22.50%,NA,NA,NA,NA,NA,NA,NA,NA,NA,NA,NA,NA,NA,NA,NA,NA
1/13/2026,01/04/2026,1,1,2.8,0.45,9,24,Maris_Peer,75,Lower,10.3,7.90%,NA,NA,NA,NA,NA,NA,NA,NA,NA,NA,NA,NA,NA,NA,NA,NA
1/13/2026,01/04/2026,1,1,2.8,0.45,9,24,Maris_Peer,75,Middle,10.3,7.90%,NA,NA,NA,NA,NA,NA,NA,NA,NA,NA,NA,NA,NA,NA,NA,NA
1/13/2026,01/04/2026,1,1,2.8,0.45,9,24,Maris_Peer,75,Upper,10.3,7.90%,NA,NA,NA,NA,NA,NA,NA,NA,NA,NA,NA,NA,NA,NA,NA,NA
1/13/2026,01/01/2026,2,2,2.8,0.9,12,25,Jelly,75,Lower,23,28.60%,0.49,109.84,1.075,0.563,0.226,0.21,27.83,34.953,0.702,0.548,37.22,29.26,25.63,-3.63,NA,NA
1/13/2026,01/01/2026,2,2,2.8,0.9,12,25,Jelly,75,Middle,23,28.60%,0.53,93.911,0.911,0.62,0.181,0.199,26.2,46.681,0.719,0.639,37.71,29.3,25.81,-3.49,NA,NA
1/13/2026,01/01/2026,2,2,2.8,0.9,12,25,Jelly,75,Upper,23,28.60%,0.56,121.823,0.932,0.613,0.186,0.2,33.6,47.592,0.716,0.628,37.64,29.36,26.25,3.11,NA,NA
1/13/2026,01/01/2026,3,3,2.8,1.35,12,26,Jelly,0,Lower,28,33.80%,NA,NA,NA,NA,NA,NA,NA,NA,NA,NA,NA,NA,NA,NA,NA,NA
1/13/2026,01/01/2026,3,3,2.8,1.35,12,26,Jelly,0,Middle,28,33.80%,NA,NA,NA,NA,NA,NA,NA,NA,NA,NA,NA,NA,NA,NA,NA,NA
1/13/2026,01/01/2026,3,3,2.8,1.35,12,26,Jelly,0,Upper,28,33.80%,NA,NA,NA,NA,NA,NA,NA,NA,NA,NA,NA,NA,NA,NA,NA,NA
1/13/2026,01/01/2026,4,4,2.8,1.8,12,27,Jelly,75,Lower,30,51.70%,0.87,46.268,0.921,0.635,0.175,0.19,13.22,48.651,0.718,0.686,39.94,29.45,25.67,-3.78,NA,NA
1/13/2026,01/01/2026,4,4,2.8,1.8,12,27,Jelly,75,Middle,30,51.70%,0.48,115.805,0.942,0.611,0.189,0.201,31.84,45.497,0.715,0.624,38.36,29.45,25.91,-3.54,NA,NA
1/13/2026,01/01/2026,4,4,2.8,1.8,12,27,Jelly,75,Upper,30,51.70%,0.92,121.854,0.977,0.617,0.189,0.194,33.83,52.666,0.712,0.653,37.67,29.55,26.47,-3.08,NA,NA
1/13/2026,01/02/2026,5,5,2.8,2.25,11,28,Jelly,150,Lower,34,41.00%,1.2,50.186,0.968,0.62,0.187,0.193,14,47.575,0.713,0.659,40.05,27.46,24.95,-2.51,NA,NA
1/13/2026,01/02/2026,5,5,2.8,2.25,11,28,Jelly,150,Middle,34,41.00%,0.39,92.067,0.982,0.612,0.192,0.196,25.36,42.632,0.711,0.641,39.82,27.88,25.19,-2.69,NA,NA
1/13/2026,01/02/2026,5,5,2.8,2.25,11,28,Jelly,150,Upper,34,41.00%,1.14,120.215,0.946,0.617,0.186,0.197,33.38,59.263,0.715,0.643,38.86,28.27,24.85,-3.42,NA,NA
1/13/2026,12/31/2025,1,1,3.5,0.45,13,29,Accord,0,Lower,35.9,42.00%,0.83,58.762,0.833,0.637,0.165,0.198,16.84,41.387,0.727,0.659,39.94,24.79,23.73,-1.06,NA,NA
1/13/2026,12/31/2025,1,1,3.5,0.45,13,29,Accord,0,Middle,35.9,42.00%,0.8,77.897,0.875,0.625,0.175,0.2,21.91,36.62,0.722,0.641,39.46,25.07,23.99,-1.08,NA,NA
1/13/2026,12/31/2025,1,1,3.5,0.45,13,29,Accord,0,Upper,35.9,42.00%,1.04,84.423,0.916,0.642,0.171,0.187,24.39,50.935,0.718,0.704,39.11,25.35,24.09,-1.26,NA,NA
1/13/2026,12/31/2025,2,2,3.7,0.9,13,30,Accord,150,Lower,32,26.00%,0.71,57.306,0.871,0.624,0.175,0.201,16.09,41.832,0.723,0.636,40.6,26.08,24.81,-1.27,NA,NA
1/13/2026,12/31/2025,2,2,3.7,0.9,13,30,Accord,150,Middle,32,26.00%,0.59,68.368,0.826,0.631,0.167,0.202,19.41,39.564,0.728,0.639,40.98,26.24,24.47,-1.77,NA,NA
1/13/2026,12/31/2025,2,2,3.7,0.9,13,30,Accord,150,Upper,32,26.00%,0.85,109.874,0.695,0.621,0.155,0.223,30.7,37.715,0.742,0.57,40.82,26.44,24.43,-2.01,NA,NA
1/13/2026,12/31/2025,3,3,3.5,1.35,13,31,Accord,0,Lower,30,26.70%,NA,NA,NA,NA,NA,NA,NA,NA,NA,NA,NA,NA,NA,NA,NA,NA
1/13/2026,12/31/2025,3,3,3.5,1.35,13,31,Accord,0,Middle,30,26.70%,NA,NA,NA,NA,NA,NA,NA,NA,NA,NA,NA,NA,NA,NA,NA,NA
1/13/2026,12/31/2025,3,3,3.5,1.35,13,31,Accord,0,Upper,30,26.70%,NA,NA,NA,NA,NA,NA,NA,NA,NA,NA,NA,NA,NA,NA,NA,NA
1/13/2026,12/30/2025,4,4,3.7,1.8,14,32,Accord,75,Lower,28.5,24.70%,0.64,135.685,0.836,0.606,0.201,0.193,37,46.047,0.705,0.644,37.94,28.61,25.87,-2.74,NA,NA
1/13/2026,12/30/2025,4,4,3.7,1.8,14,32,Accord,75,Middle,28.5,24.70%,0.86,40.188,0.845,0.652,0.158,0.189,0.79,40.974,0.727,0.705,37.19,27.73,26.61,-1.12,NA,NA
1/13/2026,12/30/2025,4,4,3.7,1.8,14,32,Accord,75,Upper,28.5,24.70%,0.47,95.671,1.04,0.627,0.171,0.202,26.99,40.139,0.726,0.637,39.7,28.26,25.77,-2.49,NA,NA
1/13/2026,01/01/2026,5,5,3.5,2.25,12,33,Maris_Peer,75,Lower,13,17.00%,NA,NA,NA,NA,NA,NA,NA,NA,NA,NA,NA,NA,NA,NA,NA,NA
1/13/2026,01/01/2026,5,5,3.5,2.25,12,33,Maris_Peer,75,Middle,13,17.00%,NA,NA,NA,NA,NA,NA,NA,NA,NA,NA,NA,NA,NA,NA,NA,NA
1/13/2026,01/01/2026,5,5,3.5,2.25,12,33,Maris_Peer,75,Upper,13,17.00%,NA,NA,NA,NA,NA,NA,NA,NA,NA,NA,NA,NA,NA,NA,NA,NA
1/13/2026,01/05/2026,6,6,3.7,2.7,8,34,Maris_Peer,75,Lower,6.3,8.50%,NA,NA,NA,NA,NA,NA,NA,NA,NA,NA,NA,NA,NA,NA,NA,NA
1/13/2026,01/05/2026,6,6,3.7,2.7,8,34,Maris_Peer,75,Middle,6.3,8.50%,NA,NA,NA,NA,NA,NA,NA,NA,NA,NA,NA,NA,NA,NA,NA,NA
1/13/2026,01/05/2026,6,6,3.7,2.7,8,34,Maris_Peer,75,Upper,6.3,8.50%,NA,NA,NA,NA,NA,NA,NA,NA,NA,NA,NA,NA,NA,NA,NA,NA
1/13/2026,01/01/2026,7,7,3.5,3.15,12,35,Jelly,0,Lower,31.5,31.00%,NA,NA,NA,NA,NA,NA,NA,NA,NA,NA,NA,NA,NA,NA,NA,NA
1/13/2026,01/01/2026,7,7,3.5,3.15,12,35,Jelly,0,Middle,31.5,31.00%,NA,NA,NA,NA,NA,NA,NA,NA,NA,NA,NA,NA,NA,NA,NA,NA
1/13/2026,01/01/2026,7,7,3.5,3.15,12,35,Jelly,0,Upper,31.5,31.00%,NA,NA,NA,NA,NA,NA,NA,NA,NA,NA,NA,NA,NA,NA,NA,NA
1/13/2026,12/31/2025,8,8,3.7,3.6,13,36,Accord,75,Lower,34,36.20%,1.01,59.357,0.842,0.65,0.156,0.194,17.336,41.921,0.73,0.688,37.87,28.82,25.47,-3.35,NA,NA
1/13/2026,12/31/2025,8,8,3.7,3.6,13,36,Accord,75,Middle,34,36.20%,0.9,85.629,0.803,0.642,0.166,0.193,24.74,45.53,0.724,0.683,38,29.02,26.25,-2.77,NA,NA
1/13/2026,12/31/2025,8,8,3.7,3.6,13,36,Accord,75,Upper,34,36.20%,0.86,23.543,0.861,0.662,0.154,0.183,7.01,36.487,0.726,0.741,38.72,28.7,25.67,-3.03,NA,NA
1/16/2026,12/31/2025,1,1,0.35,0.45,16,1,Jelly,150,Lower,39.5,54.00%,NA,NA,NA,NA,NA,NA,NA,NA,NA,NA,NA,NA,NA,NA,NA,NA
1/16/2026,12/31/2025,1,1,0.35,0.45,16,1,Jelly,150,Middle,39.5,54.00%,NA,NA,NA,NA,NA,NA,NA,NA,NA,NA,NA,NA,NA,NA,NA,NA
1/16/2026,12/31/2025,1,1,0.35,0.45,16,1,Jelly,150,Upper,39.5,54.00%,NA,NA,NA,NA,NA,NA,NA,NA,NA,NA,NA,NA,NA,NA,NA,NA
1/16/2026,12/31/2025,2,2,0.5,0.9,16,2,Maris_Peer,0,Lower,18,28.00%,0.97,205.421,0.853,0.576,0.195,0.229,53.25,48.986,0.725,0.515,35.42,28.79,26.43,-2.36,NA,NA
1/16/2026,12/31/2025,2,2,0.5,0.9,16,2,Maris_Peer,0,Middle,18,28.00%,0.66,196.904,0.864,0.595,0.188,0.218,52.72,50.331,0.724,0.56,38.95,29.05,27.11,-1.94,NA,NA
1/16/2026,12/31/2025,2,2,0.5,0.9,16,2,Maris_Peer,0,Upper,18,28.00%,1.17,353.211,0.993,0.554,0.222,0.224,88.06,48.3,0.71,0.508,41.22,29.4,27.57,-1.83,NA,NA
1/16/2026,12/31/2025,3,3,0.35,1.35,16,3,Maris_Peer,150,Lower,18.5,21.50%,NA,NA,NA,NA,NA,NA,NA,NA,NA,NA,NA,NA,NA,NA,NA,NA
1/16/2026,12/31/2025,3,3,0.35,1.35,16,3,Maris_Peer,150,Middle,18.5,21.50%,NA,NA,NA,NA,NA,NA,NA,NA,NA,NA,NA,NA,NA,NA,NA,NA
1/16/2026,12/31/2025,3,3,0.35,1.35,16,3,Maris_Peer,150,Upper,18.5,21.50%,NA,NA,NA,NA,NA,NA,NA,NA,NA,NA,NA,NA,NA,NA,NA,NA
1/16/2026,12/31/2025,4,4,0.5,1.8,16,4,Jelly,150,Lower,32.5,46.00%,NA,NA,NA,NA,NA,NA,NA,NA,NA,NA,NA,NA,NA,NA,NA,NA
1/16/2026,12/31/2025,4,4,0.5,1.8,16,4,Jelly,150,Middle,32.5,46.00%,NA,NA,NA,NA,NA,NA,NA,NA,NA,NA,NA,NA,NA,NA,NA,NA
1/16/2026,12/31/2025,4,4,0.5,1.8,16,4,Jelly,150,Upper,32.5,46.00%,NA,NA,NA,NA,NA,NA,NA,NA,NA,NA,NA,NA,NA,NA,NA,NA
1/16/2026,01/03/2026,5,5,0.35,2.25,13,5,Accord,0,Lower,47.5,57.80%,NA,NA,NA,NA,NA,NA,NA,NA,NA,NA,NA,NA,NA,NA,NA,NA
1/16/2026,01/03/2026,5,5,0.35,2.25,13,5,Accord,0,Middle,47.5,57.80%,NA,NA,NA,NA,NA,NA,NA,NA,NA,NA,NA,NA,NA,NA,NA,NA
1/16/2026,01/03/2026,5,5,0.35,2.25,13,5,Accord,0,Upper,47.5,57.80%,NA,NA,NA,NA,NA,NA,NA,NA,NA,NA,NA,NA,NA,NA,NA,NA
1/16/2026,01/02/2026,6,6,0.5,2.7,14,6,Jelly,150,Lower,23.5,23.30%,NA,NA,NA,NA,NA,NA,NA,NA,NA,NA,NA,NA,NA,NA,NA,NA
1/16/2026,01/02/2026,6,6,0.5,2.7,14,6,Jelly,150,Middle,23.5,23.30%,NA,NA,NA,NA,NA,NA,NA,NA,NA,NA,NA,NA,NA,NA,NA,NA
1/16/2026,01/02/2026,6,6,0.5,2.7,14,6,Jelly,150,Upper,23.5,23.30%,NA,NA,NA,NA,NA,NA,NA,NA,NA,NA,NA,NA,NA,NA,NA,NA
1/16/2026,01/01/2026,7,7,0.35,3.15,15,7,Accord,150,Lower,36,32.70%,NA,NA,NA,NA,NA,NA,NA,NA,NA,NA,NA,NA,NA,NA,NA,NA
1/16/2026,01/01/2026,7,7,0.35,3.15,15,7,Accord,150,Middle,36,32.70%,NA,NA,NA,NA,NA,NA,NA,NA,NA,NA,NA,NA,NA,NA,NA,NA
1/16/2026,01/01/2026,7,7,0.35,3.15,15,7,Accord,150,Upper,36,32.70%,NA,NA,NA,NA,NA,NA,NA,NA,NA,NA,NA,NA,NA,NA,NA,NA
1/16/2026,01/03/2026,8,8,0.5,3.6,13,8,Jelly,0,Lower,36.5,40.00%,0.78,69.954,0.993,0.611,0.194,0.195,19.23,46.099,0.71,0.641,46.87,25.72,23.81,-1.91,NA,NA
1/16/2026,01/03/2026,8,8,0.5,3.6,13,8,Jelly,0,Middle,36.5,40.00%,0.74,126.419,0.841,0.599,0.183,0.218,34.08,52.069,0.726,0.563,44.18,26.33,24.33,2,NA,NA
1/16/2026,01/03/2026,8,8,0.5,3.6,13,8,Jelly,0,Upper,36.5,40.00%,0.81,120.892,0.954,0.614,0.188,0.197,33.4,56.59,0.714,0.637,45.28,26.72,24.61,-2.11,NA,NA
1/16/2026,01/02/2026,1,1,1,0.45,14,9,Accord,150,Lower,31,32.10%,NA,NA,NA,NA,NA,NA,NA,NA,NA,NA,NA,NA,NA,NA,NA,NA
1/16/2026,01/02/2026,1,1,1,0.45,14,9,Accord,150,Middle,31,32.10%,NA,NA,NA,NA,NA,NA,NA,NA,NA,NA,NA,NA,NA,NA,NA,NA
1/16/2026,01/02/2026,1,1,1,0.45,14,9,Accord,150,Upper,31,32.10%,NA,NA,NA,NA,NA,NA,NA,NA,NA,NA,NA,NA,NA,NA,NA,NA
1/16/2026,01/02/2026,2,2,1,0.9,14,10,Maris_Peer,0,Lower,16,18.50%,0.51,73.834,0.878,0.619,0.178,0.203,20.57,47.51,0.722,0.624,33.82,30.52,28.07,-2.45,NA,NA
1/16/2026,01/02/2026,2,2,1,0.9,14,10,Maris_Peer,0,Middle,16,18.50%,0.73,132.974,0.876,0.61,0.182,0.208,36.5,47.866,0.722,0.601,32.96,30.56,28.17,-2.39,NA,NA
1/16/2026,01/02/2026,2,2,1,0.9,14,10,Maris_Peer,0,Upper,16,18.50%,0.79,157.157,0.914,0.616,0.183,0.201,43.56,51.762,0.718,0.628,33.04,30.65,27.93,-2.72,NA,NA
1/16/2026,01/01/2026,3,3,1,1.35,15,11,Accord,0,Lower,34.5,46.10%,NA,NA,NA,NA,NA,NA,NA,NA,NA,NA,NA,NA,NA,NA,NA,NA
1/16/2026,01/01/2026,3,3,1,1.35,15,11,Accord,0,Middle,34.5,46.10%,NA,NA,NA,NA,NA,NA,NA,NA,NA,NA,NA,NA,NA,NA,NA,NA
1/16/2026,01/01/2026,3,3,1,1.35,15,11,Accord,0,Upper,34.5,46.10%,NA,NA,NA,NA,NA,NA,NA,NA,NA,NA,NA,NA,NA,NA,NA,NA
1/16/2026,01/01/2026,4,4,1,1.8,15,12,Maris_Peer,0,Lower,19,26.00%,0.86,116.295,0.847,0.605,0.181,0.214,31.66,42.906,0.725,0.581,35.59,29.97,28.89,-1.08,NA,NA
1/16/2026,01/01/2026,4,4,1,1.8,15,12,Maris_Peer,0,Middle,19,26.00%,0.46,152.242,0.835,0.605,0.18,0.215,41.45,46.113,0.727,0.575,37.16,30.13,28.43,-1.7,NA,NA
1/16/2026,01/01/2026,4,4,1,1.8,15,12,Maris_Peer,0,Upper,19,26.00%,0.73,172.61,0.927,0.613,0.186,0.201,47.61,47.218,0.717,0.626,35.01,30.4,28.21,-2.19,NA,NA
1/16/2026,01/04/2026,5,5,1,2.25,12,13,Maris_Peer,150,Lower,10.5,12.00%,NA,NA,NA,NA,NA,NA,NA,NA,NA,NA,NA,NA,NA,NA,NA,NA
1/16/2026,01/04/2026,5,5,1,2.25,12,13,Maris_Peer,150,Middle,10.5,12.00%,NA,NA,NA,NA,NA,NA,NA,NA,NA,NA,NA,NA,NA,NA,NA,NA
1/16/2026,01/04/2026,5,5,1,2.25,12,13,Maris_Peer,150,Upper,10.5,12.00%,NA,NA,NA,NA,NA,NA,NA,NA,NA,NA,NA,NA,NA,NA,NA,NA
1/16/2026,01/02/2026,1,1,1.6,0.45,14,14,Maris_Peer,150,Lower,21,24.80%,0.71,215.499,0.857,0.569,0.199,0.232,55.18,43.658,0.724,0.503,29.69,30.59,27.53,-3.06,NA,NA
1/16/2026,01/02/2026,1,1,1.6,0.45,14,14,Maris_Peer,150,Middle,21,24.80%,1.07,209.374,0.911,0.577,0.202,0.221,54.36,47.199,0.719,0.534,32.52,30.66,27.61,-3.05,NA,NA
1/16/2026,01/02/2026,1,1,1.6,0.45,14,14,Maris_Peer,150,Upper,21,24.80%,0.9,527.141,1.177,0.515,0.262,0.223,122.16,46.666,0.692,0.473,32.94,30.94,28.35,-2.59,NA,NA
1/16/2026,12/31/2025,2,2,1.6,0.9,16,15,Accord,150,Lower,42,47.40%,NA,NA,NA,NA,NA,NA,NA,NA,NA,NA,NA,NA,NA,NA,NA,NA
1/16/2026,12/31/2025,2,2,1.6,0.9,16,15,Accord,150,Middle,42,47.40%,NA,NA,NA,NA,NA,NA,NA,NA,NA,NA,NA,NA,NA,NA,NA,NA
1/16/2026,12/31/2025,2,2,1.6,0.9,16,15,Accord,150,Upper,42,47.40%,NA,NA,NA,NA,NA,NA,NA,NA,NA,NA,NA,NA,NA,NA,NA,NA
1/16/2026,12/31/2025,3,3,1.6,1.35,16,16,Jelly,0,Lower,33.5,55.50%,0.42,87.615,0.9,0.599,0.19,0.211,23.62,45.121,0.72,0.582,41.33,27.17,25.23,-1.94,NA,NA
1/16/2026,12/31/2025,3,3,1.6,1.35,16,16,Jelly,0,Middle,33.5,55.50%,0.54,146.97,0.864,0.596,0.187,0.217,39.42,50.34,0.724,0.565,38.74,27.91,25.67,-2.24,NA,NA
1/16/2026,12/31/2025,3,3,1.6,1.35,16,16,Jelly,0,Upper,33.5,55.50%,0.64,285.226,0.962,0.561,0.215,0.224,72.01,50.374,0.713,0.514,38.73,28.42,26.11,-2.31,NA,NA
1/16/2026,01/02/2026,4,4,1.6,1.8,14,17,Maris_Peer,0,Lower,16.5,18.00%,0.8,125.291,0.854,0.591,0.188,0.22,33.32,44.352,0.725,0.55,31.87,30.63,27.75,-2.88,NA,NA
1/16/2026,01/02/2026,4,4,1.6,1.8,14,17,Maris_Peer,0,Middle,16.5,18.00%,0.64,169.168,0.928,0.584,0.2,0.216,44.46,49.301,0.717,0.554,31.43,30.68,27.61,-3.07,NA,NA
1/16/2026,01/02/2026,4,4,1.6,1.8,14,17,Maris_Peer,0,Upper,16.5,18.00%,0.75,183.43,0.995,0.589,0.205,0.206,48.62,51.461,0.71,0.587,30.98,30.75,27.71,-3.04,NA,NA
1/16/2026,01/03/2026,5,5,1.6,2.25,13,18,Jelly,75,Lower,31.5,30.50%,NA,NA,NA,NA,NA,NA,NA,NA,NA,NA,NA,NA,NA,NA,NA,NA
1/16/2026,01/03/2026,5,5,1.6,2.25,13,18,Jelly,75,Middle,31.5,30.50%,NA,NA,NA,NA,NA,NA,NA,NA,NA,NA,NA,NA,NA,NA,NA,NA
1/16/2026,01/03/2026,5,5,1.6,2.25,13,18,Jelly,75,Upper,31.5,30.50%,NA,NA,NA,NA,NA,NA,NA,NA,NA,NA,NA,NA,NA,NA,NA,NA
1/16/2026,01/01/2026,1,1,2.2,0.45,15,19,Accord,75,Lower,38,33.00%,NA,NA,NA,NA,NA,NA,NA,NA,NA,NA,NA,NA,NA,NA,NA,NA
1/16/2026,01/01/2026,1,1,2.2,0.45,15,19,Accord,75,Middle,38,33.00%,NA,NA,NA,NA,NA,NA,NA,NA,NA,NA,NA,NA,NA,NA,NA,NA
1/16/2026,01/01/2026,1,1,2.2,0.45,15,19,Accord,75,Upper,38,33.00%,NA,NA,NA,NA,NA,NA,NA,NA,NA,NA,NA,NA,NA,NA,NA,NA
1/16/2026,01/01/2026,2,2,2.2,0.9,15,20,Accord,75,Lower,40.5,40.00%,NA,NA,NA,NA,NA,NA,NA,NA,NA,NA,NA,NA,NA,NA,NA,NA
1/16/2026,01/01/2026,2,2,2.2,0.9,15,20,Accord,75,Middle,40.5,40.00%,NA,NA,NA,NA,NA,NA,NA,NA,NA,NA,NA,NA,NA,NA,NA,NA
1/16/2026,01/01/2026,2,2,2.2,0.9,15,20,Accord,75,Upper,40.5,40.00%,NA,NA,NA,NA,NA,NA,NA,NA,NA,NA,NA,NA,NA,NA,NA,NA
1/16/2026,01/04/2026,3,3,2.2,1.35,12,21,Jelly,75,Lower,29.5,26.30%,NA,NA,NA,NA,NA,NA,NA,NA,NA,NA,NA,NA,NA,NA,NA,NA
1/16/2026,01/04/2026,3,3,2.2,1.35,12,21,Jelly,75,Middle,29.5,26.30%,NA,NA,NA,NA,NA,NA,NA,NA,NA,NA,NA,NA,NA,NA,NA,NA
1/16/2026,01/04/2026,3,3,2.2,1.35,12,21,Jelly,75,Upper,29.5,26.30%,NA,NA,NA,NA,NA,NA,NA,NA,NA,NA,NA,NA,NA,NA,NA,NA
1/16/2026,12/31/2025,4,4,2.2,1.8,16,22,Maris_Peer,150,Lower,23.5,19.20%,0.49,101.401,0.995,0.524,0.237,0.238,23.91,43.788,0.71,0.451,31.88,32,29.15,-2.85,NA,NA
1/16/2026,12/31/2025,4,4,2.2,1.8,16,22,Maris_Peer,150,Middle,23.5,19.20%,0.74,110.927,0.841,0.592,0.186,0.222,29.55,48.235,0.726,0.547,31.2,31.97,29.55,-2.42,NA,NA
1/16/2026,12/31/2025,4,4,2.2,1.8,16,22,Maris_Peer,150,Upper,23.5,19.20%,0.84,154.228,0.897,0.603,0.187,0.209,41.85,56.471,0.72,0.591,30.83,31.98,29.05,-2.93,NA,NA
1/16/2026,01/02/2026,5,5,2.2,2.25,14,23,Maris_Peer,75,Lower,22.5,28.00%,0.35,65.277,0.759,0.617,0.165,0.218,18.12,46.997,0.735,0.58,28.3,31.99,29.37,-2.62,NA,NA
1/16/2026,01/02/2026,5,5,2.2,2.25,14,23,Maris_Peer,75,Middle,22.5,28.00%,0.76,78.784,0.854,0.609,0.18,0.211,21.59,51.864,0.725,0.592,35.21,32.01,29.19,-2.82,NA,NA
1/16/2026,01/02/2026,5,5,2.2,2.25,14,23,Maris_Peer,75,Upper,22.5,28.00%,0.7,103.395,0.849,0.623,0.173,0.204,28.99,52.212,0.725,0.625,33.3,32.25,29.11,-3.14,NA,NA
1/16/2026,01/04/2026,1,1,2.8,0.45,12,24,Maris_Peer,75,Lower,16.5,9.60%,0.37,49.676,1.222,0.588,0.226,0.185,13.14,44.175,0.687,0.651,30.63,32.48,29.23,-3.25,NA,NA
1/16/2026,01/04/2026,1,1,2.8,0.45,12,24,Maris_Peer,75,Middle,16.5,9.60%,0.48,82.384,0.862,0.616,0.178,0.206,22.84,49.843,0.724,0.613,32.28,32.61,29.61,3,NA,NA
1/16/2026,01/04/2026,1,1,2.8,0.45,12,24,Maris_Peer,75,Upper,16.5,9.60%,0.66,210.997,0.972,0.559,0.217,0.223,53.08,49.733,0.712,0.513,31.05,32.66,29.15,-3.51,NA,NA
1/16/2026,01/01/2026,2,2,2.8,0.9,15,25,Jelly,75,Lower,26,36.00%,NA,NA,NA,NA,NA,NA,NA,NA,NA,NA,NA,NA,NA,NA,NA,NA
1/16/2026,01/01/2026,2,2,2.8,0.9,15,25,Jelly,75,Middle,26,36.00%,NA,NA,NA,NA,NA,NA,NA,NA,NA,NA,NA,NA,NA,NA,NA,NA
1/16/2026,01/01/2026,2,2,2.8,0.9,15,25,Jelly,75,Upper,26,36.00%,NA,NA,NA,NA,NA,NA,NA,NA,NA,NA,NA,NA,NA,NA,NA,NA
1/16/2026,01/01/2026,3,3,2.8,1.35,15,26,Jelly,0,Lower,32,40.00%,0.5,216.91,1.161,0.544,0.245,0.211,53.1,49.998,0.693,0.529,29.4,31.32,28.63,-2.69,NA,NA
1/16/2026,01/01/2026,3,3,2.8,1.35,15,26,Jelly,0,Middle,32,40.00%,0.83,474.648,1.171,0.475,0.283,0.242,101.46,53.182,0.692,0.403,31.38,31.51,28.71,-2.8,NA,NA
1/16/2026,01/01/2026,3,3,2.8,1.35,15,26,Jelly,0,Upper,32,40.00%,0.46,410.358,1.619,0.511,0.302,0.187,94.36,56.134,0.651,0.562,37.14,31.78,29.29,-2.49,NA,NA
1/16/2026,01/01/2026,4,4,2.8,1.8,15,27,Jelly,75,Lower,34.5,52.00%,NA,NA,NA,NA,NA,NA,NA,NA,NA,NA,NA,NA,NA,NA,NA,NA
1/16/2026,01/01/2026,4,4,2.8,1.8,15,27,Jelly,75,Middle,34.5,52.00%,NA,NA,NA,NA,NA,NA,NA,NA,NA,NA,NA,NA,NA,NA,NA,NA
1/16/2026,01/01/2026,4,4,2.8,1.8,15,27,Jelly,75,Upper,34.5,52.00%,NA,NA,NA,NA,NA,NA,NA,NA,NA,NA,NA,NA,NA,NA,NA,NA
1/16/2026,01/02/2026,5,5,2.8,2.25,14,28,Jelly,150,Lower,40.5,42.00%,NA,NA,NA,NA,NA,NA,NA,NA,NA,NA,NA,NA,NA,NA,NA,NA
1/16/2026,01/02/2026,5,5,2.8,2.25,14,28,Jelly,150,Middle,40.5,42.00%,NA,NA,NA,NA,NA,NA,NA,NA,NA,NA,NA,NA,NA,NA,NA,NA
1/16/2026,01/02/2026,5,5,2.8,2.25,14,28,Jelly,150,Upper,40.5,42.00%,NA,NA,NA,NA,NA,NA,NA,NA,NA,NA,NA,NA,NA,NA,NA,NA
1/16/2026,12/31/2025,1,1,3.5,0.45,16,29,Accord,0,Lower,46,50.00%,NA,NA,NA,NA,NA,NA,NA,NA,NA,NA,NA,NA,NA,NA,NA,NA
1/16/2026,12/31/2025,1,1,3.5,0.45,16,29,Accord,0,Middle,46,50.00%,NA,NA,NA,NA,NA,NA,NA,NA,NA,NA,NA,NA,NA,NA,NA,NA
1/16/2026,12/31/2025,1,1,3.5,0.45,16,29,Accord,0,Upper,46,50.00%,NA,NA,NA,NA,NA,NA,NA,NA,NA,NA,NA,NA,NA,NA,NA,NA
1/16/2026,12/31/2025,2,2,3.7,0.9,16,30,Accord,150,Lower,37.5,34.40%,NA,NA,NA,NA,NA,NA,NA,NA,NA,NA,NA,NA,NA,NA,NA,NA
1/16/2026,12/31/2025,2,2,3.7,0.9,16,30,Accord,150,Middle,37.5,34.40%,NA,NA,NA,NA,NA,NA,NA,NA,NA,NA,NA,NA,NA,NA,NA,NA
1/16/2026,12/31/2025,2,2,3.7,0.9,16,30,Accord,150,Upper,37.5,34.40%,NA,NA,NA,NA,NA,NA,NA,NA,NA,NA,NA,NA,NA,NA,NA,NA
1/16/2026,12/31/2025,3,3,3.5,1.35,16,31,Accord,0,Lower,36.5,42.50%,0.49,87.636,0.692,0.583,0.17,0.246,22.99,34.645,0.743,0.485,49.38,19.02,19.75,0.73,NA,NA
1/16/2026,12/31/2025,3,3,3.5,1.35,16,31,Accord,0,Middle,36.5,42.50%,0.56,133.322,0.76,0.588,0.178,0.234,35.28,42.018,0.735,0.515,49.66,20.38,20.85,0.47,NA,NA
1/16/2026,12/31/2025,3,3,3.5,1.35,16,31,Accord,0,Upper,36.5,42.50%,0.72,166.27,0.802,0.593,0.181,0.226,44.37,46.913,0.73,0.538,51.05,21.43,21.91,0.48,NA,NA
1/16/2026,12/30/2025,4,4,3.7,1.8,17,32,Accord,75,Lower,30,29.50%,NA,NA,NA,NA,NA,NA,NA,NA,NA,NA,NA,NA,NA,NA,NA,NA
1/16/2026,12/30/2025,4,4,3.7,1.8,17,32,Accord,75,Middle,30,29.50%,NA,NA,NA,NA,NA,NA,NA,NA,NA,NA,NA,NA,NA,NA,NA,NA
1/16/2026,12/30/2025,4,4,3.7,1.8,17,32,Accord,75,Upper,30,29.50%,NA,NA,NA,NA,NA,NA,NA,NA,NA,NA,NA,NA,NA,NA,NA,NA
1/16/2026,01/01/2026,5,5,3.5,2.25,15,33,Maris_Peer,75,Lower,16,25.00%,0.58,77.788,0.809,0.621,0.169,0.209,21.74,44.03,0.73,0.608,29.86,32.65,28.97,-3.68,NA,NA
1/16/2026,01/01/2026,5,5,3.5,2.25,15,33,Maris_Peer,75,Middle,16,25.00%,0.89,76.872,0.839,0.624,0.172,0.205,21.59,52.375,0.726,0.624,30.06,32.59,28.93,-3.66,NA,NA
1/16/2026,01/01/2026,5,5,3.5,2.25,15,33,Maris_Peer,75,Upper,16,25.00%,0.62,95.454,0.836,0.612,0.177,0.212,26.29,51.985,0.727,0.592,27.18,32.54,28.75,-3.79,NA,NA
1/16/2026,01/05/2026,6,6,3.7,2.7,11,34,Maris_Peer,75,Lower,9.7,9.60%,0.72,48.416,0.861,0.642,0.166,0.193,13.99,42.741,0.724,0.682,29.27,32.43,28.67,-3.76,NA,NA
1/16/2026,01/05/2026,6,6,3.7,2.7,11,34,Maris_Peer,75,Middle,9.7,9.60%,0.86,37.528,1.187,0.633,0.199,0.168,10.69,51.316,0.691,0.773,29.18,32.33,28.35,-3.98,NA,NA
1/16/2026,01/05/2026,6,6,3.7,2.7,11,34,Maris_Peer,75,Upper,9.7,9.60%,0.58,159.161,0.92,0.59,0.196,0.213,42.26,56.673,0.718,0.567,39.45,32.22,28.31,-3.91,NA,NA
1/16/2026,01/01/2026,7,7,3.5,3.15,15,35,Jelly,0,Lower,36.5,39.00%,0.87,117.497,1.119,0.528,0.249,0.223,27.92,41.418,0.697,0.485,49.72,22.72,22.53,-0.19,NA,NA
1/16/2026,01/01/2026,7,7,3.5,3.15,15,35,Jelly,0,Middle,36.5,39.00%,0.73,124.875,0.87,0.612,0.18,0.207,34.39,44.38,0.723,0.605,49.6,23.83,23.11,-0.72,NA,NA
1/16/2026,01/01/2026,7,7,3.5,3.15,15,35,Jelly,0,Upper,36.5,39.00%,0.62,137.565,0.91,0.609,0.186,0.205,37.7,46.373,0.719,0.609,51.78,24.7,23.39,-1.31,NA,NA
1/16/2026,12/31/2025,8,8,3.7,3.6,16,36,Accord,75,Lower,40.5,40.00%,NA,NA,NA,NA,NA,NA,NA,NA,NA,NA,NA,NA,NA,NA,NA,NA
1/16/2026,12/31/2025,8,8,3.7,3.6,16,36,Accord,75,Middle,40.5,40.00%,NA,NA,NA,NA,NA,NA,NA,NA,NA,NA,NA,NA,NA,NA,NA,NA
1/16/2026,12/31/2025,8,8,3.7,3.6,16,36,Accord,75,Upper,40.5,40.00%,NA,NA,NA,NA,NA,NA,NA,NA,NA,NA,NA,NA,NA,NA,NA,NA
1/20/2026,12/31/2025,1,1,0.35,0.45,20,1,Jelly,150,Lower,52.5,63.00%,0.84,135.654,0.922,0.586,0.199,0.216,35.77,45.265,0.717,0.557,35.72,32.27,28.49,-3.78,NA,NA
1/20/2026,12/31/2025,1,1,0.35,0.45,20,1,Jelly,150,Middle,52.5,63.00%,0.38,151.11,0.887,0.611,0.183,0.206,41.55,56.586,0.721,0.606,34.1,32.41,28.97,-3.44,NA,NA
1/20/2026,12/31/2025,1,1,0.35,0.45,20,1,Jelly,150,Upper,52.5,63.00%,0.61,186.577,0.94,0.604,0.192,0.204,50.71,58.455,0.716,0.606,33.17,32.5,28.49,-4.01,NA,NA
1/20/2026,12/31/2025,1,2,0.5,0.9,20,2,Maris_Peer,0,Lower,26,33.90%,0.36,106.186,0.802,0.624,0.167,0.208,29.82,41.046,0.73,0.614,34.8,32.45,28.97,-3.48,NA,NA
1/20/2026,12/31/2025,1,2,0.5,0.9,20,2,Maris_Peer,0,Middle,26,33.90%,0.88,154.743,0.82,0.608,0.176,0.215,42.34,53.226,0.728,0.579,33.35,32.49,28.39,-4.1,NA,NA
1/20/2026,12/31/2025,1,2,0.5,0.9,20,2,Maris_Peer,0,Upper,26,33.90%,0.57,167.878,0.893,0.61,0.184,0.206,46.08,52.862,0.721,0.605,34.56,32.58,28.57,-4.01,NA,NA
1/20/2026,12/31/2025,1,3,0.35,1.35,20,3,Maris_Peer,150,Lower,29.5,34.40%,1.04,86.784,0.789,0.602,0.176,0.223,23.51,50.482,0.732,0.554,37.58,21.89,21.57,-0.32,NA,NA
1/20/2026,12/31/2025,1,3,0.35,1.35,20,3,Maris_Peer,150,Middle,29.5,34.40%,0.99,169.101,0.806,0.584,0.186,0.23,44.44,47.213,0.73,0.52,39.75,22.79,22.19,-0.6,NA,NA
1/20/2026,12/31/2025,1,3,0.35,1.35,20,3,Maris_Peer,150,Upper,29.5,34.40%,0.64,184.784,0.8,0.595,0.18,0.225,49.48,53.696,0.731,0.542,41.07,23.92,22.63,-1.29,NA,NA
1/20/2026,12/31/2025,1,4,0.5,1.8,20,4,Jelly,150,Lower,44.5,51.00%,0.3,90.443,0.792,0.585,0.183,0.231,23.81,45.941,0.731,0.518,41.14,24.75,23.39,-1.36,NA,NA
1/20/2026,12/31/2025,1,4,0.5,1.8,20,4,Jelly,150,Middle,44.5,51.00%,0.75,160.468,0.786,0.579,0.185,0.236,41.81,47.482,0.732,0.503,41.16,25.61,24.03,-1.58,NA,NA
1/20/2026,12/31/2025,1,4,0.5,1.8,20,4,Jelly,150,Upper,44.5,51.00%,0.67,206.991,0.917,0.566,0.208,0.226,52.72,54.27,0.718,0.512,38.36,27.4,25.87,-1.53,NA,NA
1/20/2026,01/03/2026,1,5,0.35,2.25,17,5,Accord,0,Lower,66,72.80%,0.93,170.585,0.847,0.583,0.191,0.226,44.75,44.708,0.725,0.529,38.87,27.99,26.11,-1.88,NA,NA
1/20/2026,01/03/2026,1,5,0.35,2.25,17,5,Accord,0,Middle,66,72.80%,0.73,191.765,0.753,0.597,0.173,0.23,51.52,50.508,0.736,0.531,38.7,28.62,26.53,-2.09,NA,NA
1/20/2026,01/03/2026,1,5,0.35,2.25,17,5,Accord,0,Upper,66,72.80%,0.7,204.917,0.891,0.605,0.186,0.209,55.79,47.008,0.721,0.593,39.34,29.2,27.17,-2.03,NA,NA
1/20/2026,01/02/2026,1,6,0.5,2.7,18,6,Jelly,150,Lower,28,40.60%,0.23,137.375,0.888,0.59,0.193,0.217,36.47,44.093,0.721,0.558,35.84,29.6,27.07,-2.53,NA,NA
1/20/2026,01/02/2026,1,6,0.5,2.7,18,6,Jelly,150,Middle,28,40.60%,0.58,171.075,0.864,0.588,0.191,0.221,45.27,43.062,0.724,0.545,36.11,29.85,27.61,-2.24,NA,NA
1/20/2026,01/02/2026,1,6,0.5,2.7,18,6,Jelly,150,Upper,28,40.60%,0.73,197.566,0.898,0.578,0.2,0.223,51.39,57.918,0.72,0.532,36.62,30.24,27.53,-2.71,NA,NA
1/20/2026,01/01/2026,1,7,0.35,3.15,19,7,Accord,150,Lower,47.5,49.80%,0.46,250.382,1.01,0.553,0.225,0.223,62.31,45.466,0.708,0.509,35.73,30.55,28.11,-2.44,NA,NA
1/20/2026,01/01/2026,1,7,0.35,3.15,19,7,Accord,150,Middle,47.5,49.80%,0.51,331.197,1.043,0.555,0.227,0.218,82.72,43.603,0.705,0.523,36.71,30.87,28.17,-2.7,NA,NA
1/20/2026,01/01/2026,1,7,0.35,3.15,19,7,Accord,150,Upper,47.5,49.80%,0.52,179.03,0.94,0.595,0.196,0.209,47.94,45.616,0.715,0.585,34.22,31.23,28.75,-2.48,NA,NA
1/20/2026,01/03/2026,1,8,0.5,3.6,17,8,Jelly,0,Lower,49.5,58.90%,0.72,92.244,1.058,0.586,0.213,0.201,24.32,41.972,0.703,0.597,34.97,31.49,28.97,-2.52,NA,NA
1/20/2026,01/03/2026,1,8,0.5,3.6,17,8,Jelly,0,Middle,49.5,58.90%,0.19,99.784,1.041,0.615,0.197,0.189,27.62,43.173,0.705,0.668,35.16,31.68,28.93,-2.75,NA,NA
1/20/2026,01/03/2026,1,8,0.5,3.6,17,8,Jelly,0,Upper,49.5,58.90%,0.57,103.756,0.866,0.624,0.175,0.202,29.13,60.715,0.723,0.634,33.43,31.81,28.93,-2.88,NA,NA
1/20/2026,01/02/2026,2,1,1,0.45,18,9,Accord,150,Lower,44,40.20%,0.7,45.478,0.716,0.647,0.147,0.206,13.24,44.335,0.74,0.645,35.32,30.72,28.93,-1.79,NA,NA
1/20/2026,01/02/2026,2,1,1,0.45,18,9,Accord,150,Middle,44,40.20%,0.39,187.765,0.812,0.592,0.183,0.225,50.02,42.985,0.729,0.54,36.12,30.86,29.05,-1.81,NA,NA
1/20/2026,01/02/2026,2,1,1,0.45,18,9,Accord,150,Upper,44,40.20%,0.53,207.776,0.912,0.618,0.182,0.2,57.78,44.814,0.719,0.633,37.22,31.07,29.01,-2.06,NA,NA
1/20/2026,01/02/2026,2,2,1,0.9,18,10,Maris_Peer,0,Lower,27,29.70%,0.39,140.913,0.867,0.609,0.182,0.209,38.62,42.304,0.723,0.596,35.92,31.2,28.93,-2.27,NA,NA
1/20/2026,01/02/2026,2,2,1,0.9,18,10,Maris_Peer,0,Middle,27,29.70%,0.59,182.061,0.93,0.611,0.188,0.202,50.06,51.534,0.717,0.62,37.19,31.27,29.15,-2.12,NA,NA
1/20/2026,01/02/2026,2,2,1,0.9,18,10,Maris_Peer,0,Upper,27,29.70%,0.7,186.511,0.859,0.612,0.179,0.209,51.37,49.612,0.724,0.6,37.15,31.52,29.19,-2.33,NA,NA
1/20/2026,01/01/2026,2,3,1,1.35,19,11,Accord,0,Lower,49,63.20%,0.98,132.968,0.824,0.612,0.175,0.213,36.62,41.647,0.728,0.59,36.9,31.76,28.93,-2.83,NA,NA
1/20/2026,01/01/2026,2,3,1,1.35,19,11,Accord,0,Middle,49,63.20%,0.54,176.146,0.895,0.619,0.18,0.201,49.07,40.624,0.72,0.631,36.31,31.92,28.85,-3.07,NA,NA
1/20/2026,01/01/2026,2,3,1,1.35,19,11,Accord,0,Upper,49,63.20%,0.57,181.915,0.912,0.61,0.186,0.204,49.94,39.82,0.718,0.613,38.06,31.95,28.67,-3.28,NA,NA
1/20/2026,01/01/2026,2,4,1,1.8,19,12,Maris_Peer,0,Lower,28.5,39.00%,0.69,114.919,0.853,0.614,0.178,0.208,31.75,44.009,0.725,0.605,36.18,32.06,28.81,-3.25,NA,NA
1/20/2026,01/01/2026,2,4,1,1.8,19,12,Maris_Peer,0,Middle,28.5,39.00%,0.26,120.502,0.899,0.612,0.184,0.204,33.19,41.171,0.72,0.614,37.25,32.17,28.75,-3.42,NA,NA
1/20/2026,01/01/2026,2,4,1,1.8,19,12,Maris_Peer,0,Upper,28.5,39.00%,0.69,150.829,0.888,0.622,0.178,0.2,42.22,47.715,0.721,0.638,35.85,32.3,29.29,-3.01,NA,NA
1/20/2026,01/04/2026,2,5,1,2.25,16,13,Maris_Peer,150,Lower,20,22.00%,0.35,137.721,1.056,0.592,0.21,0.199,36.69,41.704,0.704,0.611,35.1,32.37,29.01,-3.36,NA,NA
1/20/2026,01/04/2026,2,5,1,2.25,16,13,Maris_Peer,150,Middle,20,22.00%,0.47,134.426,0.854,0.621,0.174,0.204,37.57,42.129,0.725,0.623,34.87,32.37,28.75,-3.62,NA,NA
1/20/2026,01/04/2026,2,5,1,2.25,16,13,Maris_Peer,150,Upper,20,22.00%,0.78,161.81,0.963,0.61,0.191,0.199,44.42,48.538,0.713,0.629,37.12,32.28,28.53,-3.75,NA,NA
1/20/2026,01/02/2026,3,1,1.6,0.45,18,14,Maris_Peer,150,Lower,34,44.60%,NA,NA,NA,NA,NA,NA,NA,NA,NA,NA,NA,NA,NA,NA,NA,NA
1/20/2026,01/02/2026,3,1,1.6,0.45,18,14,Maris_Peer,150,Middle,34,44.60%,NA,NA,NA,NA,NA,NA,NA,NA,NA,NA,NA,NA,NA,NA,NA,NA
1/20/2026,01/02/2026,3,1,1.6,0.45,18,14,Maris_Peer,150,Upper,34,44.60%,NA,NA,NA,NA,NA,NA,NA,NA,NA,NA,NA,NA,NA,NA,NA,NA
1/20/2026,12/31/2025,3,2,1.6,0.9,20,15,Accord,150,Lower,57.5,56.00%,NA,NA,NA,NA,NA,NA,NA,NA,NA,NA,NA,NA,NA,NA,NA,NA
1/20/2026,12/31/2025,3,2,1.6,0.9,20,15,Accord,150,Middle,57.5,56.00%,NA,NA,NA,NA,NA,NA,NA,NA,NA,NA,NA,NA,NA,NA,NA,NA
1/20/2026,12/31/2025,3,2,1.6,0.9,20,15,Accord,150,Upper,57.5,56.00%,NA,NA,NA,NA,NA,NA,NA,NA,NA,NA,NA,NA,NA,NA,NA,NA
1/20/2026,12/31/2025,3,3,1.6,1.35,20,16,Jelly,0,Lower,48,69.00%,NA,NA,NA,NA,NA,NA,NA,NA,NA,NA,NA,NA,NA,NA,NA,NA
1/20/2026,12/31/2025,3,3,1.6,1.35,20,16,Jelly,0,Middle,48,69.00%,NA,NA,NA,NA,NA,NA,NA,NA,NA,NA,NA,NA,NA,NA,NA,NA
1/20/2026,12/31/2025,3,3,1.6,1.35,20,16,Jelly,0,Upper,48,69.00%,NA,NA,NA,NA,NA,NA,NA,NA,NA,NA,NA,NA,NA,NA,NA,NA
1/20/2026,01/02/2026,3,4,1.6,1.8,18,17,Maris_Peer,0,Lower,28,18.10%,1.18,179.261,1.896,0.511,0.32,0.169,0.22,47.876,0.628,0.619,33.65,31.05,28.89,-2.16,NA,NA
1/20/2026,01/02/2026,3,4,1.6,1.8,18,17,Maris_Peer,0,Middle,28,18.10%,0.6,165.782,0.902,0.599,0.19,0.211,44.69,50.944,0.72,0.581,35.58,31.09,29.01,-2.08,NA,NA
1/20/2026,01/02/2026,3,4,1.6,1.8,18,17,Maris_Peer,0,Upper,28,18.10%,0.61,119.734,0.81,0.635,0.163,0.202,34.21,50.629,0.729,0.645,35.52,31.32,28.97,-2.35,NA,NA
1/20/2026,01/03/2026,3,5,1.6,2.25,17,18,Jelly,75,Lower,45,47.00%,NA,NA,NA,NA,NA,NA,NA,NA,NA,NA,NA,NA,NA,NA,NA,NA
1/20/2026,01/03/2026,3,5,1.6,2.25,17,18,Jelly,75,Middle,45,47.00%,NA,NA,NA,NA,NA,NA,NA,NA,NA,NA,NA,NA,NA,NA,NA,NA
1/20/2026,01/03/2026,3,5,1.6,2.25,17,18,Jelly,75,Upper,45,47.00%,NA,NA,NA,NA,NA,NA,NA,NA,NA,NA,NA,NA,NA,NA,NA,NA
1/20/2026,01/01/2026,4,1,2.2,0.45,19,19,Accord,75,Lower,50,46.00%,NA,NA,NA,NA,NA,NA,NA,NA,NA,NA,NA,NA,NA,NA,NA,NA
1/20/2026,01/01/2026,4,1,2.2,0.45,19,19,Accord,75,Middle,50,46.00%,NA,NA,NA,NA,NA,NA,NA,NA,NA,NA,NA,NA,NA,NA,NA,NA
1/20/2026,01/01/2026,4,1,2.2,0.45,19,19,Accord,75,Upper,50,46.00%,NA,NA,NA,NA,NA,NA,NA,NA,NA,NA,NA,NA,NA,NA,NA,NA
1/20/2026,01/01/2026,4,2,2.2,0.9,19,20,Accord,75,Lower,56,51.00%,NA,NA,NA,NA,NA,NA,NA,NA,NA,NA,NA,NA,NA,NA,NA,NA
1/20/2026,01/01/2026,4,2,2.2,0.9,19,20,Accord,75,Middle,56,51.00%,NA,NA,NA,NA,NA,NA,NA,NA,NA,NA,NA,NA,NA,NA,NA,NA
1/20/2026,01/01/2026,4,2,2.2,0.9,19,20,Accord,75,Upper,56,51.00%,NA,NA,NA,NA,NA,NA,NA,NA,NA,NA,NA,NA,NA,NA,NA,NA
1/20/2026,01/04/2026,4,3,2.2,1.35,16,21,Jelly,75,Lower,34,48.00%,NA,NA,NA,NA,NA,NA,NA,NA,NA,NA,NA,NA,NA,NA,NA,NA
1/20/2026,01/04/2026,4,3,2.2,1.35,16,21,Jelly,75,Middle,34,48.00%,NA,NA,NA,NA,NA,NA,NA,NA,NA,NA,NA,NA,NA,NA,NA,NA
1/20/2026,01/04/2026,4,3,2.2,1.35,16,21,Jelly,75,Upper,34,48.00%,NA,NA,NA,NA,NA,NA,NA,NA,NA,NA,NA,NA,NA,NA,NA,NA
1/20/2026,12/31/2025,4,4,2.2,1.8,20,22,Maris_Peer,150,Lower,33,30.00%,NA,NA,NA,NA,NA,NA,NA,NA,NA,NA,NA,NA,NA,NA,NA,NA
1/20/2026,12/31/2025,4,4,2.2,1.8,20,22,Maris_Peer,150,Middle,33,30.00%,NA,NA,NA,NA,NA,NA,NA,NA,NA,NA,NA,NA,NA,NA,NA,NA
1/20/2026,12/31/2025,4,4,2.2,1.8,20,22,Maris_Peer,150,Upper,33,30.00%,NA,NA,NA,NA,NA,NA,NA,NA,NA,NA,NA,NA,NA,NA,NA,NA
1/20/2026,01/02/2026,4,5,2.2,2.25,18,23,Maris_Peer,75,Lower,34,42.00%,NA,NA,NA,NA,NA,NA,NA,NA,NA,NA,NA,NA,NA,NA,NA,NA
1/20/2026,01/02/2026,4,5,2.2,2.25,18,23,Maris_Peer,75,Middle,34,42.00%,NA,NA,NA,NA,NA,NA,NA,NA,NA,NA,NA,NA,NA,NA,NA,NA
1/20/2026,01/02/2026,4,5,2.2,2.25,18,23,Maris_Peer,75,Upper,34,42.00%,NA,NA,NA,NA,NA,NA,NA,NA,NA,NA,NA,NA,NA,NA,NA,NA
1/20/2026,01/04/2026,5,1,2.8,0.45,16,24,Maris_Peer,75,Lower,23,15.00%,NA,NA,NA,NA,NA,NA,NA,NA,NA,NA,NA,NA,NA,NA,NA,NA
1/20/2026,01/04/2026,5,1,2.8,0.45,16,24,Maris_Peer,75,Middle,23,15.00%,NA,NA,NA,NA,NA,NA,NA,NA,NA,NA,NA,NA,NA,NA,NA,NA
1/20/2026,01/04/2026,5,1,2.8,0.45,16,24,Maris_Peer,75,Upper,23,15.00%,NA,NA,NA,NA,NA,NA,NA,NA,NA,NA,NA,NA,NA,NA,NA,NA
1/20/2026,01/01/2026,5,2,2.8,0.9,19,25,Jelly,75,Lower,35,54.80%,NA,NA,NA,NA,NA,NA,NA,NA,NA,NA,NA,NA,NA,NA,NA,NA
1/20/2026,01/01/2026,5,2,2.8,0.9,19,25,Jelly,75,Middle,35,54.80%,NA,NA,NA,NA,NA,NA,NA,NA,NA,NA,NA,NA,NA,NA,NA,NA
1/20/2026,01/01/2026,5,2,2.8,0.9,19,25,Jelly,75,Upper,35,54.80%,NA,NA,NA,NA,NA,NA,NA,NA,NA,NA,NA,NA,NA,NA,NA,NA
1/20/2026,01/01/2026,5,3,2.8,1.35,19,26,Jelly,0,Lower,43,44.80%,NA,NA,NA,NA,NA,NA,NA,NA,NA,NA,NA,NA,NA,NA,NA,NA
1/20/2026,01/01/2026,5,3,2.8,1.35,19,26,Jelly,0,Middle,43,44.80%,NA,NA,NA,NA,NA,NA,NA,NA,NA,NA,NA,NA,NA,NA,NA,NA
1/20/2026,01/01/2026,5,3,2.8,1.35,19,26,Jelly,0,Upper,43,44.80%,NA,NA,NA,NA,NA,NA,NA,NA,NA,NA,NA,NA,NA,NA,NA,NA
1/20/2026,01/01/2026,5,4,2.8,1.8,19,27,Jelly,75,Lower,34.5,57.40%,NA,NA,NA,NA,NA,NA,NA,NA,NA,NA,NA,NA,NA,NA,NA,NA
1/20/2026,01/01/2026,5,4,2.8,1.8,19,27,Jelly,75,Middle,34.5,57.40%,NA,NA,NA,NA,NA,NA,NA,NA,NA,NA,NA,NA,NA,NA,NA,NA
1/20/2026,01/01/2026,5,4,2.8,1.8,19,27,Jelly,75,Upper,34.5,57.40%,NA,NA,NA,NA,NA,NA,NA,NA,NA,NA,NA,NA,NA,NA,NA,NA
1/20/2026,01/02/2026,5,5,2.8,2.25,18,28,Jelly,150,Lower,48.5,47.60%,NA,NA,NA,NA,NA,NA,NA,NA,NA,NA,NA,NA,NA,NA,NA,NA
1/20/2026,01/02/2026,5,5,2.8,2.25,18,28,Jelly,150,Middle,48.5,47.60%,NA,NA,NA,NA,NA,NA,NA,NA,NA,NA,NA,NA,NA,NA,NA,NA
1/20/2026,01/02/2026,5,5,2.8,2.25,18,28,Jelly,150,Upper,48.5,47.60%,NA,NA,NA,NA,NA,NA,NA,NA,NA,NA,NA,NA,NA,NA,NA,NA
1/20/2026,12/31/2025,6,1,3.5,0.45,20,29,Accord,0,Lower,59,59.70%,1.16,114.885,0.785,0.599,0.176,0.225,30.97,37.914,0.732,0.546,38.38,29.87,27.89,-1.98,NA,NA
1/20/2026,12/31/2025,6,1,3.5,0.45,20,29,Accord,0,Middle,59,59.70%,0.61,68.409,0.908,0.627,0.177,0.195,19.3,41.692,0.719,0.658,37.93,30.15,28.25,-1.9,NA,NA
1/20/2026,12/31/2025,6,1,3.5,0.45,20,29,Accord,0,Upper,59,59.70%,0.71,109.167,0.87,0.626,0.174,0.2,30.75,46.04,0.723,0.642,37.45,30.49,28.57,-1.92,NA,NA
1/20/2026,12/31/2025,6,2,3.7,0.9,20,30,Accord,150,Lower,47,47.00%,0.34,160.694,0.881,0.589,0.192,0.218,42.59,41.506,0.722,0.553,35.74,29.46,28.31,-1.15,NA,NA
1/20/2026,12/31/2025,6,2,3.7,0.9,20,30,Accord,150,Middle,47,47.00%,0.4,189.112,0.888,0.601,0.188,0.211,51.15,38.093,0.721,0.582,36.88,29.54,28.03,-1.51,NA,NA
1/20/2026,12/31/2025,6,2,3.7,0.9,20,30,Accord,150,Upper,47,47.00%,0.46,185.892,0.901,0.599,0.19,0.211,50.11,44.549,0.72,0.582,37.32,29.68,28.21,-1.47,NA,NA
1/20/2026,12/31/2025,6,3,3.5,1.35,20,31,Accord,0,Lower,49,59.80%,0.77,117.015,0.795,0.611,0.173,0.217,32.17,47.182,0.731,0.577,46.36,28.68,27.21,-1.47,NA,NA
1/20/2026,12/31/2025,6,3,3.5,1.35,20,31,Accord,0,Middle,49,59.80%,0.62,186.172,0.891,0.594,0.191,0.215,49.76,54.068,0.721,0.567,46.71,29.09,27.49,-1.6,NA,NA
1/20/2026,12/31/2025,6,3,3.5,1.35,20,31,Accord,0,Upper,49,59.80%,0.64,226.323,0.92,0.587,0.198,0.215,59.78,47.485,0.718,0.559,44.94,29.5,27.21,-2.29,NA,NA
1/20/2026,12/30/2025,6,4,3.7,1.8,21,32,Accord,75,Lower,41,43.00%,0.51,153.499,0.804,0.585,0.185,0.23,40.41,37.739,0.73,0.522,48.64,27.16,26.25,-0.91,NA,NA
1/20/2026,12/30/2025,6,4,3.7,1.8,21,32,Accord,75,Middle,41,43.00%,0.59,179.415,0.808,0.584,0.186,0.23,47.15,39.235,0.73,0.519,47.83,27.6,26.75,-0.85,NA,NA
1/20/2026,12/30/2025,6,4,3.7,1.8,21,32,Accord,75,Upper,41,43.00%,0.64,206.83,0.856,0.581,0.193,0.226,54.08,41.555,0.724,0.527,46.58,28.19,26.85,-1.34,NA,NA
1/20/2026,01/01/2026,6,5,3.5,2.25,19,33,Maris_Peer,75,Lower,26,32.50%,0.42,109.714,0.753,0.612,0.167,0.221,30.22,41.941,0.736,0.566,49.31,25.78,25.77,-0.01,NA,NA
1/20/2026,01/01/2026,6,5,3.5,2.25,19,33,Maris_Peer,75,Middle,26,32.50%,1.15,168.243,0.839,0.615,0.176,0.209,46.56,49.632,0.726,0.601,49.03,26.22,25.63,-0.59,NA,NA
1/20/2026,01/01/2026,6,5,3.5,2.25,19,33,Maris_Peer,75,Upper,26,32.50%,0.66,197.375,0.851,0.607,0.181,0.212,53.91,52.965,0.725,0.586,49.42,26.67,26.05,-0.62,NA,NA
1/20/2026,01/05/2026,6,6,3.7,2.7,15,34,Maris_Peer,75,Lower,14,13.80%,0.99,167.344,0.783,0.592,0.179,0.229,44.58,42.121,0.732,0.531,52.4,24.04,24.19,0.15,NA,NA
1/20/2026,01/05/2026,6,6,3.7,2.7,15,34,Maris_Peer,75,Middle,14,13.80%,0.73,163.17,0.803,0.606,0.176,0.219,44.5,48.346,0.73,0.568,52.53,24.61,24.37,-0.24,NA,NA
1/20/2026,01/05/2026,6,6,3.7,2.7,15,34,Maris_Peer,75,Upper,14,13.80%,0.36,175.775,0.749,0.597,0.173,0.23,47.22,48.721,0.736,0.531,51.74,25.19,24.95,-0.24,NA,NA
1/20/2026,01/01/2026,6,7,3.5,3.15,19,35,Jelly,0,Lower,44,48.50%,0.61,128.723,0.774,0.574,0.186,0.24,33.25,39.666,0.733,0.491,53.22,21.53,22.53,1,NA,NA
1/20/2026,01/01/2026,6,7,3.5,3.15,19,35,Jelly,0,Middle,44,48.50%,1.24,153.101,0.798,0.575,0.189,0.236,39.61,47.729,0.731,0.499,52.79,22.41,22.87,0.46,NA,NA
1/20/2026,01/01/2026,6,7,3.5,3.15,19,35,Jelly,0,Upper,44,48.50%,1.25,161.997,0.885,0.589,0.193,0.218,42.94,47.017,0.721,0.553,54.15,23.21,23.29,0.08,NA,NA
1/20/2026,12/31/2025,6,8,3.7,3.6,20,36,Accord,75,Lower,53,51.90%,1.08,53.676,0.643,0.598,0.157,0.245,14.44,40.452,0.748,0.501,53.31,19.08,20.39,1.31,NA,NA
1/20/2026,12/31/2025,6,8,3.7,3.6,20,36,Accord,75,Middle,53,51.90%,0.76,140.742,0.694,0.574,0.175,0.252,36.35,39.613,0.742,0.467,53.56,19.96,20.95,0.99,NA,NA
1/20/2026,12/31/2025,6,8,3.7,3.6,20,36,Accord,75,Upper,53,51.90%,0.59,154.561,0.704,0.585,0.171,0.243,40.69,42.976,0.741,0.493,53.14,20.78,22.09,1.31,NA,NA
1/21/2026,12/31/2025,1,1,0.35,0.45,21,1,Jelly,150,Lower,NA,NA,NA,NA,NA,NA,NA,NA,NA,NA,NA,NA,NA,NA,NA,NA,NA,NA
1/21/2026,12/31/2025,1,1,0.35,0.45,21,1,Jelly,150,Middle,NA,NA,NA,NA,NA,NA,NA,NA,NA,NA,NA,NA,NA,NA,NA,NA,NA,NA
1/21/2026,12/31/2025,1,1,0.35,0.45,21,1,Jelly,150,Upper,NA,NA,NA,NA,NA,NA,NA,NA,NA,NA,NA,NA,NA,NA,NA,NA,NA,NA
1/21/2026,12/31/2025,2,2,0.5,0.9,21,2,Maris_Peer,0,Lower,NA,NA,NA,NA,NA,NA,NA,NA,NA,NA,NA,NA,NA,NA,NA,NA,NA,NA
1/21/2026,12/31/2025,2,2,0.5,0.9,21,2,Maris_Peer,0,Middle,NA,NA,NA,NA,NA,NA,NA,NA,NA,NA,NA,NA,NA,NA,NA,NA,NA,NA
1/21/2026,12/31/2025,2,2,0.5,0.9,21,2,Maris_Peer,0,Upper,NA,NA,NA,NA,NA,NA,NA,NA,NA,NA,NA,NA,NA,NA,NA,NA,NA,NA
1/21/2026,12/31/2025,3,3,0.35,1.35,21,3,Maris_Peer,150,Lower,NA,NA,NA,NA,NA,NA,NA,NA,NA,NA,NA,NA,NA,NA,NA,NA,NA,NA
1/21/2026,12/31/2025,3,3,0.35,1.35,21,3,Maris_Peer,150,Middle,NA,NA,NA,NA,NA,NA,NA,NA,NA,NA,NA,NA,NA,NA,NA,NA,NA,NA
1/21/2026,12/31/2025,3,3,0.35,1.35,21,3,Maris_Peer,150,Upper,NA,NA,NA,NA,NA,NA,NA,NA,NA,NA,NA,NA,NA,NA,NA,NA,NA,NA
1/21/2026,12/31/2025,4,4,0.5,1.8,21,4,Jelly,150,Lower,NA,NA,NA,NA,NA,NA,NA,NA,NA,NA,NA,NA,NA,NA,NA,NA,NA,NA
1/21/2026,12/31/2025,4,4,0.5,1.8,21,4,Jelly,150,Middle,NA,NA,NA,NA,NA,NA,NA,NA,NA,NA,NA,NA,NA,NA,NA,NA,NA,NA
1/21/2026,12/31/2025,4,4,0.5,1.8,21,4,Jelly,150,Upper,NA,NA,NA,NA,NA,NA,NA,NA,NA,NA,NA,NA,NA,NA,NA,NA,NA,NA
1/21/2026,01/03/2026,5,5,0.35,2.25,18,5,Accord,0,Lower,NA,NA,NA,NA,NA,NA,NA,NA,NA,NA,NA,NA,NA,NA,NA,NA,NA,NA
1/21/2026,01/03/2026,5,5,0.35,2.25,18,5,Accord,0,Middle,NA,NA,NA,NA,NA,NA,NA,NA,NA,NA,NA,NA,NA,NA,NA,NA,NA,NA
1/21/2026,01/03/2026,5,5,0.35,2.25,18,5,Accord,0,Upper,NA,NA,NA,NA,NA,NA,NA,NA,NA,NA,NA,NA,NA,NA,NA,NA,NA,NA
1/21/2026,01/02/2026,6,6,0.5,2.7,19,6,Jelly,150,Lower,NA,NA,NA,NA,NA,NA,NA,NA,NA,NA,NA,NA,NA,NA,NA,NA,NA,NA
1/21/2026,01/02/2026,6,6,0.5,2.7,19,6,Jelly,150,Middle,NA,NA,NA,NA,NA,NA,NA,NA,NA,NA,NA,NA,NA,NA,NA,NA,NA,NA
1/21/2026,01/02/2026,6,6,0.5,2.7,19,6,Jelly,150,Upper,NA,NA,NA,NA,NA,NA,NA,NA,NA,NA,NA,NA,NA,NA,NA,NA,NA,NA
1/21/2026,01/01/2026,7,7,0.35,3.15,20,7,Accord,150,Lower,NA,NA,NA,NA,NA,NA,NA,NA,NA,NA,NA,NA,NA,NA,NA,NA,NA,NA
1/21/2026,01/01/2026,7,7,0.35,3.15,20,7,Accord,150,Middle,NA,NA,NA,NA,NA,NA,NA,NA,NA,NA,NA,NA,NA,NA,NA,NA,NA,NA
1/21/2026,01/01/2026,7,7,0.35,3.15,20,7,Accord,150,Upper,NA,NA,NA,NA,NA,NA,NA,NA,NA,NA,NA,NA,NA,NA,NA,NA,NA,NA
1/21/2026,01/03/2026,8,8,0.5,3.6,18,8,Jelly,0,Lower,NA,NA,NA,NA,NA,NA,NA,NA,NA,NA,NA,NA,NA,NA,NA,NA,NA,NA
1/21/2026,01/03/2026,8,8,0.5,3.6,18,8,Jelly,0,Middle,NA,NA,NA,NA,NA,NA,NA,NA,NA,NA,NA,NA,NA,NA,NA,NA,NA,NA
1/21/2026,01/03/2026,8,8,0.5,3.6,18,8,Jelly,0,Upper,NA,NA,NA,NA,NA,NA,NA,NA,NA,NA,NA,NA,NA,NA,NA,NA,NA,NA
1/21/2026,01/02/2026,1,1,1,0.45,19,9,Accord,150,Lower,NA,NA,NA,NA,NA,NA,NA,NA,NA,NA,NA,NA,NA,NA,NA,NA,NA,NA
1/21/2026,01/02/2026,1,1,1,0.45,19,9,Accord,150,Middle,NA,NA,NA,NA,NA,NA,NA,NA,NA,NA,NA,NA,NA,NA,NA,NA,NA,NA
1/21/2026,01/02/2026,1,1,1,0.45,19,9,Accord,150,Upper,NA,NA,NA,NA,NA,NA,NA,NA,NA,NA,NA,NA,NA,NA,NA,NA,NA,NA
1/21/2026,01/02/2026,2,2,1,0.9,19,10,Maris_Peer,0,Lower,NA,NA,NA,NA,NA,NA,NA,NA,NA,NA,NA,NA,NA,NA,NA,NA,NA,NA
1/21/2026,01/02/2026,2,2,1,0.9,19,10,Maris_Peer,0,Middle,NA,NA,NA,NA,NA,NA,NA,NA,NA,NA,NA,NA,NA,NA,NA,NA,NA,NA
1/21/2026,01/02/2026,2,2,1,0.9,19,10,Maris_Peer,0,Upper,NA,NA,NA,NA,NA,NA,NA,NA,NA,NA,NA,NA,NA,NA,NA,NA,NA,NA
1/21/2026,01/01/2026,3,3,1,1.35,20,11,Accord,0,Lower,NA,NA,NA,NA,NA,NA,NA,NA,NA,NA,NA,NA,NA,NA,NA,NA,NA,NA
1/21/2026,01/01/2026,3,3,1,1.35,20,11,Accord,0,Middle,NA,NA,NA,NA,NA,NA,NA,NA,NA,NA,NA,NA,NA,NA,NA,NA,NA,NA
1/21/2026,01/01/2026,3,3,1,1.35,20,11,Accord,0,Upper,NA,NA,NA,NA,NA,NA,NA,NA,NA,NA,NA,NA,NA,NA,NA,NA,NA,NA
1/21/2026,01/01/2026,4,4,1,1.8,20,12,Maris_Peer,0,Lower,NA,NA,NA,NA,NA,NA,NA,NA,NA,NA,NA,NA,NA,NA,NA,NA,NA,NA
1/21/2026,01/01/2026,4,4,1,1.8,20,12,Maris_Peer,0,Middle,NA,NA,NA,NA,NA,NA,NA,NA,NA,NA,NA,NA,NA,NA,NA,NA,NA,NA
1/21/2026,01/01/2026,4,4,1,1.8,20,12,Maris_Peer,0,Upper,NA,NA,NA,NA,NA,NA,NA,NA,NA,NA,NA,NA,NA,NA,NA,NA,NA,NA
1/21/2026,01/04/2026,5,5,1,2.25,17,13,Maris_Peer,150,Lower,NA,NA,NA,NA,NA,NA,NA,NA,NA,NA,NA,NA,NA,NA,NA,NA,NA,NA
1/21/2026,01/04/2026,5,5,1,2.25,17,13,Maris_Peer,150,Middle,NA,NA,NA,NA,NA,NA,NA,NA,NA,NA,NA,NA,NA,NA,NA,NA,NA,NA
1/21/2026,01/04/2026,5,5,1,2.25,17,13,Maris_Peer,150,Upper,NA,NA,NA,NA,NA,NA,NA,NA,NA,NA,NA,NA,NA,NA,NA,NA,NA,NA
1/21/2026,01/02/2026,1,1,1.6,0.45,19,14,Maris_Peer,150,Lower,NA,NA,1.06,108.449,0.708,0.595,0.168,0.237,29.04,44.048,0.741,0.514,49.47,21.42,21.91,0.49,NA,NA
1/21/2026,01/02/2026,1,1,1.6,0.45,19,14,Maris_Peer,150,Middle,NA,NA,0.76,145.341,0.739,0.584,0.177,0.239,38.2,42.325,0.737,0.501,49.48,21.93,22.39,0.46,NA,NA
1/21/2026,01/02/2026,1,1,1.6,0.45,19,14,Maris_Peer,150,Upper,NA,NA,0.66,153.92,0.733,0.614,0.163,0.223,42.53,46.156,0.738,0.564,49.23,22.45,22.63,0.18,NA,NA
1/21/2026,12/31/2025,2,2,1.6,0.9,21,15,Accord,150,Lower,NA,NA,1.1,65.944,0.782,0.602,0.175,0.223,17.86,35.053,0.732,0.553,47.99,23.16,23.39,0.23,NA,NA
1/21/2026,12/31/2025,2,2,1.6,0.9,21,15,Accord,150,Middle,NA,NA,0.62,91.93,0.731,0.614,0.163,0.223,25.4,41.823,0.738,0.564,47.5,23.69,23.49,-0.2,NA,NA
1/21/2026,12/31/2025,2,2,1.6,0.9,21,15,Accord,150,Upper,NA,NA,0.52,118.287,0.768,0.615,0.167,0.218,32.74,44.76,0.734,0.578,46.44,24.16,23.77,-0.39,NA,NA
1/21/2026,12/31/2025,3,3,1.6,1.35,21,16,Jelly,0,Lower,NA,NA,0.53,94.832,0.807,0.604,0.177,0.219,25.78,41.938,0.73,0.564,45.22,24.63,24.33,-0.3,NA,NA
1/21/2026,12/31/2025,3,3,1.6,1.35,21,16,Jelly,0,Middle,NA,NA,1.17,126.609,0.867,0.606,0.183,0.211,34.53,48.944,0.723,0.589,45.1,25.06,24.27,-0.79,NA,NA
1/21/2026,12/31/2025,3,3,1.6,1.35,21,16,Jelly,0,Upper,NA,NA,0.93,157.78,0.851,0.598,0.185,0.217,42.46,52.081,0.725,0.564,44.14,25.47,24.23,-1.24,NA,NA
1/21/2026,01/02/2026,4,4,1.6,1.8,19,17,Maris_Peer,0,Lower,NA,NA,NA,NA,NA,NA,NA,NA,NA,NA,NA,NA,NA,NA,NA,NA,NA,NA
1/21/2026,01/02/2026,4,4,1.6,1.8,19,17,Maris_Peer,0,Middle,NA,NA,NA,NA,NA,NA,NA,NA,NA,NA,NA,NA,NA,NA,NA,NA,NA,NA
1/21/2026,01/02/2026,4,4,1.6,1.8,19,17,Maris_Peer,0,Upper,NA,NA,NA,NA,NA,NA,NA,NA,NA,NA,NA,NA,NA,NA,NA,NA,NA,NA
1/21/2026,01/03/2026,5,5,1.6,2.25,18,18,Jelly,75,Lower,NA,NA,0.89,68.598,0.874,0.619,0.178,0.203,19.11,44.699,0.723,0.624,44.19,25.97,24.67,-1.3,NA,NA
1/21/2026,01/03/2026,5,5,1.6,2.25,18,18,Jelly,75,Middle,NA,NA,0.68,85.424,0.916,0.618,0.183,0.199,23.76,46.162,0.718,0.635,44.46,26.35,24.81,-1.54,NA,NA
1/21/2026,01/03/2026,5,5,1.6,2.25,18,18,Jelly,75,Upper,NA,NA,1.15,122.143,0.903,0.617,0.182,0.201,33.91,60.31,0.719,0.629,42.7,26.74,24.57,-2.17,NA,NA
1/21/2026,01/01/2026,1,1,2.2,0.45,20,19,Accord,75,Lower,NA,NA,0.95,99.055,0.817,0.606,0.177,0.217,27.01,47.249,0.729,0.573,40.88,27.1,24.85,-2.25,NA,NA
1/21/2026,01/01/2026,1,1,2.2,0.45,20,19,Accord,75,Middle,NA,NA,0.77,124.967,0.818,0.61,0.176,0.215,34.3,44.231,0.729,0.582,40.79,27.28,25.05,-2.23,NA,NA
1/21/2026,01/01/2026,1,1,2.2,0.45,20,19,Accord,75,Upper,NA,NA,1.08,143.363,0.791,0.617,0.169,0.214,39.8,42.39,0.732,0.59,41,27.45,24.99,-2.46,NA,NA
1/21/2026,01/01/2026,2,2,2.2,0.9,20,20,Accord,75,Lower,NA,NA,0.61,94.267,0.776,0.616,0.168,0.216,26.13,42.24,0.733,0.584,42.37,27.6,26.11,-1.49,NA,NA
1/21/2026,01/01/2026,2,2,2.2,0.9,20,20,Accord,75,Middle,NA,NA,0.6,120.95,0.77,0.597,0.175,0.228,32.49,39.702,0.734,0.537,41.3,27.74,25.95,-1.79,NA,NA
1/21/2026,01/01/2026,2,2,2.2,0.9,20,20,Accord,75,Upper,NA,NA,0.8,154.032,0.86,0.625,0.173,0.202,43.32,43.061,0.724,0.635,39.86,27.83,25.81,-2.02,NA,NA
1/21/2026,01/04/2026,3,3,2.2,1.35,17,21,Jelly,75,Lower,NA,NA,0.81,127.57,0.926,0.568,0.208,0.224,32.61,46.818,0.717,0.518,42.22,27.98,25.63,-2.35,NA,NA
1/21/2026,01/04/2026,3,3,2.2,1.35,17,21,Jelly,75,Middle,NA,NA,0.77,169.341,0.855,0.571,0.198,0.231,43.51,45.447,0.725,0.506,40.82,28.12,25.81,-2.31,NA,NA
1/21/2026,01/04/2026,3,3,2.2,1.35,17,21,Jelly,75,Upper,NA,NA,0.59,201.585,0.928,0.592,0.196,0.212,53.7,55.751,0.717,0.574,40.6,28.23,25.81,-2.42,NA,NA
1/21/2026,12/31/2025,4,4,2.2,1.8,21,22,Maris_Peer,150,Lower,NA,NA,1.17,114.457,0.803,0.603,0.177,0.22,31.06,47.003,0.73,0.562,39.75,28.29,25.91,-2.38,NA,NA
1/21/2026,12/31/2025,4,4,2.2,1.8,21,22,Maris_Peer,150,Middle,NA,NA,1.23,145.783,0.809,0.611,0.174,0.215,40.08,49.896,0.73,0.583,39.09,28.41,25.81,-2.6,NA,NA
1/21/2026,12/31/2025,4,4,2.2,1.8,21,22,Maris_Peer,150,Upper,NA,NA,0.74,146.743,0.817,0.618,0.172,0.21,40.81,54.564,0.729,0.603,39.32,28.44,25.95,-2.49,NA,NA
1/21/2026,01/02/2026,5,5,2.2,2.25,19,23,Maris_Peer,75,Lower,NA,NA,0.31,76.963,0.854,0.629,0.171,0.2,21.78,47.771,0.725,0.644,41.21,28.44,26.71,-1.73,NA,NA
1/21/2026,01/02/2026,5,5,2.2,2.25,19,23,Maris_Peer,75,Middle,NA,NA,0.39,114.981,0.83,0.62,0.173,0.208,32.08,48.907,0.727,0.611,40.09,28.52,26.43,-2.09,NA,NA
1/21/2026,01/02/2026,5,5,2.2,2.25,19,23,Maris_Peer,75,Upper,NA,NA,0.59,167.193,0.912,0.61,0.186,0.204,45.89,52.002,0.718,0.613,39,28.58,26.93,-1.65,NA,NA
1/21/2026,01/04/2026,1,1,2.8,0.45,17,24,Maris_Peer,75,Lower,NA,NA,0.65,102.149,0.761,0.618,0.165,0.217,28.41,40.989,0.735,0.585,40.57,28.63,26.79,-1.84,NA,NA
1/21/2026,01/04/2026,1,1,2.8,0.45,17,24,Maris_Peer,75,Middle,NA,NA,0.92,146.945,1.013,0.578,0.212,0.21,38.22,40.251,0.708,0.565,41.56,28.66,26.79,-1.87,NA,NA
1/21/2026,01/04/2026,1,1,2.8,0.45,17,24,Maris_Peer,75,Upper,NA,NA,0.53,131.871,0.851,0.628,0.171,0.201,37.27,42.745,0.725,0.641,39.39,28.86,27.21,-1.65,NA,NA
1/21/2026,01/01/2026,2,2,2.8,0.9,20,25,Jelly,75,Lower,NA,NA,0.91,90.769,0.857,0.605,0.182,0.212,24.71,47.408,0.724,0.584,38.87,28.99,26.19,-2.8,NA,NA
1/21/2026,01/01/2026,2,2,2.8,0.9,20,25,Jelly,75,Middle,NA,NA,0.68,135.128,0.941,0.599,0.194,0.206,36.42,48.067,0.715,0.595,38.34,29.07,26.43,-2.64,NA,NA
1/21/2026,01/01/2026,2,2,2.8,0.9,20,25,Jelly,75,Upper,NA,NA,0.8,136.904,0.959,0.594,0.199,0.207,36.59,48.336,0.714,0.587,38.37,28.97,26.39,-2.58,NA,NA
1/21/2026,01/01/2026,3,3,2.8,1.35,20,26,Jelly,0,Lower,NA,NA,0.97,81.124,0.93,0.609,0.189,0.203,22.23,49.661,0.717,0.615,40.13,29.05,26.01,-3.04,NA,NA
1/21/2026,01/01/2026,3,3,2.8,1.35,20,26,Jelly,0,Middle,NA,NA,0.56,118.288,0.847,0.614,0.177,0.209,32.68,48.906,0.725,0.601,39.41,29.25,26.05,-3.2,NA,NA
1/21/2026,01/01/2026,3,3,2.8,1.35,20,26,Jelly,0,Upper,NA,NA,0.75,158.497,1.337,0.569,0.247,0.185,40.58,60.104,0.676,0.631,39.27,29.35,26.05,-3.3,NA,NA
1/21/2026,01/01/2026,4,4,2.8,1.8,20,27,Jelly,75,Lower,NA,NA,0.38,134.414,0.973,0.602,0.196,0.202,36.41,45.894,0.712,0.611,37.61,29.36,26.89,-2.47,NA,NA
1/21/2026,01/01/2026,4,4,2.8,1.8,20,27,Jelly,75,Middle,NA,NA,0.56,129.342,0.877,0.617,0.179,0.204,35.91,45.51,0.722,0.619,38.52,29.38,26.71,-2.67,NA,NA
1/21/2026,01/01/2026,4,4,2.8,1.8,20,27,Jelly,75,Upper,NA,NA,1.13,151.423,1.038,0.577,0.215,0.207,39.32,43.933,0.705,0.57,38.13,29.34,26.35,-2.99,NA,NA
1/21/2026,01/02/2026,5,5,2.8,2.25,19,28,Jelly,150,Lower,NA,NA,0.48,104.486,0.961,0.602,0.195,0.203,28.31,42.415,0.713,0.607,37.95,29.27,26.61,-2.66,NA,NA
1/21/2026,01/02/2026,5,5,2.8,2.25,19,28,Jelly,150,Middle,NA,NA,0.67,114.175,0.891,0.617,0.181,0.203,31.7,55.965,0.721,0.624,37.41,29.26,26.35,-2.91,NA,NA
1/21/2026,01/02/2026,5,5,2.8,2.25,19,28,Jelly,150,Upper,NA,NA,0.46,130.026,0.969,0.615,0.19,0.196,35.98,54.137,0.713,0.644,37.8,29.08,26.39,-2.69,NA,NA
1/21/2026,12/31/2025,1,1,3.5,0.45,21,29,Accord,0,Lower,NA,NA,NA,NA,NA,NA,NA,NA,NA,NA,NA,NA,NA,NA,NA,NA,NA,NA
1/21/2026,12/31/2025,1,1,3.5,0.45,21,29,Accord,0,Middle,NA,NA,NA,NA,NA,NA,NA,NA,NA,NA,NA,NA,NA,NA,NA,NA,NA,NA
1/21/2026,12/31/2025,1,1,3.5,0.45,21,29,Accord,0,Upper,NA,NA,NA,NA,NA,NA,NA,NA,NA,NA,NA,NA,NA,NA,NA,NA,NA,NA
1/21/2026,12/31/2025,2,2,3.7,0.9,21,30,Accord,150,Lower,NA,NA,NA,NA,NA,NA,NA,NA,NA,NA,NA,NA,NA,NA,NA,NA,NA,NA
1/21/2026,12/31/2025,2,2,3.7,0.9,21,30,Accord,150,Middle,NA,NA,NA,NA,NA,NA,NA,NA,NA,NA,NA,NA,NA,NA,NA,NA,NA,NA
1/21/2026,12/31/2025,2,2,3.7,0.9,21,30,Accord,150,Upper,NA,NA,NA,NA,NA,NA,NA,NA,NA,NA,NA,NA,NA,NA,NA,NA,NA,NA
1/21/2026,12/31/2025,3,3,3.5,1.35,21,31,Accord,0,Lower,NA,NA,NA,NA,NA,NA,NA,NA,NA,NA,NA,NA,NA,NA,NA,NA,NA,NA
1/21/2026,12/31/2025,3,3,3.5,1.35,21,31,Accord,0,Middle,NA,NA,NA,NA,NA,NA,NA,NA,NA,NA,NA,NA,NA,NA,NA,NA,NA,NA
1/21/2026,12/31/2025,3,3,3.5,1.35,21,31,Accord,0,Upper,NA,NA,NA,NA,NA,NA,NA,NA,NA,NA,NA,NA,NA,NA,NA,NA,NA,NA
1/21/2026,12/30/2025,4,4,3.7,1.8,22,32,Accord,75,Lower,NA,NA,NA,NA,NA,NA,NA,NA,NA,NA,NA,NA,NA,NA,NA,NA,NA,NA
1/21/2026,12/30/2025,4,4,3.7,1.8,22,32,Accord,75,Middle,NA,NA,NA,NA,NA,NA,NA,NA,NA,NA,NA,NA,NA,NA,NA,NA,NA,NA
1/21/2026,12/30/2025,4,4,3.7,1.8,22,32,Accord,75,Upper,NA,NA,NA,NA,NA,NA,NA,NA,NA,NA,NA,NA,NA,NA,NA,NA,NA,NA
1/21/2026,01/01/2026,5,5,3.5,2.25,20,33,Maris_Peer,75,Lower,NA,NA,NA,NA,NA,NA,NA,NA,NA,NA,NA,NA,NA,NA,NA,NA,NA,NA
1/21/2026,01/01/2026,5,5,3.5,2.25,20,33,Maris_Peer,75,Middle,NA,NA,NA,NA,NA,NA,NA,NA,NA,NA,NA,NA,NA,NA,NA,NA,NA,NA
1/21/2026,01/01/2026,5,5,3.5,2.25,20,33,Maris_Peer,75,Upper,NA,NA,NA,NA,NA,NA,NA,NA,NA,NA,NA,NA,NA,NA,NA,NA,NA,NA
1/21/2026,01/05/2026,6,6,3.7,2.7,16,34,Maris_Peer,75,Lower,NA,NA,NA,NA,NA,NA,NA,NA,NA,NA,NA,NA,NA,NA,NA,NA,NA,NA
1/21/2026,01/05/2026,6,6,3.7,2.7,16,34,Maris_Peer,75,Middle,NA,NA,NA,NA,NA,NA,NA,NA,NA,NA,NA,NA,NA,NA,NA,NA,NA,NA
1/21/2026,01/05/2026,6,6,3.7,2.7,16,34,Maris_Peer,75,Upper,NA,NA,NA,NA,NA,NA,NA,NA,NA,NA,NA,NA,NA,NA,NA,NA,NA,NA
1/21/2026,01/01/2026,7,7,3.5,3.15,20,35,Jelly,0,Lower,NA,NA,NA,NA,NA,NA,NA,NA,NA,NA,NA,NA,NA,NA,NA,NA,NA,NA
1/21/2026,01/01/2026,7,7,3.5,3.15,20,35,Jelly,0,Middle,NA,NA,NA,NA,NA,NA,NA,NA,NA,NA,NA,NA,NA,NA,NA,NA,NA,NA
1/21/2026,01/01/2026,7,7,3.5,3.15,20,35,Jelly,0,Upper,NA,NA,NA,NA,NA,NA,NA,NA,NA,NA,NA,NA,NA,NA,NA,NA,NA,NA
1/21/2026,12/31/2025,8,8,3.7,3.6,21,36,Accord,75,Lower,NA,NA,NA,NA,NA,NA,NA,NA,NA,NA,NA,NA,NA,NA,NA,NA,NA,NA
1/21/2026,12/31/2025,8,8,3.7,3.6,21,36,Accord,75,Middle,NA,NA,NA,NA,NA,NA,NA,NA,NA,NA,NA,NA,NA,NA,NA,NA,NA,NA
1/21/2026,12/31/2025,8,8,3.7,3.6,21,36,Accord,75,Upper,NA,NA,NA,NA,NA,NA,NA,NA,NA,NA,NA,NA,NA,NA,NA,NA,NA,NA
1/23/2026,12/31/2025,1,1,0.35,0.45,23,1,Jelly,150,Lower,59,NA,NA,NA,NA,NA,NA,NA,NA,NA,NA,NA,NA,NA,NA,NA,NA,NA
1/23/2026,12/31/2025,1,1,0.35,0.45,23,1,Jelly,150,Middle,59,NA,NA,NA,NA,NA,NA,NA,NA,NA,NA,NA,NA,NA,NA,NA,NA,NA
1/23/2026,12/31/2025,1,1,0.35,0.45,23,1,Jelly,150,Upper,59,NA,NA,NA,NA,NA,NA,NA,NA,NA,NA,NA,NA,NA,NA,NA,NA,NA
1/23/2026,12/31/2025,2,2,0.5,0.9,23,2,Maris_Peer,0,Lower,34,NA,NA,NA,NA,NA,NA,NA,NA,NA,NA,NA,NA,NA,NA,NA,NA,NA
1/23/2026,12/31/2025,2,2,0.5,0.9,23,2,Maris_Peer,0,Middle,34,NA,NA,NA,NA,NA,NA,NA,NA,NA,NA,NA,NA,NA,NA,NA,NA,NA
1/23/2026,12/31/2025,2,2,0.5,0.9,23,2,Maris_Peer,0,Upper,34,NA,NA,NA,NA,NA,NA,NA,NA,NA,NA,NA,NA,NA,NA,NA,NA,NA
1/23/2026,12/31/2025,3,3,0.35,1.35,23,3,Maris_Peer,150,Lower,37,NA,NA,NA,NA,NA,NA,NA,NA,NA,NA,NA,NA,NA,NA,NA,NA,NA
1/23/2026,12/31/2025,3,3,0.35,1.35,23,3,Maris_Peer,150,Middle,37,NA,NA,NA,NA,NA,NA,NA,NA,NA,NA,NA,NA,NA,NA,NA,NA,NA
1/23/2026,12/31/2025,3,3,0.35,1.35,23,3,Maris_Peer,150,Upper,37,NA,NA,NA,NA,NA,NA,NA,NA,NA,NA,NA,NA,NA,NA,NA,NA,NA
1/23/2026,12/31/2025,4,4,0.5,1.8,23,4,Jelly,150,Lower,54,NA,NA,NA,NA,NA,NA,NA,NA,NA,NA,NA,NA,NA,NA,NA,NA,NA
1/23/2026,12/31/2025,4,4,0.5,1.8,23,4,Jelly,150,Middle,54,NA,NA,NA,NA,NA,NA,NA,NA,NA,NA,NA,NA,NA,NA,NA,NA,NA
1/23/2026,12/31/2025,4,4,0.5,1.8,23,4,Jelly,150,Upper,54,NA,NA,NA,NA,NA,NA,NA,NA,NA,NA,NA,NA,NA,NA,NA,NA,NA
1/23/2026,01/03/2026,5,5,0.35,2.25,20,5,Accord,0,Lower,78,NA,NA,NA,NA,NA,NA,NA,NA,NA,NA,NA,NA,NA,NA,NA,NA,NA
1/23/2026,01/03/2026,5,5,0.35,2.25,20,5,Accord,0,Middle,78,NA,NA,NA,NA,NA,NA,NA,NA,NA,NA,NA,NA,NA,NA,NA,NA,NA
1/23/2026,01/03/2026,5,5,0.35,2.25,20,5,Accord,0,Upper,78,NA,NA,NA,NA,NA,NA,NA,NA,NA,NA,NA,NA,NA,NA,NA,NA,NA
1/23/2026,01/02/2026,6,6,0.5,2.7,21,6,Jelly,150,Lower,38,NA,NA,NA,NA,NA,NA,NA,NA,NA,NA,NA,NA,NA,NA,NA,NA,NA
1/23/2026,01/02/2026,6,6,0.5,2.7,21,6,Jelly,150,Middle,38,NA,NA,NA,NA,NA,NA,NA,NA,NA,NA,NA,NA,NA,NA,NA,NA,NA
1/23/2026,01/02/2026,6,6,0.5,2.7,21,6,Jelly,150,Upper,38,NA,NA,NA,NA,NA,NA,NA,NA,NA,NA,NA,NA,NA,NA,NA,NA,NA
1/23/2026,01/01/2026,7,7,0.35,3.15,22,7,Accord,150,Lower,55,NA,NA,NA,NA,NA,NA,NA,NA,NA,NA,NA,NA,NA,NA,NA,NA,NA
1/23/2026,01/01/2026,7,7,0.35,3.15,22,7,Accord,150,Middle,55,NA,NA,NA,NA,NA,NA,NA,NA,NA,NA,NA,NA,NA,NA,NA,NA,NA
1/23/2026,01/01/2026,7,7,0.35,3.15,22,7,Accord,150,Upper,55,NA,NA,NA,NA,NA,NA,NA,NA,NA,NA,NA,NA,NA,NA,NA,NA,NA
1/23/2026,01/03/2026,8,8,0.5,3.6,20,8,Jelly,0,Lower,60.5,NA,NA,NA,NA,NA,NA,NA,NA,NA,NA,NA,NA,NA,NA,NA,NA,NA
1/23/2026,01/03/2026,8,8,0.5,3.6,20,8,Jelly,0,Middle,60.5,NA,NA,NA,NA,NA,NA,NA,NA,NA,NA,NA,NA,NA,NA,NA,NA,NA
1/23/2026,01/03/2026,8,8,0.5,3.6,20,8,Jelly,0,Upper,60.5,NA,NA,NA,NA,NA,NA,NA,NA,NA,NA,NA,NA,NA,NA,NA,NA,NA
1/23/2026,01/02/2026,1,1,1,0.45,21,9,Accord,150,Lower,56,NA,NA,NA,NA,NA,NA,NA,NA,NA,NA,NA,NA,NA,NA,NA,NA,NA
1/23/2026,01/02/2026,1,1,1,0.45,21,9,Accord,150,Middle,56,NA,NA,NA,NA,NA,NA,NA,NA,NA,NA,NA,NA,NA,NA,NA,NA,NA
1/23/2026,01/02/2026,1,1,1,0.45,21,9,Accord,150,Upper,56,NA,NA,NA,NA,NA,NA,NA,NA,NA,NA,NA,NA,NA,NA,NA,NA,NA
1/23/2026,01/02/2026,2,2,1,0.9,21,10,Maris_Peer,0,Lower,34,NA,NA,NA,NA,NA,NA,NA,NA,NA,NA,NA,NA,NA,NA,NA,NA,NA
1/23/2026,01/02/2026,2,2,1,0.9,21,10,Maris_Peer,0,Middle,34,NA,NA,NA,NA,NA,NA,NA,NA,NA,NA,NA,NA,NA,NA,NA,NA,NA
1/23/2026,01/02/2026,2,2,1,0.9,21,10,Maris_Peer,0,Upper,34,NA,NA,NA,NA,NA,NA,NA,NA,NA,NA,NA,NA,NA,NA,NA,NA,NA
1/23/2026,01/01/2026,3,3,1,1.35,22,11,Accord,0,Lower,56.5,NA,NA,NA,NA,NA,NA,NA,NA,NA,NA,NA,NA,NA,NA,NA,NA,NA
1/23/2026,01/01/2026,3,3,1,1.35,22,11,Accord,0,Middle,56.5,NA,NA,NA,NA,NA,NA,NA,NA,NA,NA,NA,NA,NA,NA,NA,NA,NA
1/23/2026,01/01/2026,3,3,1,1.35,22,11,Accord,0,Upper,56.5,NA,NA,NA,NA,NA,NA,NA,NA,NA,NA,NA,NA,NA,NA,NA,NA,NA
1/23/2026,01/01/2026,4,4,1,1.8,22,12,Maris_Peer,0,Lower,36.5,NA,NA,NA,NA,NA,NA,NA,NA,NA,NA,NA,NA,NA,NA,NA,NA,NA
1/23/2026,01/01/2026,4,4,1,1.8,22,12,Maris_Peer,0,Middle,36.5,NA,NA,NA,NA,NA,NA,NA,NA,NA,NA,NA,NA,NA,NA,NA,NA,NA
1/23/2026,01/01/2026,4,4,1,1.8,22,12,Maris_Peer,0,Upper,36.5,NA,NA,NA,NA,NA,NA,NA,NA,NA,NA,NA,NA,NA,NA,NA,NA,NA
1/23/2026,01/04/2026,5,5,1,2.25,19,13,Maris_Peer,150,Lower,26.5,NA,NA,NA,NA,NA,NA,NA,NA,NA,NA,NA,NA,NA,NA,NA,NA,NA
1/23/2026,01/04/2026,5,5,1,2.25,19,13,Maris_Peer,150,Middle,26.5,NA,NA,NA,NA,NA,NA,NA,NA,NA,NA,NA,NA,NA,NA,NA,NA,NA
1/23/2026,01/04/2026,5,5,1,2.25,19,13,Maris_Peer,150,Upper,26.5,NA,NA,NA,NA,NA,NA,NA,NA,NA,NA,NA,NA,NA,NA,NA,NA,NA
1/23/2026,01/02/2026,1,1,1.6,0.45,21,14,Maris_Peer,150,Lower,41,NA,NA,NA,NA,NA,NA,NA,NA,NA,NA,NA,NA,NA,NA,NA,NA,NA
1/23/2026,01/02/2026,1,1,1.6,0.45,21,14,Maris_Peer,150,Middle,41,NA,NA,NA,NA,NA,NA,NA,NA,NA,NA,NA,NA,NA,NA,NA,NA,NA
1/23/2026,01/02/2026,1,1,1.6,0.45,21,14,Maris_Peer,150,Upper,41,NA,NA,NA,NA,NA,NA,NA,NA,NA,NA,NA,NA,NA,NA,NA,NA,NA
1/23/2026,12/31/2025,2,2,1.6,0.9,23,15,Accord,150,Lower,64,NA,NA,NA,NA,NA,NA,NA,NA,NA,NA,NA,NA,NA,NA,NA,NA,NA
1/23/2026,12/31/2025,2,2,1.6,0.9,23,15,Accord,150,Middle,64,NA,NA,NA,NA,NA,NA,NA,NA,NA,NA,NA,NA,NA,NA,NA,NA,NA
1/23/2026,12/31/2025,2,2,1.6,0.9,23,15,Accord,150,Upper,64,NA,NA,NA,NA,NA,NA,NA,NA,NA,NA,NA,NA,NA,NA,NA,NA,NA
1/23/2026,12/31/2025,3,3,1.6,1.35,23,16,Jelly,0,Lower,52.5,NA,NA,NA,NA,NA,NA,NA,NA,NA,NA,NA,NA,NA,NA,NA,NA,NA
1/23/2026,12/31/2025,3,3,1.6,1.35,23,16,Jelly,0,Middle,52.5,NA,NA,NA,NA,NA,NA,NA,NA,NA,NA,NA,NA,NA,NA,NA,NA,NA
1/23/2026,12/31/2025,3,3,1.6,1.35,23,16,Jelly,0,Upper,52.5,NA,NA,NA,NA,NA,NA,NA,NA,NA,NA,NA,NA,NA,NA,NA,NA,NA
1/23/2026,01/02/2026,4,4,1.6,1.8,21,17,Maris_Peer,0,Lower,36.5,NA,NA,NA,NA,NA,NA,NA,NA,NA,NA,NA,NA,NA,NA,NA,NA,NA
1/23/2026,01/02/2026,4,4,1.6,1.8,21,17,Maris_Peer,0,Middle,36.5,NA,NA,NA,NA,NA,NA,NA,NA,NA,NA,NA,NA,NA,NA,NA,NA,NA
1/23/2026,01/02/2026,4,4,1.6,1.8,21,17,Maris_Peer,0,Upper,36.5,NA,NA,NA,NA,NA,NA,NA,NA,NA,NA,NA,NA,NA,NA,NA,NA,NA
1/23/2026,01/03/2026,5,5,1.6,2.25,20,18,Jelly,75,Lower,56,NA,NA,NA,NA,NA,NA,NA,NA,NA,NA,NA,NA,NA,NA,NA,NA,NA
1/23/2026,01/03/2026,5,5,1.6,2.25,20,18,Jelly,75,Middle,56,NA,NA,NA,NA,NA,NA,NA,NA,NA,NA,NA,NA,NA,NA,NA,NA,NA
1/23/2026,01/03/2026,5,5,1.6,2.25,20,18,Jelly,75,Upper,56,NA,NA,NA,NA,NA,NA,NA,NA,NA,NA,NA,NA,NA,NA,NA,NA,NA
1/23/2026,01/01/2026,1,1,2.2,0.45,22,19,Accord,75,Lower,59,NA,NA,NA,NA,NA,NA,NA,NA,NA,NA,NA,NA,NA,NA,NA,NA,NA
1/23/2026,01/01/2026,1,1,2.2,0.45,22,19,Accord,75,Middle,59,NA,NA,NA,NA,NA,NA,NA,NA,NA,NA,NA,NA,NA,NA,NA,NA,NA
1/23/2026,01/01/2026,1,1,2.2,0.45,22,19,Accord,75,Upper,59,NA,NA,NA,NA,NA,NA,NA,NA,NA,NA,NA,NA,NA,NA,NA,NA,NA
1/23/2026,01/01/2026,2,2,2.2,0.9,22,20,Accord,75,Lower,61,NA,NA,NA,NA,NA,NA,NA,NA,NA,NA,NA,NA,NA,NA,NA,NA,NA
1/23/2026,01/01/2026,2,2,2.2,0.9,22,20,Accord,75,Middle,61,NA,NA,NA,NA,NA,NA,NA,NA,NA,NA,NA,NA,NA,NA,NA,NA,NA
1/23/2026,01/01/2026,2,2,2.2,0.9,22,20,Accord,75,Upper,61,NA,NA,NA,NA,NA,NA,NA,NA,NA,NA,NA,NA,NA,NA,NA,NA,NA
1/23/2026,01/04/2026,3,3,2.2,1.35,19,21,Jelly,75,Lower,38,NA,NA,NA,NA,NA,NA,NA,NA,NA,NA,NA,NA,NA,NA,NA,NA,NA
1/23/2026,01/04/2026,3,3,2.2,1.35,19,21,Jelly,75,Middle,38,NA,NA,NA,NA,NA,NA,NA,NA,NA,NA,NA,NA,NA,NA,NA,NA,NA
1/23/2026,01/04/2026,3,3,2.2,1.35,19,21,Jelly,75,Upper,38,NA,NA,NA,NA,NA,NA,NA,NA,NA,NA,NA,NA,NA,NA,NA,NA,NA
1/23/2026,12/31/2025,4,4,2.2,1.8,23,22,Maris_Peer,150,Lower,41,NA,NA,NA,NA,NA,NA,NA,NA,NA,NA,NA,NA,NA,NA,NA,NA,NA
1/23/2026,12/31/2025,4,4,2.2,1.8,23,22,Maris_Peer,150,Middle,41,NA,NA,NA,NA,NA,NA,NA,NA,NA,NA,NA,NA,NA,NA,NA,NA,NA
1/23/2026,12/31/2025,4,4,2.2,1.8,23,22,Maris_Peer,150,Upper,41,NA,NA,NA,NA,NA,NA,NA,NA,NA,NA,NA,NA,NA,NA,NA,NA,NA
1/23/2026,01/02/2026,5,5,2.2,2.25,21,23,Maris_Peer,75,Lower,40,NA,NA,NA,NA,NA,NA,NA,NA,NA,NA,NA,NA,NA,NA,NA,NA,NA
1/23/2026,01/02/2026,5,5,2.2,2.25,21,23,Maris_Peer,75,Middle,40,NA,NA,NA,NA,NA,NA,NA,NA,NA,NA,NA,NA,NA,NA,NA,NA,NA
1/23/2026,01/02/2026,5,5,2.2,2.25,21,23,Maris_Peer,75,Upper,40,NA,NA,NA,NA,NA,NA,NA,NA,NA,NA,NA,NA,NA,NA,NA,NA,NA
1/23/2026,01/04/2026,1,1,2.8,0.45,19,24,Maris_Peer,75,Lower,29.5,NA,NA,NA,NA,NA,NA,NA,NA,NA,NA,NA,NA,NA,NA,NA,NA,NA
1/23/2026,01/04/2026,1,1,2.8,0.45,19,24,Maris_Peer,75,Middle,29.5,NA,NA,NA,NA,NA,NA,NA,NA,NA,NA,NA,NA,NA,NA,NA,NA,NA
1/23/2026,01/04/2026,1,1,2.8,0.45,19,24,Maris_Peer,75,Upper,29.5,NA,NA,NA,NA,NA,NA,NA,NA,NA,NA,NA,NA,NA,NA,NA,NA,NA
1/23/2026,01/01/2026,2,2,2.8,0.9,22,25,Jelly,75,Lower,42.5,NA,NA,NA,NA,NA,NA,NA,NA,NA,NA,NA,NA,NA,NA,NA,NA,NA
1/23/2026,01/01/2026,2,2,2.8,0.9,22,25,Jelly,75,Middle,42.5,NA,NA,NA,NA,NA,NA,NA,NA,NA,NA,NA,NA,NA,NA,NA,NA,NA
1/23/2026,01/01/2026,2,2,2.8,0.9,22,25,Jelly,75,Upper,42.5,NA,NA,NA,NA,NA,NA,NA,NA,NA,NA,NA,NA,NA,NA,NA,NA,NA
1/23/2026,01/01/2026,3,3,2.8,1.35,22,26,Jelly,0,Lower,49,NA,NA,NA,NA,NA,NA,NA,NA,NA,NA,NA,NA,NA,NA,NA,NA,NA
1/23/2026,01/01/2026,3,3,2.8,1.35,22,26,Jelly,0,Middle,49,NA,NA,NA,NA,NA,NA,NA,NA,NA,NA,NA,NA,NA,NA,NA,NA,NA
1/23/2026,01/01/2026,3,3,2.8,1.35,22,26,Jelly,0,Upper,49,NA,NA,NA,NA,NA,NA,NA,NA,NA,NA,NA,NA,NA,NA,NA,NA,NA
1/23/2026,01/01/2026,4,4,2.8,1.8,22,27,Jelly,75,Lower,47,NA,NA,NA,NA,NA,NA,NA,NA,NA,NA,NA,NA,NA,NA,NA,NA,NA
1/23/2026,01/01/2026,4,4,2.8,1.8,22,27,Jelly,75,Middle,47,NA,NA,NA,NA,NA,NA,NA,NA,NA,NA,NA,NA,NA,NA,NA,NA,NA
1/23/2026,01/01/2026,4,4,2.8,1.8,22,27,Jelly,75,Upper,47,NA,NA,NA,NA,NA,NA,NA,NA,NA,NA,NA,NA,NA,NA,NA,NA,NA
1/23/2026,01/02/2026,5,5,2.8,2.25,21,28,Jelly,150,Lower,54,NA,NA,NA,NA,NA,NA,NA,NA,NA,NA,NA,NA,NA,NA,NA,NA,NA
1/23/2026,01/02/2026,5,5,2.8,2.25,21,28,Jelly,150,Middle,54,NA,NA,NA,NA,NA,NA,NA,NA,NA,NA,NA,NA,NA,NA,NA,NA,NA
1/23/2026,01/02/2026,5,5,2.8,2.25,21,28,Jelly,150,Upper,54,NA,NA,NA,NA,NA,NA,NA,NA,NA,NA,NA,NA,NA,NA,NA,NA,NA
1/23/2026,12/31/2025,1,1,3.5,0.45,23,29,Accord,0,Lower,74.5,NA,NA,NA,NA,NA,NA,NA,NA,NA,NA,NA,NA,NA,NA,NA,NA,NA
1/23/2026,12/31/2025,1,1,3.5,0.45,23,29,Accord,0,Middle,74.5,NA,NA,NA,NA,NA,NA,NA,NA,NA,NA,NA,NA,NA,NA,NA,NA,NA
1/23/2026,12/31/2025,1,1,3.5,0.45,23,29,Accord,0,Upper,74.5,NA,NA,NA,NA,NA,NA,NA,NA,NA,NA,NA,NA,NA,NA,NA,NA,NA
1/23/2026,12/31/2025,2,2,3.7,0.9,23,30,Accord,150,Lower,52,NA,NA,NA,NA,NA,NA,NA,NA,NA,NA,NA,NA,NA,NA,NA,NA,NA
1/23/2026,12/31/2025,2,2,3.7,0.9,23,30,Accord,150,Middle,52,NA,NA,NA,NA,NA,NA,NA,NA,NA,NA,NA,NA,NA,NA,NA,NA,NA
1/23/2026,12/31/2025,2,2,3.7,0.9,23,30,Accord,150,Upper,52,NA,NA,NA,NA,NA,NA,NA,NA,NA,NA,NA,NA,NA,NA,NA,NA,NA
1/23/2026,12/31/2025,3,3,3.5,1.35,23,31,Accord,0,Lower,59,NA,NA,NA,NA,NA,NA,NA,NA,NA,NA,NA,NA,NA,NA,NA,NA,NA
1/23/2026,12/31/2025,3,3,3.5,1.35,23,31,Accord,0,Middle,59,NA,NA,NA,NA,NA,NA,NA,NA,NA,NA,NA,NA,NA,NA,NA,NA,NA
1/23/2026,12/31/2025,3,3,3.5,1.35,23,31,Accord,0,Upper,59,NA,NA,NA,NA,NA,NA,NA,NA,NA,NA,NA,NA,NA,NA,NA,NA,NA
1/23/2026,12/30/2025,4,4,3.7,1.8,24,32,Accord,75,Lower,49,NA,NA,NA,NA,NA,NA,NA,NA,NA,NA,NA,NA,NA,NA,NA,NA,NA
1/23/2026,12/30/2025,4,4,3.7,1.8,24,32,Accord,75,Middle,49,NA,NA,NA,NA,NA,NA,NA,NA,NA,NA,NA,NA,NA,NA,NA,NA,NA
1/23/2026,12/30/2025,4,4,3.7,1.8,24,32,Accord,75,Upper,49,NA,NA,NA,NA,NA,NA,NA,NA,NA,NA,NA,NA,NA,NA,NA,NA,NA
1/23/2026,01/01/2026,5,5,3.5,2.25,22,33,Maris_Peer,75,Lower,34,NA,NA,NA,NA,NA,NA,NA,NA,NA,NA,NA,NA,NA,NA,NA,NA,NA
1/23/2026,01/01/2026,5,5,3.5,2.25,22,33,Maris_Peer,75,Middle,34,NA,NA,NA,NA,NA,NA,NA,NA,NA,NA,NA,NA,NA,NA,NA,NA,NA
1/23/2026,01/01/2026,5,5,3.5,2.25,22,33,Maris_Peer,75,Upper,34,NA,NA,NA,NA,NA,NA,NA,NA,NA,NA,NA,NA,NA,NA,NA,NA,NA
1/23/2026,01/05/2026,6,6,3.7,2.7,18,34,Maris_Peer,75,Lower,19.5,NA,NA,NA,NA,NA,NA,NA,NA,NA,NA,NA,NA,NA,NA,NA,NA,NA
1/23/2026,01/05/2026,6,6,3.7,2.7,18,34,Maris_Peer,75,Middle,19.5,NA,NA,NA,NA,NA,NA,NA,NA,NA,NA,NA,NA,NA,NA,NA,NA,NA
1/23/2026,01/05/2026,6,6,3.7,2.7,18,34,Maris_Peer,75,Upper,19.5,NA,NA,NA,NA,NA,NA,NA,NA,NA,NA,NA,NA,NA,NA,NA,NA,NA
1/23/2026,01/01/2026,7,7,3.5,3.15,22,35,Jelly,0,Lower,45,NA,NA,NA,NA,NA,NA,NA,NA,NA,NA,NA,NA,NA,NA,NA,NA,NA
1/23/2026,01/01/2026,7,7,3.5,3.15,22,35,Jelly,0,Middle,45,NA,NA,NA,NA,NA,NA,NA,NA,NA,NA,NA,NA,NA,NA,NA,NA,NA
1/23/2026,01/01/2026,7,7,3.5,3.15,22,35,Jelly,0,Upper,45,NA,NA,NA,NA,NA,NA,NA,NA,NA,NA,NA,NA,NA,NA,NA,NA,NA
1/23/2026,12/31/2025,8,8,3.7,3.6,23,36,Accord,75,Lower,61.5,NA,NA,NA,NA,NA,NA,NA,NA,NA,NA,NA,NA,NA,NA,NA,NA,NA
1/23/2026,12/31/2025,8,8,3.7,3.6,23,36,Accord,75,Middle,61.5,NA,NA,NA,NA,NA,NA,NA,NA,NA,NA,NA,NA,NA,NA,NA,NA,NA
1/23/2026,12/31/2025,8,8,3.7,3.6,23,36,Accord,75,Upper,61.5,NA,NA,NA,NA,NA,NA,NA,NA,NA,NA,NA,NA,NA,NA,NA,NA,NA
1/26/2026,12/31/2025,1,1,0.35,0.45,26,1,Jelly,150,Lower,66,NA,0.63,65.587,0.922,0.606,0.199,0.194,17.89,36.872,0.707,0.639,41.83,24.02,24.61,0.59,NA,NA
1/26/2026,12/31/2025,1,1,0.35,0.45,26,1,Jelly,150,Middle,66,NA,1.01,103.515,0.887,0.602,0.187,0.211,28.04,46.61,0.721,0.584,41.37,24.49,24.23,-0.26,NA,NA
1/26/2026,12/31/2025,1,1,0.35,0.45,26,1,Jelly,150,Upper,66,NA,0.58,142.708,0.94,0.61,0.174,0.215,39.17,63.079,0.729,0.581,40.63,24.89,24.03,-0.86,NA,NA
1/26/2026,12/31/2025,1,2,0.5,0.9,26,2,Maris_Peer,0,Lower,47,NA,0.48,84.299,0.802,0.632,0.158,0.21,23.97,42.714,0.736,0.617,39.83,25.1,24.13,-0.97,NA,NA
1/26/2026,12/31/2025,1,2,0.5,0.9,26,2,Maris_Peer,0,Middle,47,NA,0.33,122.795,0.82,0.625,0.161,0.214,34.54,55.056,0.736,0.598,40.28,25.23,24.27,-0.96,NA,NA
1/26/2026,12/31/2025,1,2,0.5,0.9,26,2,Maris_Peer,0,Upper,47,NA,0.62,129.135,0.893,0.625,0.165,0.211,36.32,50.287,0.733,0.608,39.87,25.35,24.23,-1.12,NA,NA
1/26/2026,12/31/2025,1,3,0.35,1.35,26,3,Maris_Peer,150,Lower,48,NA,0.99,102.308,0.789,0.625,0.161,0.213,28.77,50.98,0.735,0.6,39.24,25.47,24.33,-1.14,NA,NA
1/26/2026,12/31/2025,1,3,0.35,1.35,26,3,Maris_Peer,150,Middle,48,NA,0.33,81.354,0.806,0.637,0.16,0.203,23.32,53.037,0.732,0.644,38.96,25.57,24.43,-1.14,NA,NA
1/26/2026,12/31/2025,1,3,0.35,1.35,26,3,Maris_Peer,150,Upper,48,NA,1.2,142.361,0.8,0.626,0.169,0.206,40.1,53.802,0.728,0.624,38.19,25.64,24.37,-1.27,NA,NA
1/26/2026,12/31/2025,1,4,0.5,1.8,26,4,Jelly,150,Lower,60,NA,0.76,50.586,0.792,0.635,0.167,0.198,14.45,39.5,0.726,0.659,37.71,25.59,25.33,-0.26,NA,NA
1/26/2026,12/31/2025,1,4,0.5,1.8,26,4,Jelly,150,Middle,60,NA,0.4,121.621,0.904,0.605,0.188,0.208,33.11,47.496,0.719,0.597,38.04,25.67,25.39,-0.28,NA,NA
1/26/2026,12/31/2025,1,4,0.5,1.8,26,4,Jelly,150,Upper,60,NA,0.46,145.66,0.956,0.601,0.195,0.204,39.39,57.315,0.714,0.604,38.5,25.81,25.71,-0.1,NA,NA
1/26/2026,01/03/2026,1,5,0.35,2.25,23,5,Accord,0,Lower,86,NA,1,106.902,0.737,0.618,0.162,0.22,29.73,50.731,0.737,0.575,38.23,25.96,25.09,-0.87,NA,NA
1/26/2026,01/03/2026,1,5,0.35,2.25,23,5,Accord,0,Middle,86,NA,1.06,121.499,0.836,0.62,0.173,0.207,33.9,42.663,0.727,0.614,37.41,26.08,25.05,-1.03,NA,NA
1/26/2026,01/03/2026,1,5,0.35,2.25,23,5,Accord,0,Upper,86,NA,0.69,154.986,0.863,0.613,0.179,0.208,42.75,43.341,0.724,0.605,37.69,26.2,26.29,0.09,NA,NA
1/26/2026,01/02/2026,1,6,0.5,2.7,24,6,Jelly,150,Lower,47,NA,0.68,69.772,0.938,0.61,0.189,0.201,19.15,36.637,0.716,0.621,37.16,26.33,25.29,-1.04,NA,NA
1/26/2026,01/02/2026,1,6,0.5,2.7,24,6,Jelly,150,Middle,47,NA,0.47,106.081,0.866,0.618,0.177,0.205,29.5,46.472,0.723,0.618,37.44,26.51,25.15,-1.36,NA,NA
1/26/2026,01/02/2026,1,6,0.5,2.7,24,6,Jelly,150,Upper,47,NA,0.45,128,0.909,0.614,0.184,0.202,35.37,54.354,0.719,0.621,37.71,26.62,25.09,-1.53,NA,NA
1/26/2026,01/01/2026,1,7,0.35,3.15,25,7,Accord,150,Lower,64,NA,0.77,64.875,0.79,0.635,0.161,0.204,18.54,39.051,0.732,0.638,36.81,26.76,25.39,-1.37,NA,NA
1/26/2026,01/01/2026,1,7,0.35,3.15,25,7,Accord,150,Middle,64,NA,0.68,77.718,0.897,0.623,0.178,0.199,21.79,44.177,0.72,0.642,36.31,27.04,25.33,-1.71,NA,NA
1/26/2026,01/01/2026,1,7,0.35,3.15,25,7,Accord,150,Upper,64,NA,0.48,140.68,0.81,0.622,0.169,0.209,39.38,45.801,0.729,0.611,36.02,27.17,25.63,-1.54,NA,NA
1/26/2026,01/03/2026,1,8,0.5,3.6,23,8,Jelly,0,Lower,73,NA,0.72,71.154,0.856,0.614,0.178,0.208,19.66,41.054,0.724,0.604,36.15,26.87,25.19,-1.68,NA,NA
1/26/2026,01/03/2026,1,8,0.5,3.6,23,8,Jelly,0,Middle,73,NA,0.42,83.048,0.912,0.603,0.19,0.208,22.54,35.957,0.718,0.594,35.64,26.94,25.19,-1.75,NA,NA
1/26/2026,01/03/2026,1,8,0.5,3.6,23,8,Jelly,0,Upper,73,NA,0.64,125.417,0.874,0.614,0.18,0.206,34.65,53.396,0.723,0.61,35.65,26.96,25.19,-1.77,NA,NA
1/26/2026,01/02/2026,2,1,1,0.45,24,9,Accord,150,Lower,66,NA,0.6,82.917,0.761,0.616,0.166,0.218,22.98,38.024,0.735,0.579,38.9,25.59,25.09,-0.5,NA,NA
1/26/2026,01/02/2026,2,1,1,0.45,24,9,Accord,150,Middle,66,NA,0.42,92.308,0.834,0.623,0.171,0.206,25.88,43.682,0.727,0.621,39.65,25.79,25.29,-0.5,NA,NA
1/26/2026,01/02/2026,2,1,1,0.45,24,9,Accord,150,Upper,66,NA,0.79,126.012,0.847,0.629,0.17,0.201,35.67,40.984,0.725,0.642,39.11,25.95,25.09,-0.86,NA,NA
1/26/2026,01/02/2026,2,2,1,0.9,24,10,Maris_Peer,0,Lower,46.5,NA,0.19,81.303,0.781,0.639,0.158,0.203,23.38,43.515,0.733,0.647,38.33,26.04,24.95,-1.09,NA,NA
1/26/2026,01/02/2026,2,2,1,0.9,24,10,Maris_Peer,0,Middle,46.5,NA,0.24,108.183,0.831,0.624,0.171,0.206,30.38,48.879,0.727,0.621,38.2,26.06,24.71,-1.35,NA,NA
1/26/2026,01/02/2026,2,2,1,0.9,24,10,Maris_Peer,0,Upper,46.5,NA,0.78,128.252,0.817,0.625,0.169,0.206,36.07,52.722,0.729,0.62,38.59,26.09,24.81,-1.28,NA,NA
1/26/2026,01/01/2026,2,3,1,1.35,25,11,Accord,0,Lower,68,NA,NA,NA,NA,NA,NA,NA,NA,NA,NA,NA,NA,NA,NA,NA,NA,NA
1/26/2026,01/01/2026,2,3,1,1.35,25,11,Accord,0,Middle,68,NA,NA,NA,NA,NA,NA,NA,NA,NA,NA,NA,NA,NA,NA,NA,NA,NA
1/26/2026,01/01/2026,2,3,1,1.35,25,11,Accord,0,Upper,68,NA,NA,NA,NA,NA,NA,NA,NA,NA,NA,NA,NA,NA,NA,NA,NA,NA
1/26/2026,01/01/2026,2,4,1,1.8,25,12,Maris_Peer,0,Lower,47,NA,NA,NA,NA,NA,NA,NA,NA,NA,NA,NA,NA,NA,NA,NA,NA,NA
1/26/2026,01/01/2026,2,4,1,1.8,25,12,Maris_Peer,0,Middle,47,NA,NA,NA,NA,NA,NA,NA,NA,NA,NA,NA,NA,NA,NA,NA,NA,NA
1/26/2026,01/01/2026,2,4,1,1.8,25,12,Maris_Peer,0,Upper,47,NA,NA,NA,NA,NA,NA,NA,NA,NA,NA,NA,NA,NA,NA,NA,NA,NA
1/26/2026,01/04/2026,2,5,1,2.25,22,13,Maris_Peer,150,Lower,36,NA,NA,NA,NA,NA,NA,NA,NA,NA,NA,NA,NA,NA,NA,NA,NA,NA
1/26/2026,01/04/2026,2,5,1,2.25,22,13,Maris_Peer,150,Middle,36,NA,NA,NA,NA,NA,NA,NA,NA,NA,NA,NA,NA,NA,NA,NA,NA,NA
1/26/2026,01/04/2026,2,5,1,2.25,22,13,Maris_Peer,150,Upper,36,NA,NA,NA,NA,NA,NA,NA,NA,NA,NA,NA,NA,NA,NA,NA,NA,NA
1/26/2026,01/02/2026,3,1,1.6,0.45,24,14,Maris_Peer,150,Lower,54,NA,NA,NA,NA,NA,NA,NA,NA,NA,NA,NA,NA,NA,NA,NA,NA,NA
1/26/2026,01/02/2026,3,1,1.6,0.45,24,14,Maris_Peer,150,Middle,54,NA,NA,NA,NA,NA,NA,NA,NA,NA,NA,NA,NA,NA,NA,NA,NA,NA
1/26/2026,01/02/2026,3,1,1.6,0.45,24,14,Maris_Peer,150,Upper,54,NA,NA,NA,NA,NA,NA,NA,NA,NA,NA,NA,NA,NA,NA,NA,NA,NA
1/26/2026,12/31/2025,3,2,1.6,0.9,26,15,Accord,150,Lower,73,NA,NA,NA,NA,NA,NA,NA,NA,NA,NA,NA,NA,NA,NA,NA,NA,NA
1/26/2026,12/31/2025,3,2,1.6,0.9,26,15,Accord,150,Middle,73,NA,NA,NA,NA,NA,NA,NA,NA,NA,NA,NA,NA,NA,NA,NA,NA,NA
1/26/2026,12/31/2025,3,2,1.6,0.9,26,15,Accord,150,Upper,73,NA,NA,NA,NA,NA,NA,NA,NA,NA,NA,NA,NA,NA,NA,NA,NA,NA
1/26/2026,12/31/2025,3,3,1.6,1.35,26,16,Jelly,0,Lower,64,NA,NA,NA,NA,NA,NA,NA,NA,NA,NA,NA,NA,NA,NA,NA,NA,NA
1/26/2026,12/31/2025,3,3,1.6,1.35,26,16,Jelly,0,Middle,64,NA,NA,NA,NA,NA,NA,NA,NA,NA,NA,NA,NA,NA,NA,NA,NA,NA
1/26/2026,12/31/2025,3,3,1.6,1.35,26,16,Jelly,0,Upper,64,NA,NA,NA,NA,NA,NA,NA,NA,NA,NA,NA,NA,NA,NA,NA,NA,NA
1/26/2026,01/02/2026,3,4,1.6,1.8,24,17,Maris_Peer,0,Lower,39,NA,NA,NA,NA,NA,NA,NA,NA,NA,NA,NA,NA,NA,NA,NA,NA,NA
1/26/2026,01/02/2026,3,4,1.6,1.8,24,17,Maris_Peer,0,Middle,39,NA,NA,NA,NA,NA,NA,NA,NA,NA,NA,NA,NA,NA,NA,NA,NA,NA
1/26/2026,01/02/2026,3,4,1.6,1.8,24,17,Maris_Peer,0,Upper,39,NA,NA,NA,NA,NA,NA,NA,NA,NA,NA,NA,NA,NA,NA,NA,NA,NA
1/26/2026,01/03/2026,3,5,1.6,2.25,23,18,Jelly,75,Lower,68,NA,NA,NA,NA,NA,NA,NA,NA,NA,NA,NA,NA,NA,NA,NA,NA,NA
1/26/2026,01/03/2026,3,5,1.6,2.25,23,18,Jelly,75,Middle,68,NA,NA,NA,NA,NA,NA,NA,NA,NA,NA,NA,NA,NA,NA,NA,NA,NA
1/26/2026,01/03/2026,3,5,1.6,2.25,23,18,Jelly,75,Upper,68,NA,NA,NA,NA,NA,NA,NA,NA,NA,NA,NA,NA,NA,NA,NA,NA,NA
1/26/2026,01/01/2026,4,1,2.2,0.45,25,19,Accord,75,Lower,65,NA,NA,NA,NA,NA,NA,NA,NA,NA,NA,NA,NA,NA,NA,NA,NA,NA
1/26/2026,01/01/2026,4,1,2.2,0.45,25,19,Accord,75,Middle,65,NA,NA,NA,NA,NA,NA,NA,NA,NA,NA,NA,NA,NA,NA,NA,NA,NA
1/26/2026,01/01/2026,4,1,2.2,0.45,25,19,Accord,75,Upper,65,NA,NA,NA,NA,NA,NA,NA,NA,NA,NA,NA,NA,NA,NA,NA,NA,NA
1/26/2026,01/01/2026,4,2,2.2,0.9,25,20,Accord,75,Lower,75,NA,NA,NA,NA,NA,NA,NA,NA,NA,NA,NA,NA,NA,NA,NA,NA,NA
1/26/2026,01/01/2026,4,2,2.2,0.9,25,20,Accord,75,Middle,75,NA,NA,NA,NA,NA,NA,NA,NA,NA,NA,NA,NA,NA,NA,NA,NA,NA
1/26/2026,01/01/2026,4,2,2.2,0.9,25,20,Accord,75,Upper,75,NA,NA,NA,NA,NA,NA,NA,NA,NA,NA,NA,NA,NA,NA,NA,NA,NA
1/26/2026,01/04/2026,4,3,2.2,1.35,22,21,Jelly,75,Lower,46,NA,NA,NA,NA,NA,NA,NA,NA,NA,NA,NA,NA,NA,NA,NA,NA,NA
1/26/2026,01/04/2026,4,3,2.2,1.35,22,21,Jelly,75,Middle,46,NA,NA,NA,NA,NA,NA,NA,NA,NA,NA,NA,NA,NA,NA,NA,NA,NA
1/26/2026,01/04/2026,4,3,2.2,1.35,22,21,Jelly,75,Upper,46,NA,NA,NA,NA,NA,NA,NA,NA,NA,NA,NA,NA,NA,NA,NA,NA,NA
1/26/2026,12/31/2025,4,4,2.2,1.8,26,22,Maris_Peer,150,Lower,47,NA,NA,NA,NA,NA,NA,NA,NA,NA,NA,NA,NA,NA,NA,NA,NA,NA
1/26/2026,12/31/2025,4,4,2.2,1.8,26,22,Maris_Peer,150,Middle,47,NA,NA,NA,NA,NA,NA,NA,NA,NA,NA,NA,NA,NA,NA,NA,NA,NA
1/26/2026,12/31/2025,4,4,2.2,1.8,26,22,Maris_Peer,150,Upper,47,NA,NA,NA,NA,NA,NA,NA,NA,NA,NA,NA,NA,NA,NA,NA,NA,NA
1/26/2026,01/02/2026,4,5,2.2,2.25,24,23,Maris_Peer,75,Lower,52,NA,NA,NA,NA,NA,NA,NA,NA,NA,NA,NA,NA,NA,NA,NA,NA,NA
1/26/2026,01/02/2026,4,5,2.2,2.25,24,23,Maris_Peer,75,Middle,52,NA,NA,NA,NA,NA,NA,NA,NA,NA,NA,NA,NA,NA,NA,NA,NA,NA
1/26/2026,01/02/2026,4,5,2.2,2.25,24,23,Maris_Peer,75,Upper,52,NA,NA,NA,NA,NA,NA,NA,NA,NA,NA,NA,NA,NA,NA,NA,NA,NA
1/26/2026,01/04/2026,5,1,2.8,0.45,22,24,Maris_Peer,75,Lower,38,NA,NA,NA,NA,NA,NA,NA,NA,NA,NA,NA,NA,NA,NA,NA,NA,NA
1/26/2026,01/04/2026,5,1,2.8,0.45,22,24,Maris_Peer,75,Middle,38,NA,NA,NA,NA,NA,NA,NA,NA,NA,NA,NA,NA,NA,NA,NA,NA,NA
1/26/2026,01/04/2026,5,1,2.8,0.45,22,24,Maris_Peer,75,Upper,38,NA,NA,NA,NA,NA,NA,NA,NA,NA,NA,NA,NA,NA,NA,NA,NA,NA
1/26/2026,01/01/2026,5,2,2.8,0.9,25,25,Jelly,75,Lower,49,NA,NA,NA,NA,NA,NA,NA,NA,NA,NA,NA,NA,NA,NA,NA,NA,NA
1/26/2026,01/01/2026,5,2,2.8,0.9,25,25,Jelly,75,Middle,49,NA,NA,NA,NA,NA,NA,NA,NA,NA,NA,NA,NA,NA,NA,NA,NA,NA
1/26/2026,01/01/2026,5,2,2.8,0.9,25,25,Jelly,75,Upper,49,NA,NA,NA,NA,NA,NA,NA,NA,NA,NA,NA,NA,NA,NA,NA,NA,NA
1/26/2026,01/01/2026,5,3,2.8,1.35,25,26,Jelly,0,Lower,59.5,NA,NA,NA,NA,NA,NA,NA,NA,NA,NA,NA,NA,NA,NA,NA,NA,NA
1/26/2026,01/01/2026,5,3,2.8,1.35,25,26,Jelly,0,Middle,59.5,NA,NA,NA,NA,NA,NA,NA,NA,NA,NA,NA,NA,NA,NA,NA,NA,NA
1/26/2026,01/01/2026,5,3,2.8,1.35,25,26,Jelly,0,Upper,59.5,NA,NA,NA,NA,NA,NA,NA,NA,NA,NA,NA,NA,NA,NA,NA,NA,NA
1/26/2026,01/01/2026,5,4,2.8,1.8,25,27,Jelly,75,Lower,55.5,NA,NA,NA,NA,NA,NA,NA,NA,NA,NA,NA,NA,NA,NA,NA,NA,NA
1/26/2026,01/01/2026,5,4,2.8,1.8,25,27,Jelly,75,Middle,55.5,NA,NA,NA,NA,NA,NA,NA,NA,NA,NA,NA,NA,NA,NA,NA,NA,NA
1/26/2026,01/01/2026,5,4,2.8,1.8,25,27,Jelly,75,Upper,55.5,NA,NA,NA,NA,NA,NA,NA,NA,NA,NA,NA,NA,NA,NA,NA,NA,NA
1/26/2026,01/02/2026,5,5,2.8,2.25,24,28,Jelly,150,Lower,64,NA,NA,NA,NA,NA,NA,NA,NA,NA,NA,NA,NA,NA,NA,NA,NA,NA
1/26/2026,01/02/2026,5,5,2.8,2.25,24,28,Jelly,150,Middle,64,NA,NA,NA,NA,NA,NA,NA,NA,NA,NA,NA,NA,NA,NA,NA,NA,NA
1/26/2026,01/02/2026,5,5,2.8,2.25,24,28,Jelly,150,Upper,64,NA,NA,NA,NA,NA,NA,NA,NA,NA,NA,NA,NA,NA,NA,NA,NA,NA
1/26/2026,12/31/2025,6,1,3.5,0.45,26,29,Accord,0,Lower,82,NA,NA,NA,NA,NA,NA,NA,NA,NA,NA,NA,NA,NA,NA,NA,NA,NA
1/26/2026,12/31/2025,6,1,3.5,0.45,26,29,Accord,0,Middle,82,NA,NA,NA,NA,NA,NA,NA,NA,NA,NA,NA,NA,NA,NA,NA,NA,NA
1/26/2026,12/31/2025,6,1,3.5,0.45,26,29,Accord,0,Upper,82,NA,NA,NA,NA,NA,NA,NA,NA,NA,NA,NA,NA,NA,NA,NA,NA,NA
1/26/2026,12/31/2025,6,2,3.7,0.9,26,30,Accord,150,Lower,64,NA,NA,NA,NA,NA,NA,NA,NA,NA,NA,NA,NA,NA,NA,NA,NA,NA
1/26/2026,12/31/2025,6,2,3.7,0.9,26,30,Accord,150,Middle,64,NA,NA,NA,NA,NA,NA,NA,NA,NA,NA,NA,NA,NA,NA,NA,NA,NA
1/26/2026,12/31/2025,6,2,3.7,0.9,26,30,Accord,150,Upper,64,NA,NA,NA,NA,NA,NA,NA,NA,NA,NA,NA,NA,NA,NA,NA,NA,NA
1/26/2026,12/31/2025,6,3,3.5,1.35,26,31,Accord,0,Lower,68,NA,NA,NA,NA,NA,NA,NA,NA,NA,NA,NA,NA,NA,NA,NA,NA,NA
1/26/2026,12/31/2025,6,3,3.5,1.35,26,31,Accord,0,Middle,68,NA,NA,NA,NA,NA,NA,NA,NA,NA,NA,NA,NA,NA,NA,NA,NA,NA
1/26/2026,12/31/2025,6,3,3.5,1.35,26,31,Accord,0,Upper,68,NA,NA,NA,NA,NA,NA,NA,NA,NA,NA,NA,NA,NA,NA,NA,NA,NA
1/26/2026,12/30/2025,6,4,3.7,1.8,27,32,Accord,75,Lower,59,NA,NA,NA,NA,NA,NA,NA,NA,NA,NA,NA,NA,NA,NA,NA,NA,NA
1/26/2026,12/30/2025,6,4,3.7,1.8,27,32,Accord,75,Middle,59,NA,NA,NA,NA,NA,NA,NA,NA,NA,NA,NA,NA,NA,NA,NA,NA,NA
1/26/2026,12/30/2025,6,4,3.7,1.8,27,32,Accord,75,Upper,59,NA,NA,NA,NA,NA,NA,NA,NA,NA,NA,NA,NA,NA,NA,NA,NA,NA
1/26/2026,01/01/2026,6,5,3.5,2.25,25,33,Maris_Peer,75,Lower,43,NA,NA,NA,NA,NA,NA,NA,NA,NA,NA,NA,NA,NA,NA,NA,NA,NA
1/26/2026,01/01/2026,6,5,3.5,2.25,25,33,Maris_Peer,75,Middle,43,NA,NA,NA,NA,NA,NA,NA,NA,NA,NA,NA,NA,NA,NA,NA,NA,NA
1/26/2026,01/01/2026,6,5,3.5,2.25,25,33,Maris_Peer,75,Upper,43,NA,NA,NA,NA,NA,NA,NA,NA,NA,NA,NA,NA,NA,NA,NA,NA,NA
1/26/2026,01/05/2026,6,6,3.7,2.7,21,34,Maris_Peer,75,Lower,25.5,NA,NA,NA,NA,NA,NA,NA,NA,NA,NA,NA,NA,NA,NA,NA,NA,NA
1/26/2026,01/05/2026,6,6,3.7,2.7,21,34,Maris_Peer,75,Middle,25.5,NA,NA,NA,NA,NA,NA,NA,NA,NA,NA,NA,NA,NA,NA,NA,NA,NA
1/26/2026,01/05/2026,6,6,3.7,2.7,21,34,Maris_Peer,75,Upper,25.5,NA,NA,NA,NA,NA,NA,NA,NA,NA,NA,NA,NA,NA,NA,NA,NA,NA
1/26/2026,01/01/2026,6,7,3.5,3.15,25,35,Jelly,0,Lower,52,NA,NA,NA,NA,NA,NA,NA,NA,NA,NA,NA,NA,NA,NA,NA,NA,NA
1/26/2026,01/01/2026,6,7,3.5,3.15,25,35,Jelly,0,Middle,52,NA,NA,NA,NA,NA,NA,NA,NA,NA,NA,NA,NA,NA,NA,NA,NA,NA
1/26/2026,01/01/2026,6,7,3.5,3.15,25,35,Jelly,0,Upper,52,NA,NA,NA,NA,NA,NA,NA,NA,NA,NA,NA,NA,NA,NA,NA,NA,NA
1/26/2026,12/31/2025,6,8,3.7,3.6,26,36,Accord,75,Lower,71,NA,NA,NA,NA,NA,NA,NA,NA,NA,NA,NA,NA,NA,NA,NA,NA,NA
1/26/2026,12/31/2025,6,8,3.7,3.6,26,36,Accord,75,Middle,71,NA,NA,NA,NA,NA,NA,NA,NA,NA,NA,NA,NA,NA,NA,NA,NA,NA
1/26/2026,12/31/2025,6,8,3.7,3.6,26,36,Accord,75,Upper,71,NA,NA,NA,NA,NA,NA,NA,NA,NA,NA,NA,NA,NA,NA,NA,NA,NA
1/27/2026,12/31/2025,1,1,0.35,0.45,27,1,Jelly,150,Lower,NA,NA,NA,NA,NA,NA,NA,NA,NA,NA,NA,NA,NA,NA,NA,NA,NA,NA
1/27/2026,12/31/2025,1,1,0.35,0.45,27,1,Jelly,150,Middle,NA,NA,NA,NA,NA,NA,NA,NA,NA,NA,NA,NA,NA,NA,NA,NA,NA,NA
1/27/2026,12/31/2025,1,1,0.35,0.45,27,1,Jelly,150,Upper,NA,NA,NA,NA,NA,NA,NA,NA,NA,NA,NA,NA,NA,NA,NA,NA,NA,NA
1/27/2026,12/31/2025,2,2,0.5,0.9,27,2,Maris_Peer,0,Lower,NA,59.00%,NA,NA,NA,NA,NA,NA,NA,NA,NA,NA,NA,NA,NA,NA,NA,NA
1/27/2026,12/31/2025,2,2,0.5,0.9,27,2,Maris_Peer,0,Middle,NA,59.00%,NA,NA,NA,NA,NA,NA,NA,NA,NA,NA,NA,NA,NA,NA,NA,NA
1/27/2026,12/31/2025,2,2,0.5,0.9,27,2,Maris_Peer,0,Upper,NA,59.00%,NA,NA,NA,NA,NA,NA,NA,NA,NA,NA,NA,NA,NA,NA,NA,NA
1/27/2026,12/31/2025,3,3,0.35,1.35,27,3,Maris_Peer,150,Lower,NA,69.70%,NA,NA,NA,NA,NA,NA,NA,NA,NA,NA,NA,NA,NA,NA,NA,NA
1/27/2026,12/31/2025,3,3,0.35,1.35,27,3,Maris_Peer,150,Middle,NA,69.70%,NA,NA,NA,NA,NA,NA,NA,NA,NA,NA,NA,NA,NA,NA,NA,NA
1/27/2026,12/31/2025,3,3,0.35,1.35,27,3,Maris_Peer,150,Upper,NA,69.70%,NA,NA,NA,NA,NA,NA,NA,NA,NA,NA,NA,NA,NA,NA,NA,NA
1/27/2026,12/31/2025,4,4,0.5,1.8,27,4,Jelly,150,Lower,NA,69.00%,NA,NA,NA,NA,NA,NA,NA,NA,NA,NA,NA,NA,NA,NA,NA,NA
1/27/2026,12/31/2025,4,4,0.5,1.8,27,4,Jelly,150,Middle,NA,69.00%,NA,NA,NA,NA,NA,NA,NA,NA,NA,NA,NA,NA,NA,NA,NA,NA
1/27/2026,12/31/2025,4,4,0.5,1.8,27,4,Jelly,150,Upper,NA,69.00%,NA,NA,NA,NA,NA,NA,NA,NA,NA,NA,NA,NA,NA,NA,NA,NA
1/27/2026,01/03/2026,5,5,0.35,2.25,24,5,Accord,0,Lower,NA,NA,NA,NA,NA,NA,NA,NA,NA,NA,NA,NA,NA,NA,NA,NA,NA,NA
1/27/2026,01/03/2026,5,5,0.35,2.25,24,5,Accord,0,Middle,NA,NA,NA,NA,NA,NA,NA,NA,NA,NA,NA,NA,NA,NA,NA,NA,NA,NA
1/27/2026,01/03/2026,5,5,0.35,2.25,24,5,Accord,0,Upper,NA,NA,NA,NA,NA,NA,NA,NA,NA,NA,NA,NA,NA,NA,NA,NA,NA,NA
1/27/2026,01/02/2026,6,6,0.5,2.7,25,6,Jelly,150,Lower,NA,60.00%,NA,NA,NA,NA,NA,NA,NA,NA,NA,NA,NA,NA,NA,NA,NA,NA
1/27/2026,01/02/2026,6,6,0.5,2.7,25,6,Jelly,150,Middle,NA,60.00%,NA,NA,NA,NA,NA,NA,NA,NA,NA,NA,NA,NA,NA,NA,NA,NA
1/27/2026,01/02/2026,6,6,0.5,2.7,25,6,Jelly,150,Upper,NA,60.00%,NA,NA,NA,NA,NA,NA,NA,NA,NA,NA,NA,NA,NA,NA,NA,NA
1/27/2026,01/01/2026,7,7,0.35,3.15,26,7,Accord,150,Lower,NA,NA,NA,NA,NA,NA,NA,NA,NA,NA,NA,NA,NA,NA,NA,NA,NA,NA
1/27/2026,01/01/2026,7,7,0.35,3.15,26,7,Accord,150,Middle,NA,NA,NA,NA,NA,NA,NA,NA,NA,NA,NA,NA,NA,NA,NA,NA,NA,NA
1/27/2026,01/01/2026,7,7,0.35,3.15,26,7,Accord,150,Upper,NA,NA,NA,NA,NA,NA,NA,NA,NA,NA,NA,NA,NA,NA,NA,NA,NA,NA
1/27/2026,01/03/2026,8,8,0.5,3.6,24,8,Jelly,0,Lower,NA,NA,NA,NA,NA,NA,NA,NA,NA,NA,NA,NA,NA,NA,NA,NA,NA,NA
1/27/2026,01/03/2026,8,8,0.5,3.6,24,8,Jelly,0,Middle,NA,NA,NA,NA,NA,NA,NA,NA,NA,NA,NA,NA,NA,NA,NA,NA,NA,NA
1/27/2026,01/03/2026,8,8,0.5,3.6,24,8,Jelly,0,Upper,NA,NA,NA,NA,NA,NA,NA,NA,NA,NA,NA,NA,NA,NA,NA,NA,NA,NA
1/27/2026,01/02/2026,1,1,1,0.45,25,9,Accord,150,Lower,NA,63.90%,NA,NA,NA,NA,NA,NA,NA,NA,NA,NA,NA,NA,NA,NA,NA,NA
1/27/2026,01/02/2026,1,1,1,0.45,25,9,Accord,150,Middle,NA,63.90%,NA,NA,NA,NA,NA,NA,NA,NA,NA,NA,NA,NA,NA,NA,NA,NA
1/27/2026,01/02/2026,1,1,1,0.45,25,9,Accord,150,Upper,NA,63.90%,NA,NA,NA,NA,NA,NA,NA,NA,NA,NA,NA,NA,NA,NA,NA,NA
1/27/2026,01/02/2026,2,2,1,0.9,25,10,Maris_Peer,0,Lower,NA,52.00%,NA,NA,NA,NA,NA,NA,NA,NA,NA,NA,NA,NA,NA,NA,NA,NA
1/27/2026,01/02/2026,2,2,1,0.9,25,10,Maris_Peer,0,Middle,NA,52.00%,NA,NA,NA,NA,NA,NA,NA,NA,NA,NA,NA,NA,NA,NA,NA,NA
1/27/2026,01/02/2026,2,2,1,0.9,25,10,Maris_Peer,0,Upper,NA,52.00%,NA,NA,NA,NA,NA,NA,NA,NA,NA,NA,NA,NA,NA,NA,NA,NA
1/27/2026,01/01/2026,3,3,1,1.35,26,11,Accord,0,Lower,NA,NA,NA,NA,NA,NA,NA,NA,NA,NA,NA,NA,NA,NA,NA,NA,NA,NA
1/27/2026,01/01/2026,3,3,1,1.35,26,11,Accord,0,Middle,NA,NA,NA,NA,NA,NA,NA,NA,NA,NA,NA,NA,NA,NA,NA,NA,NA,NA
1/27/2026,01/01/2026,3,3,1,1.35,26,11,Accord,0,Upper,NA,NA,NA,NA,NA,NA,NA,NA,NA,NA,NA,NA,NA,NA,NA,NA,NA,NA
1/27/2026,01/01/2026,4,4,1,1.8,26,12,Maris_Peer,0,Lower,NA,63.60%,NA,NA,NA,NA,NA,NA,NA,NA,NA,NA,NA,NA,NA,NA,NA,NA
1/27/2026,01/01/2026,4,4,1,1.8,26,12,Maris_Peer,0,Middle,NA,63.60%,NA,NA,NA,NA,NA,NA,NA,NA,NA,NA,NA,NA,NA,NA,NA,NA
1/27/2026,01/01/2026,4,4,1,1.8,26,12,Maris_Peer,0,Upper,NA,63.60%,NA,NA,NA,NA,NA,NA,NA,NA,NA,NA,NA,NA,NA,NA,NA,NA
1/27/2026,01/04/2026,5,5,1,2.25,23,13,Maris_Peer,150,Lower,NA,50.10%,NA,NA,NA,NA,NA,NA,NA,NA,NA,NA,NA,NA,NA,NA,NA,NA
1/27/2026,01/04/2026,5,5,1,2.25,23,13,Maris_Peer,150,Middle,NA,50.10%,NA,NA,NA,NA,NA,NA,NA,NA,NA,NA,NA,NA,NA,NA,NA,NA
1/27/2026,01/04/2026,5,5,1,2.25,23,13,Maris_Peer,150,Upper,NA,50.10%,NA,NA,NA,NA,NA,NA,NA,NA,NA,NA,NA,NA,NA,NA,NA,NA
1/27/2026,01/02/2026,1,1,1.6,0.45,25,14,Maris_Peer,150,Lower,NA,64.80%,NA,NA,NA,NA,NA,NA,NA,NA,NA,NA,NA,NA,NA,NA,NA,NA
1/27/2026,01/02/2026,1,1,1.6,0.45,25,14,Maris_Peer,150,Middle,NA,64.80%,NA,NA,NA,NA,NA,NA,NA,NA,NA,NA,NA,NA,NA,NA,NA,NA
1/27/2026,01/02/2026,1,1,1.6,0.45,25,14,Maris_Peer,150,Upper,NA,64.80%,NA,NA,NA,NA,NA,NA,NA,NA,NA,NA,NA,NA,NA,NA,NA,NA
1/27/2026,12/31/2025,2,2,1.6,0.9,27,15,Accord,150,Lower,NA,NA,NA,NA,NA,NA,NA,NA,NA,NA,NA,NA,NA,NA,NA,NA,NA,NA
1/27/2026,12/31/2025,2,2,1.6,0.9,27,15,Accord,150,Middle,NA,NA,NA,NA,NA,NA,NA,NA,NA,NA,NA,NA,NA,NA,NA,NA,NA,NA
1/27/2026,12/31/2025,2,2,1.6,0.9,27,15,Accord,150,Upper,NA,NA,NA,NA,NA,NA,NA,NA,NA,NA,NA,NA,NA,NA,NA,NA,NA,NA
1/27/2026,12/31/2025,3,3,1.6,1.35,27,16,Jelly,0,Lower,NA,NA,NA,NA,NA,NA,NA,NA,NA,NA,NA,NA,NA,NA,NA,NA,NA,NA
1/27/2026,12/31/2025,3,3,1.6,1.35,27,16,Jelly,0,Middle,NA,NA,NA,NA,NA,NA,NA,NA,NA,NA,NA,NA,NA,NA,NA,NA,NA,NA
1/27/2026,12/31/2025,3,3,1.6,1.35,27,16,Jelly,0,Upper,NA,NA,NA,NA,NA,NA,NA,NA,NA,NA,NA,NA,NA,NA,NA,NA,NA,NA
1/27/2026,01/02/2026,4,4,1.6,1.8,25,17,Maris_Peer,0,Lower,NA,23.00%,NA,NA,NA,NA,NA,NA,NA,NA,NA,NA,NA,NA,NA,NA,NA,NA
1/27/2026,01/02/2026,4,4,1.6,1.8,25,17,Maris_Peer,0,Middle,NA,23.00%,NA,NA,NA,NA,NA,NA,NA,NA,NA,NA,NA,NA,NA,NA,NA,NA
1/27/2026,01/02/2026,4,4,1.6,1.8,25,17,Maris_Peer,0,Upper,NA,23.00%,NA,NA,NA,NA,NA,NA,NA,NA,NA,NA,NA,NA,NA,NA,NA,NA
1/27/2026,01/03/2026,5,5,1.6,2.25,24,18,Jelly,75,Lower,NA,59.00%,NA,NA,NA,NA,NA,NA,NA,NA,NA,NA,NA,NA,NA,NA,NA,NA
1/27/2026,01/03/2026,5,5,1.6,2.25,24,18,Jelly,75,Middle,NA,59.00%,NA,NA,NA,NA,NA,NA,NA,NA,NA,NA,NA,NA,NA,NA,NA,NA
1/27/2026,01/03/2026,5,5,1.6,2.25,24,18,Jelly,75,Upper,NA,59.00%,NA,NA,NA,NA,NA,NA,NA,NA,NA,NA,NA,NA,NA,NA,NA,NA
1/27/2026,01/01/2026,1,1,2.2,0.45,26,19,Accord,75,Lower,NA,62.00%,NA,NA,NA,NA,NA,NA,NA,NA,NA,NA,NA,NA,NA,NA,NA,NA
1/27/2026,01/01/2026,1,1,2.2,0.45,26,19,Accord,75,Middle,NA,62.00%,NA,NA,NA,NA,NA,NA,NA,NA,NA,NA,NA,NA,NA,NA,NA,NA
1/27/2026,01/01/2026,1,1,2.2,0.45,26,19,Accord,75,Upper,NA,62.00%,NA,NA,NA,NA,NA,NA,NA,NA,NA,NA,NA,NA,NA,NA,NA,NA
1/27/2026,01/01/2026,2,2,2.2,0.9,26,20,Accord,75,Lower,NA,NA,NA,NA,NA,NA,NA,NA,NA,NA,NA,NA,NA,NA,NA,NA,NA,NA
1/27/2026,01/01/2026,2,2,2.2,0.9,26,20,Accord,75,Middle,NA,NA,NA,NA,NA,NA,NA,NA,NA,NA,NA,NA,NA,NA,NA,NA,NA,NA
1/27/2026,01/01/2026,2,2,2.2,0.9,26,20,Accord,75,Upper,NA,NA,NA,NA,NA,NA,NA,NA,NA,NA,NA,NA,NA,NA,NA,NA,NA,NA
1/27/2026,01/04/2026,3,3,2.2,1.35,23,21,Jelly,75,Lower,NA,69.50%,NA,NA,NA,NA,NA,NA,NA,NA,NA,NA,NA,NA,NA,NA,NA,NA
1/27/2026,01/04/2026,3,3,2.2,1.35,23,21,Jelly,75,Middle,NA,69.50%,NA,NA,NA,NA,NA,NA,NA,NA,NA,NA,NA,NA,NA,NA,NA,NA
1/27/2026,01/04/2026,3,3,2.2,1.35,23,21,Jelly,75,Upper,NA,69.50%,NA,NA,NA,NA,NA,NA,NA,NA,NA,NA,NA,NA,NA,NA,NA,NA
1/27/2026,12/31/2025,4,4,2.2,1.8,27,22,Maris_Peer,150,Lower,NA,55.00%,NA,NA,NA,NA,NA,NA,NA,NA,NA,NA,NA,NA,NA,NA,NA,NA
1/27/2026,12/31/2025,4,4,2.2,1.8,27,22,Maris_Peer,150,Middle,NA,55.00%,NA,NA,NA,NA,NA,NA,NA,NA,NA,NA,NA,NA,NA,NA,NA,NA
1/27/2026,12/31/2025,4,4,2.2,1.8,27,22,Maris_Peer,150,Upper,NA,55.00%,NA,NA,NA,NA,NA,NA,NA,NA,NA,NA,NA,NA,NA,NA,NA,NA
1/27/2026,01/02/2026,5,5,2.2,2.25,25,23,Maris_Peer,75,Lower,NA,54.00%,NA,NA,NA,NA,NA,NA,NA,NA,NA,NA,NA,NA,NA,NA,NA,NA
1/27/2026,01/02/2026,5,5,2.2,2.25,25,23,Maris_Peer,75,Middle,NA,54.00%,NA,NA,NA,NA,NA,NA,NA,NA,NA,NA,NA,NA,NA,NA,NA,NA
1/27/2026,01/02/2026,5,5,2.2,2.25,25,23,Maris_Peer,75,Upper,NA,54.00%,NA,NA,NA,NA,NA,NA,NA,NA,NA,NA,NA,NA,NA,NA,NA,NA
1/27/2026,01/04/2026,1,1,2.8,0.45,23,24,Maris_Peer,75,Lower,NA,32.00%,NA,NA,NA,NA,NA,NA,NA,NA,NA,NA,NA,NA,NA,NA,NA,NA
1/27/2026,01/04/2026,1,1,2.8,0.45,23,24,Maris_Peer,75,Middle,NA,32.00%,NA,NA,NA,NA,NA,NA,NA,NA,NA,NA,NA,NA,NA,NA,NA,NA
1/27/2026,01/04/2026,1,1,2.8,0.45,23,24,Maris_Peer,75,Upper,NA,32.00%,NA,NA,NA,NA,NA,NA,NA,NA,NA,NA,NA,NA,NA,NA,NA,NA
1/27/2026,01/01/2026,2,2,2.8,0.9,26,25,Jelly,75,Lower,NA,69.00%,NA,NA,NA,NA,NA,NA,NA,NA,NA,NA,NA,NA,NA,NA,NA,NA
1/27/2026,01/01/2026,2,2,2.8,0.9,26,25,Jelly,75,Middle,NA,69.00%,NA,NA,NA,NA,NA,NA,NA,NA,NA,NA,NA,NA,NA,NA,NA,NA
1/27/2026,01/01/2026,2,2,2.8,0.9,26,25,Jelly,75,Upper,NA,69.00%,NA,NA,NA,NA,NA,NA,NA,NA,NA,NA,NA,NA,NA,NA,NA,NA
1/27/2026,01/01/2026,3,3,2.8,1.35,26,26,Jelly,0,Lower,NA,55.00%,NA,NA,NA,NA,NA,NA,NA,NA,NA,NA,NA,NA,NA,NA,NA,NA
1/27/2026,01/01/2026,3,3,2.8,1.35,26,26,Jelly,0,Middle,NA,55.00%,NA,NA,NA,NA,NA,NA,NA,NA,NA,NA,NA,NA,NA,NA,NA,NA
1/27/2026,01/01/2026,3,3,2.8,1.35,26,26,Jelly,0,Upper,NA,55.00%,NA,NA,NA,NA,NA,NA,NA,NA,NA,NA,NA,NA,NA,NA,NA,NA
1/27/2026,01/01/2026,4,4,2.8,1.8,26,27,Jelly,75,Lower,NA,61.90%,NA,NA,NA,NA,NA,NA,NA,NA,NA,NA,NA,NA,NA,NA,NA,NA
1/27/2026,01/01/2026,4,4,2.8,1.8,26,27,Jelly,75,Middle,NA,61.90%,NA,NA,NA,NA,NA,NA,NA,NA,NA,NA,NA,NA,NA,NA,NA,NA
1/27/2026,01/01/2026,4,4,2.8,1.8,26,27,Jelly,75,Upper,NA,61.90%,NA,NA,NA,NA,NA,NA,NA,NA,NA,NA,NA,NA,NA,NA,NA,NA
1/27/2026,01/02/2026,5,5,2.8,2.25,25,28,Jelly,150,Lower,NA,56.90%,NA,NA,NA,NA,NA,NA,NA,NA,NA,NA,NA,NA,NA,NA,NA,NA
1/27/2026,01/02/2026,5,5,2.8,2.25,25,28,Jelly,150,Middle,NA,56.90%,NA,NA,NA,NA,NA,NA,NA,NA,NA,NA,NA,NA,NA,NA,NA,NA
1/27/2026,01/02/2026,5,5,2.8,2.25,25,28,Jelly,150,Upper,NA,56.90%,NA,NA,NA,NA,NA,NA,NA,NA,NA,NA,NA,NA,NA,NA,NA,NA
1/27/2026,12/31/2025,1,1,3.5,0.45,27,29,Accord,0,Lower,NA,NA,NA,NA,NA,NA,NA,NA,NA,NA,NA,NA,NA,NA,NA,NA,NA,NA
1/27/2026,12/31/2025,1,1,3.5,0.45,27,29,Accord,0,Middle,NA,NA,NA,NA,NA,NA,NA,NA,NA,NA,NA,NA,NA,NA,NA,NA,NA,NA
1/27/2026,12/31/2025,1,1,3.5,0.45,27,29,Accord,0,Upper,NA,NA,NA,NA,NA,NA,NA,NA,NA,NA,NA,NA,NA,NA,NA,NA,NA,NA
1/27/2026,12/31/2025,2,2,3.7,0.9,27,30,Accord,150,Lower,NA,75.70%,NA,NA,NA,NA,NA,NA,NA,NA,NA,NA,NA,NA,NA,NA,NA,NA
1/27/2026,12/31/2025,2,2,3.7,0.9,27,30,Accord,150,Middle,NA,75.70%,NA,NA,NA,NA,NA,NA,NA,NA,NA,NA,NA,NA,NA,NA,NA,NA
1/27/2026,12/31/2025,2,2,3.7,0.9,27,30,Accord,150,Upper,NA,75.70%,NA,NA,NA,NA,NA,NA,NA,NA,NA,NA,NA,NA,NA,NA,NA,NA
1/27/2026,12/31/2025,3,3,3.5,1.35,27,31,Accord,0,Lower,NA,73.00%,NA,NA,NA,NA,NA,NA,NA,NA,NA,NA,NA,NA,NA,NA,NA,NA
1/27/2026,12/31/2025,3,3,3.5,1.35,27,31,Accord,0,Middle,NA,73.00%,NA,NA,NA,NA,NA,NA,NA,NA,NA,NA,NA,NA,NA,NA,NA,NA
1/27/2026,12/31/2025,3,3,3.5,1.35,27,31,Accord,0,Upper,NA,73.00%,NA,NA,NA,NA,NA,NA,NA,NA,NA,NA,NA,NA,NA,NA,NA,NA
1/27/2026,12/30/2025,4,4,3.7,1.8,28,32,Accord,75,Lower,NA,72.00%,NA,NA,NA,NA,NA,NA,NA,NA,NA,NA,NA,NA,NA,NA,NA,NA
1/27/2026,12/30/2025,4,4,3.7,1.8,28,32,Accord,75,Middle,NA,72.00%,NA,NA,NA,NA,NA,NA,NA,NA,NA,NA,NA,NA,NA,NA,NA,NA
1/27/2026,12/30/2025,4,4,3.7,1.8,28,32,Accord,75,Upper,NA,72.00%,NA,NA,NA,NA,NA,NA,NA,NA,NA,NA,NA,NA,NA,NA,NA,NA
1/27/2026,01/01/2026,5,5,3.5,2.25,26,33,Maris_Peer,75,Lower,NA,47.60%,NA,NA,NA,NA,NA,NA,NA,NA,NA,NA,NA,NA,NA,NA,NA,NA
1/27/2026,01/01/2026,5,5,3.5,2.25,26,33,Maris_Peer,75,Middle,NA,47.60%,NA,NA,NA,NA,NA,NA,NA,NA,NA,NA,NA,NA,NA,NA,NA,NA
1/27/2026,01/01/2026,5,5,3.5,2.25,26,33,Maris_Peer,75,Upper,NA,47.60%,NA,NA,NA,NA,NA,NA,NA,NA,NA,NA,NA,NA,NA,NA,NA,NA
1/27/2026,01/05/2026,6,6,3.7,2.7,22,34,Maris_Peer,75,Lower,NA,23.00%,NA,NA,NA,NA,NA,NA,NA,NA,NA,NA,NA,NA,NA,NA,NA,NA
1/27/2026,01/05/2026,6,6,3.7,2.7,22,34,Maris_Peer,75,Middle,NA,23.00%,NA,NA,NA,NA,NA,NA,NA,NA,NA,NA,NA,NA,NA,NA,NA,NA
1/27/2026,01/05/2026,6,6,3.7,2.7,22,34,Maris_Peer,75,Upper,NA,23.00%,NA,NA,NA,NA,NA,NA,NA,NA,NA,NA,NA,NA,NA,NA,NA,NA
1/27/2026,01/01/2026,7,7,3.5,3.15,26,35,Jelly,0,Lower,NA,NA,NA,NA,NA,NA,NA,NA,NA,NA,NA,NA,NA,NA,NA,NA,NA,NA
1/27/2026,01/01/2026,7,7,3.5,3.15,26,35,Jelly,0,Middle,NA,NA,NA,NA,NA,NA,NA,NA,NA,NA,NA,NA,NA,NA,NA,NA,NA,NA
1/27/2026,01/01/2026,7,7,3.5,3.15,26,35,Jelly,0,Upper,NA,NA,NA,NA,NA,NA,NA,NA,NA,NA,NA,NA,NA,NA,NA,NA,NA,NA
1/27/2026,12/31/2025,8,8,3.7,3.6,27,36,Accord,75,Lower,NA,63.00%,NA,NA,NA,NA,NA,NA,NA,NA,NA,NA,NA,NA,NA,NA,NA,NA
1/27/2026,12/31/2025,8,8,3.7,3.6,27,36,Accord,75,Middle,NA,63.00%,NA,NA,NA,NA,NA,NA,NA,NA,NA,NA,NA,NA,NA,NA,NA,NA
1/27/2026,12/31/2025,8,8,3.7,3.6,27,36,Accord,75,Upper,NA,63.00%,NA,NA,NA,NA,NA,NA,NA,NA,NA,NA,NA,NA,NA,NA,NA,NA
1/30/2026,12/31/2025,1,1,0.35,0.45,30,1,Jelly,150,Lower,77,NA,NA,NA,NA,NA,NA,NA,NA,NA,NA,NA,NA,NA,NA,NA,NA,NA
1/30/2026,12/31/2025,1,1,0.35,0.45,30,1,Jelly,150,Middle,77,NA,NA,NA,NA,NA,NA,NA,NA,NA,NA,NA,NA,NA,NA,NA,NA,NA
1/30/2026,12/31/2025,1,1,0.35,0.45,30,1,Jelly,150,Upper,77,NA,NA,NA,NA,NA,NA,NA,NA,NA,NA,NA,NA,NA,NA,NA,NA,NA
1/30/2026,12/31/2025,2,2,0.5,0.9,30,2,Maris_Peer,0,Lower,53.5,63.00%,NA,NA,NA,NA,NA,NA,NA,NA,NA,NA,NA,NA,NA,NA,NA,NA
1/30/2026,12/31/2025,2,2,0.5,0.9,30,2,Maris_Peer,0,Middle,53.5,63.00%,NA,NA,NA,NA,NA,NA,NA,NA,NA,NA,NA,NA,NA,NA,NA,NA
1/30/2026,12/31/2025,2,2,0.5,0.9,30,2,Maris_Peer,0,Upper,53.5,63.00%,NA,NA,NA,NA,NA,NA,NA,NA,NA,NA,NA,NA,NA,NA,NA,NA
1/30/2026,12/31/2025,3,3,0.35,1.35,30,3,Maris_Peer,150,Lower,60,72.00%,NA,NA,NA,NA,NA,NA,NA,NA,NA,NA,NA,NA,NA,NA,NA,NA
1/30/2026,12/31/2025,3,3,0.35,1.35,30,3,Maris_Peer,150,Middle,60,72.00%,NA,NA,NA,NA,NA,NA,NA,NA,NA,NA,NA,NA,NA,NA,NA,NA
1/30/2026,12/31/2025,3,3,0.35,1.35,30,3,Maris_Peer,150,Upper,60,72.00%,NA,NA,NA,NA,NA,NA,NA,NA,NA,NA,NA,NA,NA,NA,NA,NA
1/30/2026,12/31/2025,4,4,0.5,1.8,30,4,Jelly,150,Lower,62,75.00%,NA,NA,NA,NA,NA,NA,NA,NA,NA,NA,NA,NA,NA,NA,NA,NA
1/30/2026,12/31/2025,4,4,0.5,1.8,30,4,Jelly,150,Middle,62,75.00%,NA,NA,NA,NA,NA,NA,NA,NA,NA,NA,NA,NA,NA,NA,NA,NA
1/30/2026,12/31/2025,4,4,0.5,1.8,30,4,Jelly,150,Upper,62,75.00%,NA,NA,NA,NA,NA,NA,NA,NA,NA,NA,NA,NA,NA,NA,NA,NA
1/30/2026,01/03/2026,5,5,0.35,2.25,27,5,Accord,0,Lower,94,NA,NA,NA,NA,NA,NA,NA,NA,NA,NA,NA,NA,NA,NA,NA,NA,NA
1/30/2026,01/03/2026,5,5,0.35,2.25,27,5,Accord,0,Middle,94,NA,NA,NA,NA,NA,NA,NA,NA,NA,NA,NA,NA,NA,NA,NA,NA,NA
1/30/2026,01/03/2026,5,5,0.35,2.25,27,5,Accord,0,Upper,94,NA,NA,NA,NA,NA,NA,NA,NA,NA,NA,NA,NA,NA,NA,NA,NA,NA
1/30/2026,01/02/2026,6,6,0.5,2.7,28,6,Jelly,150,Lower,59,69.00%,NA,NA,NA,NA,NA,NA,NA,NA,NA,NA,NA,NA,NA,NA,NA,NA
1/30/2026,01/02/2026,6,6,0.5,2.7,28,6,Jelly,150,Middle,59,69.00%,NA,NA,NA,NA,NA,NA,NA,NA,NA,NA,NA,NA,NA,NA,NA,NA
1/30/2026,01/02/2026,6,6,0.5,2.7,28,6,Jelly,150,Upper,59,69.00%,NA,NA,NA,NA,NA,NA,NA,NA,NA,NA,NA,NA,NA,NA,NA,NA
1/30/2026,01/01/2026,7,7,0.35,3.15,29,7,Accord,150,Lower,75.5,NA,NA,NA,NA,NA,NA,NA,NA,NA,NA,NA,NA,NA,NA,NA,NA,NA
1/30/2026,01/01/2026,7,7,0.35,3.15,29,7,Accord,150,Middle,75.5,NA,NA,NA,NA,NA,NA,NA,NA,NA,NA,NA,NA,NA,NA,NA,NA,NA
1/30/2026,01/01/2026,7,7,0.35,3.15,29,7,Accord,150,Upper,75.5,NA,NA,NA,NA,NA,NA,NA,NA,NA,NA,NA,NA,NA,NA,NA,NA,NA
1/30/2026,01/03/2026,8,8,0.5,3.6,27,8,Jelly,0,Lower,79.5,NA,NA,NA,NA,NA,NA,NA,NA,NA,NA,NA,NA,NA,NA,NA,NA,NA
1/30/2026,01/03/2026,8,8,0.5,3.6,27,8,Jelly,0,Middle,79.5,NA,NA,NA,NA,NA,NA,NA,NA,NA,NA,NA,NA,NA,NA,NA,NA,NA
1/30/2026,01/03/2026,8,8,0.5,3.6,27,8,Jelly,0,Upper,79.5,NA,NA,NA,NA,NA,NA,NA,NA,NA,NA,NA,NA,NA,NA,NA,NA,NA
1/30/2026,01/02/2026,1,1,1,0.45,28,9,Accord,150,Lower,79,NA,NA,NA,NA,NA,NA,NA,NA,NA,NA,NA,NA,NA,NA,NA,NA,NA
1/30/2026,01/02/2026,1,1,1,0.45,28,9,Accord,150,Middle,79,NA,NA,NA,NA,NA,NA,NA,NA,NA,NA,NA,NA,NA,NA,NA,NA,NA
1/30/2026,01/02/2026,1,1,1,0.45,28,9,Accord,150,Upper,79,NA,NA,NA,NA,NA,NA,NA,NA,NA,NA,NA,NA,NA,NA,NA,NA,NA
1/30/2026,01/02/2026,2,2,1,0.9,28,10,Maris_Peer,0,Lower,54.5,63.80%,NA,NA,NA,NA,NA,NA,NA,NA,NA,NA,NA,NA,NA,NA,NA,NA
1/30/2026,01/02/2026,2,2,1,0.9,28,10,Maris_Peer,0,Middle,54.5,63.80%,NA,NA,NA,NA,NA,NA,NA,NA,NA,NA,NA,NA,NA,NA,NA,NA
1/30/2026,01/02/2026,2,2,1,0.9,28,10,Maris_Peer,0,Upper,54.5,63.80%,NA,NA,NA,NA,NA,NA,NA,NA,NA,NA,NA,NA,NA,NA,NA,NA
1/30/2026,01/01/2026,3,3,1,1.35,29,11,Accord,0,Lower,74,NA,0.42,99.973,0.736,0.588,0.175,0.237,26.45,38.667,0.738,0.508,52.5,18.45,17.63,-0.82,NA,NA
1/30/2026,01/01/2026,3,3,1,1.35,29,11,Accord,0,Middle,74,NA,0.2,112.263,0.73,0.594,0.171,0.235,30.01,36.395,0.738,0.519,52.56,19.1,18.49,-0.61,NA,NA
1/30/2026,01/01/2026,3,3,1,1.35,29,11,Accord,0,Upper,74,NA,0.9,131.353,0.843,0.588,0.189,0.224,34.76,38.174,0.726,0.538,52.42,19.57,19.49,-0.08,NA,NA
1/30/2026,01/01/2026,4,4,1,1.8,29,12,Maris_Peer,0,Lower,61,66.00%,0.63,100.137,1.474,0.513,0.29,0.197,23.12,48.255,0.664,0.534,52.37,20.24,20.29,0.05,NA,NA
1/30/2026,01/01/2026,4,4,1,1.8,29,12,Maris_Peer,0,Middle,61,66.00%,0.6,115.271,0.942,0.604,0.192,0.204,31.33,45.638,0.715,0.607,51.56,20.88,20.95,0.07,NA,NA
1/30/2026,01/01/2026,4,4,1,1.8,29,12,Maris_Peer,0,Upper,61,66.00%,1.15,137.507,0.745,0.609,0.167,0.224,37.68,51.743,0.737,0.557,50.46,21.58,21.11,-0.47,NA,NA
1/30/2026,01/04/2026,5,5,1,2.25,26,13,Maris_Peer,150,Lower,51,64.00%,0.43,60.338,0.792,0.633,0.162,0.205,17.19,41.859,0.731,0.633,49.54,22.37,21.21,-1.16,NA,NA
1/30/2026,01/04/2026,5,5,1,2.25,26,13,Maris_Peer,150,Middle,51,64.00%,1.02,109.18,0.696,0.629,0.152,0.219,30.9,49.297,0.742,0.589,49.39,23.07,21.75,-1.32,NA,NA
1/30/2026,01/04/2026,5,5,1,2.25,26,13,Maris_Peer,150,Upper,51,64.00%,0.65,117.444,0.68,0.628,0.151,0.221,33.19,50.385,0.744,0.581,48.31,23.58,21.81,-1.77,NA,NA
1/30/2026,01/02/2026,1,1,1.6,0.45,28,14,Maris_Peer,150,Lower,68,69.70%,0.99,102.178,0.961,0.559,0.216,0.225,25.7,42.852,0.713,0.509,45.88,24.03,22.23,-1.8,NA,NA
1/30/2026,01/02/2026,1,1,1.6,0.45,28,14,Maris_Peer,150,Middle,68,69.70%,0.46,104.714,0.709,0.599,0.166,0.235,28.23,41.04,0.741,0.523,46.19,24.27,22.57,-1.7,NA,NA
1/30/2026,01/02/2026,1,1,1.6,0.45,28,14,Maris_Peer,150,Upper,68,69.70%,0.88,153.527,0.765,0.609,0.169,0.221,42.07,50.368,0.734,0.564,46.44,24.45,22.77,-1.68,NA,NA
1/30/2026,12/31/2025,2,2,1.6,0.9,30,15,Accord,150,Lower,79,NA,0.31,81.234,0.725,0.609,0.164,0.227,22.26,36.628,0.739,0.551,45.75,24.62,23.49,-1.13,NA,NA
1/30/2026,12/31/2025,2,2,1.6,0.9,30,15,Accord,150,Middle,79,NA,0.58,116.017,0.797,0.597,0.179,0.224,31.17,46.676,0.731,0.545,47.07,24.84,23.01,-1.83,NA,NA
1/30/2026,12/31/2025,2,2,1.6,0.9,30,15,Accord,150,Upper,79,NA,0.74,199.831,0.776,0.585,0.181,0.234,52.61,46.113,0.733,0.513,46.52,25.24,23.81,-1.43,NA,NA
1/30/2026,12/31/2025,3,3,1.6,1.35,30,16,Jelly,0,Lower,69,NA,0.55,132.482,1.066,0.571,0.221,0.208,34.04,32.466,0.703,0.563,46.23,25.75,23.85,-1.9,NA,NA
1/30/2026,12/31/2025,3,3,1.6,1.35,30,16,Jelly,0,Middle,69,NA,0.44,166.326,0.94,0.565,0.211,0.224,42.29,41.762,0.716,0.516,45.49,26.03,24.19,-1.84,NA,NA
1/30/2026,12/31/2025,3,3,1.6,1.35,30,16,Jelly,0,Upper,69,NA,0.61,207.204,0.987,0.563,0.217,0.22,52.5,53.448,0.711,0.525,46.23,26.29,24.61,-1.68,NA,NA
1/30/2026,01/02/2026,4,4,1.6,1.8,28,17,Maris_Peer,0,Lower,52,36.00%,0.75,100.613,0.742,0.613,0.165,0.222,27.75,36.745,0.737,0.565,45.61,26.48,25.05,-1.43,NA,NA
1/30/2026,01/02/2026,4,4,1.6,1.8,28,17,Maris_Peer,0,Middle,52,36.00%,0.57,174.361,0.745,0.589,0.176,0.236,46.21,36.636,0.737,0.512,45.12,26.68,24.71,0.97,NA,NA
1/30/2026,01/02/2026,4,4,1.6,1.8,28,17,Maris_Peer,0,Upper,52,36.00%,0.63,203.442,0.812,0.593,0.182,0.225,54.29,38.881,0.729,0.541,45.89,26.8,25.15,-1.65,NA,NA
1/30/2026,01/03/2026,5,5,1.6,2.25,27,18,Jelly,75,Lower,76,NA,0.88,77.365,0.828,0.58,0.19,0.23,20.19,49.731,0.728,0.517,45.71,27.12,25.47,-1.65,NA,NA
1/30/2026,01/03/2026,5,5,1.6,2.25,27,18,Jelly,75,Middle,76,NA,0.66,107.219,1.01,0.566,0.218,0.216,27.31,39.67,0.708,0.537,45.71,27.56,25.87,-1.69,NA,NA
1/30/2026,01/03/2026,5,5,1.6,2.25,27,18,Jelly,75,Upper,76,NA,0.68,93.728,0.994,0.564,0.217,0.219,23.79,50.591,0.71,0.529,44.35,28.47,27.17,-1.3,NA,NA
1/30/2026,01/01/2026,1,1,2.2,0.45,29,19,Accord,75,Lower,74,NA,1,93.573,0.836,0.582,0.19,0.228,24.51,41.885,0.727,0.524,38.19,28.5,27.35,-1.15,NA,NA
1/30/2026,01/01/2026,1,1,2.2,0.45,29,19,Accord,75,Middle,74,NA,1.07,177.709,0.943,0.572,0.208,0.22,45.74,48.865,0.715,0.531,37.56,28.61,27.43,-1.18,NA,NA
1/30/2026,01/01/2026,1,1,2.2,0.45,29,19,Accord,75,Upper,74,NA,0.42,156.079,0.815,0.584,0.187,0.229,41.02,45.398,0.729,0.521,37.41,28.71,27.17,-1.54,NA,NA
1/30/2026,01/01/2026,2,2,2.2,0.9,29,20,Accord,75,Lower,85,NA,0.23,103.851,0.862,0.565,0.201,0.234,26.4,37.832,0.724,0.495,34.99,28.77,27.07,-1.7,NA,NA
1/30/2026,01/01/2026,2,2,2.2,0.9,29,20,Accord,75,Middle,85,NA,0.36,135.008,2.042,0.493,0.34,0.167,29.95,37.532,0.616,0.606,34.66,28.74,27.07,-1.67,NA,NA
1/30/2026,01/01/2026,2,2,2.2,0.9,29,20,Accord,75,Upper,85,NA,0.26,182.857,0.98,0.577,0.209,0.214,47.48,36.55,0.711,0.553,35.07,28.7,26.89,-1.81,NA,NA
1/30/2026,01/04/2026,3,3,2.2,1.35,26,21,Jelly,75,Lower,57,70.00%,0.76,103.626,0.893,0.604,0.187,0.209,28.17,43.584,0.721,0.59,33.14,28.73,27.03,-1.7,NA,NA
1/30/2026,01/04/2026,3,3,2.2,1.35,26,21,Jelly,75,Middle,57,70.00%,0.58,128.739,0.978,0.592,0.202,0.206,34.3,41.409,0.712,0.589,35.28,28.83,26.79,-2.04,NA,NA
1/30/2026,01/04/2026,3,3,2.2,1.35,26,21,Jelly,75,Upper,57,70.00%,0.51,156.954,0.907,0.598,0.191,0.211,42.24,49.436,0.719,0.582,34.54,28.98,26.99,-1.99,NA,NA
1/30/2026,12/31/2025,4,4,2.2,1.8,30,22,Maris_Peer,150,Lower,59,55.50%,0.32,79.784,1.249,0.559,0.245,0.196,20.07,43.773,0.685,0.585,32.66,29,26.47,-2.53,NA,NA
1/30/2026,12/31/2025,4,4,2.2,1.8,30,22,Maris_Peer,150,Middle,59,55.50%,1.14,181.37,0.964,0.554,0.219,0.227,45.22,49.974,0.713,0.5,33.04,28.91,26.57,-2.34,NA,NA
1/30/2026,12/31/2025,4,4,2.2,1.8,30,22,Maris_Peer,150,Upper,59,55.50%,0.42,226.577,0.925,0.581,0.201,0.218,59.24,49.26,0.717,0.547,33.19,28.97,26.57,-2.4,NA,NA
1/30/2026,01/02/2026,5,5,2.2,2.25,28,23,Maris_Peer,75,Lower,61,64.80%,1.02,65.124,0.784,0.63,0.163,0.208,18.46,42.64,0.732,0.622,34.1,28.91,26.53,-2.38,NA,NA
1/30/2026,01/02/2026,5,5,2.2,2.25,28,23,Maris_Peer,75,Middle,61,64.80%,0.86,107.71,0.807,0.599,0.179,0.222,29.03,47.634,0.73,0.552,34.59,28.98,26.71,-2.27,NA,NA
1/30/2026,01/02/2026,5,5,2.2,2.25,28,23,Maris_Peer,75,Upper,61,64.80%,1.02,137.879,0.877,0.614,0.181,0.206,38.1,52.715,0.722,0.611,34.95,29.02,26.47,-2.55,NA,NA
1/30/2026,01/04/2026,1,1,2.8,0.45,26,24,Maris_Peer,75,Lower,54,51.30%,0.91,44.983,0.82,0.634,0.165,0.201,12.83,38.746,0.728,0.645,45.04,23.26,22.77,-0.49,NA,NA
1/30/2026,01/04/2026,1,1,2.8,0.45,26,24,Maris_Peer,75,Middle,54,51.30%,0.33,74.527,0.793,0.636,0.161,0.203,21.33,37.312,0.731,0.643,42.87,23.83,22.81,-1.02,NA,NA
1/30/2026,01/04/2026,1,1,2.8,0.45,26,24,Maris_Peer,75,Upper,54,51.30%,1.23,86.639,0.773,0.644,0.155,0.201,25.11,48.824,0.734,0.658,40.75,24.37,22.87,-1.5,NA,NA
1/30/2026,01/01/2026,2,2,2.8,0.9,29,25,Jelly,75,Lower,55,NA,0.86,56.746,0.846,0.624,0.173,0.204,15.93,41.863,0.725,0.627,39.88,24.78,23.29,-1.49,NA,NA
1/30/2026,01/01/2026,2,2,2.8,0.9,29,25,Jelly,75,Middle,55,NA,0.79,81.402,0.844,0.617,0.176,0.208,22.6,43.997,0.726,0.608,39.03,25.15,23.19,-1.96,NA,NA
1/30/2026,01/01/2026,2,2,2.8,0.9,29,25,Jelly,75,Upper,55,NA,1.04,100.678,0.855,0.61,0.18,0.21,27.64,47.229,0.725,0.595,36.47,25.84,23.53,-2.31,NA,NA
1/30/2026,01/01/2026,3,3,2.8,1.35,29,26,Jelly,0,Lower,72,NA,NA,NA,NA,NA,NA,NA,NA,NA,NA,NA,NA,NA,NA,NA,NA,NA
1/30/2026,01/01/2026,3,3,2.8,1.35,29,26,Jelly,0,Middle,72,NA,NA,NA,NA,NA,NA,NA,NA,NA,NA,NA,NA,NA,NA,NA,NA,NA
1/30/2026,01/01/2026,3,3,2.8,1.35,29,26,Jelly,0,Upper,72,NA,NA,NA,NA,NA,NA,NA,NA,NA,NA,NA,NA,NA,NA,NA,NA,NA
1/30/2026,01/01/2026,4,4,2.8,1.8,29,27,Jelly,75,Lower,63,NA,NA,NA,NA,NA,NA,NA,NA,NA,NA,NA,NA,NA,NA,NA,NA,NA
1/30/2026,01/01/2026,4,4,2.8,1.8,29,27,Jelly,75,Middle,63,NA,NA,NA,NA,NA,NA,NA,NA,NA,NA,NA,NA,NA,NA,NA,NA,NA
1/30/2026,01/01/2026,4,4,2.8,1.8,29,27,Jelly,75,Upper,63,NA,NA,NA,NA,NA,NA,NA,NA,NA,NA,NA,NA,NA,NA,NA,NA,NA
1/30/2026,01/02/2026,5,5,2.8,2.25,28,28,Jelly,150,Lower,71,NA,NA,NA,NA,NA,NA,NA,NA,NA,NA,NA,NA,NA,NA,NA,NA,NA
1/30/2026,01/02/2026,5,5,2.8,2.25,28,28,Jelly,150,Middle,71,NA,NA,NA,NA,NA,NA,NA,NA,NA,NA,NA,NA,NA,NA,NA,NA,NA
1/30/2026,01/02/2026,5,5,2.8,2.25,28,28,Jelly,150,Upper,71,NA,NA,NA,NA,NA,NA,NA,NA,NA,NA,NA,NA,NA,NA,NA,NA,NA
1/30/2026,12/31/2025,1,1,3.5,0.45,30,29,Accord,0,Lower,89,NA,NA,NA,NA,NA,NA,NA,NA,NA,NA,NA,NA,NA,NA,NA,NA,NA
1/30/2026,12/31/2025,1,1,3.5,0.45,30,29,Accord,0,Middle,89,NA,NA,NA,NA,NA,NA,NA,NA,NA,NA,NA,NA,NA,NA,NA,NA,NA
1/30/2026,12/31/2025,1,1,3.5,0.45,30,29,Accord,0,Upper,89,NA,NA,NA,NA,NA,NA,NA,NA,NA,NA,NA,NA,NA,NA,NA,NA,NA
1/30/2026,12/31/2025,2,2,3.7,0.9,30,30,Accord,150,Lower,77,NA,NA,NA,NA,NA,NA,NA,NA,NA,NA,NA,NA,NA,NA,NA,NA,NA
1/30/2026,12/31/2025,2,2,3.7,0.9,30,30,Accord,150,Middle,77,NA,NA,NA,NA,NA,NA,NA,NA,NA,NA,NA,NA,NA,NA,NA,NA,NA
1/30/2026,12/31/2025,2,2,3.7,0.9,30,30,Accord,150,Upper,77,NA,NA,NA,NA,NA,NA,NA,NA,NA,NA,NA,NA,NA,NA,NA,NA,NA
1/30/2026,12/31/2025,3,3,3.5,1.35,30,31,Accord,0,Lower,76,NA,NA,NA,NA,NA,NA,NA,NA,NA,NA,NA,NA,NA,NA,NA,NA,NA
1/30/2026,12/31/2025,3,3,3.5,1.35,30,31,Accord,0,Middle,76,NA,NA,NA,NA,NA,NA,NA,NA,NA,NA,NA,NA,NA,NA,NA,NA,NA
1/30/2026,12/31/2025,3,3,3.5,1.35,30,31,Accord,0,Upper,76,NA,NA,NA,NA,NA,NA,NA,NA,NA,NA,NA,NA,NA,NA,NA,NA,NA
1/30/2026,12/30/2025,4,4,3.7,1.8,31,32,Accord,75,Lower,70,NA,NA,NA,NA,NA,NA,NA,NA,NA,NA,NA,NA,NA,NA,NA,NA,NA
1/30/2026,12/30/2025,4,4,3.7,1.8,31,32,Accord,75,Middle,70,NA,NA,NA,NA,NA,NA,NA,NA,NA,NA,NA,NA,NA,NA,NA,NA,NA
1/30/2026,12/30/2025,4,4,3.7,1.8,31,32,Accord,75,Upper,70,NA,NA,NA,NA,NA,NA,NA,NA,NA,NA,NA,NA,NA,NA,NA,NA,NA
1/30/2026,01/01/2026,5,5,3.5,2.25,29,33,Maris_Peer,75,Lower,54,59.00%,NA,NA,NA,NA,NA,NA,NA,NA,NA,NA,NA,NA,NA,NA,NA,NA
1/30/2026,01/01/2026,5,5,3.5,2.25,29,33,Maris_Peer,75,Middle,54,59.00%,NA,NA,NA,NA,NA,NA,NA,NA,NA,NA,NA,NA,NA,NA,NA,NA
1/30/2026,01/01/2026,5,5,3.5,2.25,29,33,Maris_Peer,75,Upper,54,59.00%,NA,NA,NA,NA,NA,NA,NA,NA,NA,NA,NA,NA,NA,NA,NA,NA
1/30/2026,01/05/2026,6,6,3.7,2.7,25,34,Maris_Peer,75,Lower,32,36.00%,NA,NA,NA,NA,NA,NA,NA,NA,NA,NA,NA,NA,NA,NA,NA,NA
1/30/2026,01/05/2026,6,6,3.7,2.7,25,34,Maris_Peer,75,Middle,32,36.00%,NA,NA,NA,NA,NA,NA,NA,NA,NA,NA,NA,NA,NA,NA,NA,NA
1/30/2026,01/05/2026,6,6,3.7,2.7,25,34,Maris_Peer,75,Upper,32,36.00%,NA,NA,NA,NA,NA,NA,NA,NA,NA,NA,NA,NA,NA,NA,NA,NA
1/30/2026,01/01/2026,7,7,3.5,3.15,29,35,Jelly,0,Lower,59,NA,NA,NA,NA,NA,NA,NA,NA,NA,NA,NA,NA,NA,NA,NA,NA,NA
1/30/2026,01/01/2026,7,7,3.5,3.15,29,35,Jelly,0,Middle,59,NA,NA,NA,NA,NA,NA,NA,NA,NA,NA,NA,NA,NA,NA,NA,NA,NA
1/30/2026,01/01/2026,7,7,3.5,3.15,29,35,Jelly,0,Upper,59,NA,NA,NA,NA,NA,NA,NA,NA,NA,NA,NA,NA,NA,NA,NA,NA,NA
1/30/2026,12/31/2025,8,8,3.7,3.6,30,36,Accord,75,Lower,84,NA,NA,NA,NA,NA,NA,NA,NA,NA,NA,NA,NA,NA,NA,NA,NA,NA
1/30/2026,12/31/2025,8,8,3.7,3.6,30,36,Accord,75,Middle,84,NA,NA,NA,NA,NA,NA,NA,NA,NA,NA,NA,NA,NA,NA,NA,NA,NA
1/30/2026,12/31/2025,8,8,3.7,3.6,30,36,Accord,75,Upper,84,NA,NA,NA,NA,NA,NA,NA,NA,NA,NA,NA,NA,NA,NA,NA,NA,NA
02/03/2026,12/31/2025,1,1,0.35,0.45,34,1,Jelly,150,Lower,77,NA,NA,NA,NA,NA,NA,NA,NA,NA,NA,NA,NA,NA,NA,NA,NA,NA
02/03/2026,12/31/2025,1,1,0.35,0.45,34,1,Jelly,150,Middle,77,NA,NA,NA,NA,NA,NA,NA,NA,NA,NA,NA,NA,NA,NA,NA,NA,NA
02/03/2026,12/31/2025,1,1,0.35,0.45,34,1,Jelly,150,Upper,77,NA,NA,NA,NA,NA,NA,NA,NA,NA,NA,NA,NA,NA,NA,NA,NA,NA
02/03/2026,12/31/2025,1,2,0.5,0.9,34,2,Maris_Peer,0,Lower,62.5,69.00%,NA,NA,NA,NA,NA,NA,NA,NA,NA,NA,NA,NA,NA,NA,NA,NA
02/03/2026,12/31/2025,1,2,0.5,0.9,34,2,Maris_Peer,0,Middle,62.5,69.00%,NA,NA,NA,NA,NA,NA,NA,NA,NA,NA,NA,NA,NA,NA,NA,NA
02/03/2026,12/31/2025,1,2,0.5,0.9,34,2,Maris_Peer,0,Upper,62.5,78.00%,NA,NA,NA,NA,NA,NA,NA,NA,NA,NA,NA,NA,NA,NA,NA,NA
02/03/2026,12/31/2025,1,3,0.35,1.35,34,3,Maris_Peer,150,Lower,71.5,78.00%,NA,NA,NA,NA,NA,NA,NA,NA,NA,NA,NA,NA,NA,NA,NA,NA
02/03/2026,12/31/2025,1,3,0.35,1.35,34,3,Maris_Peer,150,Middle,71.5,78.00%,NA,NA,NA,NA,NA,NA,NA,NA,NA,NA,NA,NA,NA,NA,NA,NA
02/03/2026,12/31/2025,1,3,0.35,1.35,34,3,Maris_Peer,150,Upper,71.5,NA,NA,NA,NA,NA,NA,NA,NA,NA,NA,NA,NA,NA,NA,NA,NA,NA
02/03/2026,12/31/2025,1,4,0.5,1.8,34,4,Jelly,150,Lower,63,NA,NA,NA,NA,NA,NA,NA,NA,NA,NA,NA,NA,NA,NA,NA,NA,NA
02/03/2026,12/31/2025,1,4,0.5,1.8,34,4,Jelly,150,Middle,63,NA,NA,NA,NA,NA,NA,NA,NA,NA,NA,NA,NA,NA,NA,NA,NA,NA
02/03/2026,12/31/2025,1,4,0.5,1.8,34,4,Jelly,150,Upper,63,NA,NA,NA,NA,NA,NA,NA,NA,NA,NA,NA,NA,NA,NA,NA,NA,NA
02/03/2026,01/03/2026,1,5,0.35,2.25,31,5,Accord,0,Lower,94,NA,NA,NA,NA,NA,NA,NA,NA,NA,NA,NA,NA,NA,NA,NA,NA,NA
02/03/2026,01/03/2026,1,5,0.35,2.25,31,5,Accord,0,Middle,94,NA,NA,NA,NA,NA,NA,NA,NA,NA,NA,NA,NA,NA,NA,NA,NA,NA
02/03/2026,01/03/2026,1,5,0.35,2.25,31,5,Accord,0,Upper,94,NA,NA,NA,NA,NA,NA,NA,NA,NA,NA,NA,NA,NA,NA,NA,NA,NA
02/03/2026,01/02/2026,1,6,0.5,2.7,32,6,Jelly,150,Lower,66,NA,NA,NA,NA,NA,NA,NA,NA,NA,NA,NA,NA,NA,NA,NA,NA,NA
02/03/2026,01/02/2026,1,6,0.5,2.7,32,6,Jelly,150,Middle,66,NA,NA,NA,NA,NA,NA,NA,NA,NA,NA,NA,NA,NA,NA,NA,NA,NA
02/03/2026,01/02/2026,1,6,0.5,2.7,32,6,Jelly,150,Upper,66,NA,NA,NA,NA,NA,NA,NA,NA,NA,NA,NA,NA,NA,NA,NA,NA,NA
02/03/2026,01/01/2026,1,7,0.35,3.15,33,7,Accord,150,Lower,82.5,NA,NA,NA,NA,NA,NA,NA,NA,NA,NA,NA,NA,NA,NA,NA,NA,NA
02/03/2026,01/01/2026,1,7,0.35,3.15,33,7,Accord,150,Middle,82.5,NA,NA,NA,NA,NA,NA,NA,NA,NA,NA,NA,NA,NA,NA,NA,NA,NA
02/03/2026,01/01/2026,1,7,0.35,3.15,33,7,Accord,150,Upper,82.5,NA,NA,NA,NA,NA,NA,NA,NA,NA,NA,NA,NA,NA,NA,NA,NA,NA
02/03/2026,01/03/2026,1,8,0.5,3.6,31,8,Jelly,0,Lower,83,NA,NA,NA,NA,NA,NA,NA,NA,NA,NA,NA,NA,NA,NA,NA,NA,NA
02/03/2026,01/03/2026,1,8,0.5,3.6,31,8,Jelly,0,Middle,83,NA,NA,NA,NA,NA,NA,NA,NA,NA,NA,NA,NA,NA,NA,NA,NA,NA
02/03/2026,01/03/2026,1,8,0.5,3.6,31,8,Jelly,0,Upper,83,NA,NA,NA,NA,NA,NA,NA,NA,NA,NA,NA,NA,NA,NA,NA,NA,NA
02/03/2026,01/02/2026,2,1,1,0.45,32,9,Accord,150,Lower,86,NA,NA,NA,NA,NA,NA,NA,NA,NA,NA,NA,NA,NA,NA,NA,NA,NA
02/03/2026,01/02/2026,2,1,1,0.45,32,9,Accord,150,Middle,86,NA,NA,NA,NA,NA,NA,NA,NA,NA,NA,NA,NA,NA,NA,NA,NA,NA
02/03/2026,01/02/2026,2,1,1,0.45,32,9,Accord,150,Upper,86,NA,NA,NA,NA,NA,NA,NA,NA,NA,NA,NA,NA,NA,NA,NA,NA,NA
02/03/2026,01/02/2026,2,2,1,0.9,32,10,Maris_Peer,0,Lower,61,66.00%,NA,NA,NA,NA,NA,NA,NA,NA,NA,NA,NA,NA,NA,NA,NA,NA
02/03/2026,01/02/2026,2,2,1,0.9,32,10,Maris_Peer,0,Middle,61,66.00%,NA,NA,NA,NA,NA,NA,NA,NA,NA,NA,NA,NA,NA,NA,NA,NA
02/03/2026,01/02/2026,2,2,1,0.9,32,10,Maris_Peer,0,Upper,61,66.00%,NA,NA,NA,NA,NA,NA,NA,NA,NA,NA,NA,NA,NA,NA,NA,NA
02/03/2026,01/01/2026,2,3,1,1.35,33,11,Accord,0,Lower,76,NA,NA,NA,NA,NA,NA,NA,NA,NA,NA,NA,NA,NA,NA,NA,NA,NA
02/03/2026,01/01/2026,2,3,1,1.35,33,11,Accord,0,Middle,76,NA,NA,NA,NA,NA,NA,NA,NA,NA,NA,NA,NA,NA,NA,NA,NA,NA
02/03/2026,01/01/2026,2,3,1,1.35,33,11,Accord,0,Upper,76,NA,NA,NA,NA,NA,NA,NA,NA,NA,NA,NA,NA,NA,NA,NA,NA,NA
02/03/2026,01/01/2026,2,4,1,1.8,33,12,Maris_Peer,0,Lower,68,NA,NA,NA,NA,NA,NA,NA,NA,NA,NA,NA,NA,NA,NA,NA,NA,NA
02/03/2026,01/01/2026,2,4,1,1.8,33,12,Maris_Peer,0,Middle,68,NA,NA,NA,NA,NA,NA,NA,NA,NA,NA,NA,NA,NA,NA,NA,NA,NA
02/03/2026,01/01/2026,2,4,1,1.8,33,12,Maris_Peer,0,Upper,68,NA,NA,NA,NA,NA,NA,NA,NA,NA,NA,NA,NA,NA,NA,NA,NA,NA
02/03/2026,01/04/2026,2,5,1,2.25,30,13,Maris_Peer,150,Lower,62,64.60%,NA,NA,NA,NA,NA,NA,NA,NA,NA,NA,NA,NA,NA,NA,NA,NA
02/03/2026,01/04/2026,2,5,1,2.25,30,13,Maris_Peer,150,Middle,62,64.60%,NA,NA,NA,NA,NA,NA,NA,NA,NA,NA,NA,NA,NA,NA,NA,NA
02/03/2026,01/04/2026,2,5,1,2.25,30,13,Maris_Peer,150,Upper,62,64.60%,NA,NA,NA,NA,NA,NA,NA,NA,NA,NA,NA,NA,NA,NA,NA,NA
02/03/2026,01/02/2026,3,1,1.6,0.45,32,14,Maris_Peer,150,Lower,80,73.00%,NA,NA,NA,NA,NA,NA,NA,NA,NA,NA,NA,NA,NA,NA,NA,NA
02/03/2026,01/02/2026,3,1,1.6,0.45,32,14,Maris_Peer,150,Middle,80,73.00%,NA,NA,NA,NA,NA,NA,NA,NA,NA,NA,NA,NA,NA,NA,NA,NA
02/03/2026,01/02/2026,3,1,1.6,0.45,32,14,Maris_Peer,150,Upper,80,73.00%,NA,NA,NA,NA,NA,NA,NA,NA,NA,NA,NA,NA,NA,NA,NA,NA
02/03/2026,12/31/2025,3,2,1.6,0.9,34,15,Accord,150,Lower,86,NA,NA,NA,NA,NA,NA,NA,NA,NA,NA,NA,NA,NA,NA,NA,NA,NA
02/03/2026,12/31/2025,3,2,1.6,0.9,34,15,Accord,150,Middle,86,NA,NA,NA,NA,NA,NA,NA,NA,NA,NA,NA,NA,NA,NA,NA,NA,NA
02/03/2026,12/31/2025,3,2,1.6,0.9,34,15,Accord,150,Upper,86,NA,NA,NA,NA,NA,NA,NA,NA,NA,NA,NA,NA,NA,NA,NA,NA,NA
02/03/2026,12/31/2025,3,3,1.6,1.35,34,16,Jelly,0,Lower,69,NA,NA,NA,NA,NA,NA,NA,NA,NA,NA,NA,NA,NA,NA,NA,NA,NA
02/03/2026,12/31/2025,3,3,1.6,1.35,34,16,Jelly,0,Middle,69,NA,NA,NA,NA,NA,NA,NA,NA,NA,NA,NA,NA,NA,NA,NA,NA,NA
02/03/2026,12/31/2025,3,3,1.6,1.35,34,16,Jelly,0,Upper,69,NA,NA,NA,NA,NA,NA,NA,NA,NA,NA,NA,NA,NA,NA,NA,NA,NA
02/03/2026,01/02/2026,3,4,1.6,1.8,32,17,Maris_Peer,0,Lower,61,55.40%,NA,NA,NA,NA,NA,NA,NA,NA,NA,NA,NA,NA,NA,NA,NA,NA
02/03/2026,01/02/2026,3,4,1.6,1.8,32,17,Maris_Peer,0,Middle,61,55.40%,NA,NA,NA,NA,NA,NA,NA,NA,NA,NA,NA,NA,NA,NA,NA,NA
02/03/2026,01/02/2026,3,4,1.6,1.8,32,17,Maris_Peer,0,Upper,61,55.40%,NA,NA,NA,NA,NA,NA,NA,NA,NA,NA,NA,NA,NA,NA,NA,NA
02/03/2026,01/03/2026,3,5,1.6,2.25,31,18,Jelly,75,Lower,79,NA,NA,NA,NA,NA,NA,NA,NA,NA,NA,NA,NA,NA,NA,NA,NA,NA
02/03/2026,01/03/2026,3,5,1.6,2.25,31,18,Jelly,75,Middle,79,NA,NA,NA,NA,NA,NA,NA,NA,NA,NA,NA,NA,NA,NA,NA,NA,NA
02/03/2026,01/03/2026,3,5,1.6,2.25,31,18,Jelly,75,Upper,79,NA,NA,NA,NA,NA,NA,NA,NA,NA,NA,NA,NA,NA,NA,NA,NA,NA
02/03/2026,01/01/2026,4,1,2.2,0.45,33,19,Accord,75,Lower,87,NA,NA,NA,NA,NA,NA,NA,NA,NA,NA,NA,NA,NA,NA,NA,NA,NA
02/03/2026,01/01/2026,4,1,2.2,0.45,33,19,Accord,75,Middle,87,NA,NA,NA,NA,NA,NA,NA,NA,NA,NA,NA,NA,NA,NA,NA,NA,NA
02/03/2026,01/01/2026,4,1,2.2,0.45,33,19,Accord,75,Upper,87,NA,NA,NA,NA,NA,NA,NA,NA,NA,NA,NA,NA,NA,NA,NA,NA,NA
02/03/2026,01/01/2026,4,2,2.2,0.9,33,20,Accord,75,Lower,95,NA,NA,NA,NA,NA,NA,NA,NA,NA,NA,NA,NA,NA,NA,NA,NA,NA
02/03/2026,01/01/2026,4,2,2.2,0.9,33,20,Accord,75,Middle,95,NA,NA,NA,NA,NA,NA,NA,NA,NA,NA,NA,NA,NA,NA,NA,NA,NA
02/03/2026,01/01/2026,4,2,2.2,0.9,33,20,Accord,75,Upper,95,NA,NA,NA,NA,NA,NA,NA,NA,NA,NA,NA,NA,NA,NA,NA,NA,NA
02/03/2026,01/04/2026,4,3,2.2,1.35,30,21,Jelly,75,Lower,61,NA,NA,NA,NA,NA,NA,NA,NA,NA,NA,NA,NA,NA,NA,NA,NA,NA
02/03/2026,01/04/2026,4,3,2.2,1.35,30,21,Jelly,75,Middle,61,NA,NA,NA,NA,NA,NA,NA,NA,NA,NA,NA,NA,NA,NA,NA,NA,NA
02/03/2026,01/04/2026,4,3,2.2,1.35,30,21,Jelly,75,Upper,61,NA,NA,NA,NA,NA,NA,NA,NA,NA,NA,NA,NA,NA,NA,NA,NA,NA
02/03/2026,12/31/2025,4,4,2.2,1.8,34,22,Maris_Peer,150,Lower,70,55.30%,NA,NA,NA,NA,NA,NA,NA,NA,NA,NA,NA,NA,NA,NA,NA,NA
02/03/2026,12/31/2025,4,4,2.2,1.8,34,22,Maris_Peer,150,Middle,70,55.30%,NA,NA,NA,NA,NA,NA,NA,NA,NA,NA,NA,NA,NA,NA,NA,NA
02/03/2026,12/31/2025,4,4,2.2,1.8,34,22,Maris_Peer,150,Upper,70,55.30%,NA,NA,NA,NA,NA,NA,NA,NA,NA,NA,NA,NA,NA,NA,NA,NA
02/03/2026,01/02/2026,4,5,2.2,2.25,32,23,Maris_Peer,75,Lower,72,65.00%,NA,NA,NA,NA,NA,NA,NA,NA,NA,NA,NA,NA,NA,NA,NA,NA
02/03/2026,01/02/2026,4,5,2.2,2.25,32,23,Maris_Peer,75,Middle,72,65.00%,NA,NA,NA,NA,NA,NA,NA,NA,NA,NA,NA,NA,NA,NA,NA,NA
02/03/2026,01/02/2026,4,5,2.2,2.25,32,23,Maris_Peer,75,Upper,72,65.00%,NA,NA,NA,NA,NA,NA,NA,NA,NA,NA,NA,NA,NA,NA,NA,NA
02/03/2026,01/04/2026,5,1,2.8,0.45,30,24,Maris_Peer,75,Lower,61,59.00%,NA,NA,NA,NA,NA,NA,NA,NA,NA,NA,NA,NA,NA,NA,NA,NA
02/03/2026,01/04/2026,5,1,2.8,0.45,30,24,Maris_Peer,75,Middle,61,59.00%,NA,NA,NA,NA,NA,NA,NA,NA,NA,NA,NA,NA,NA,NA,NA,NA
02/03/2026,01/04/2026,5,1,2.8,0.45,30,24,Maris_Peer,75,Upper,61,59.00%,NA,NA,NA,NA,NA,NA,NA,NA,NA,NA,NA,NA,NA,NA,NA,NA
02/03/2026,01/01/2026,5,2,2.8,0.9,33,25,Jelly,75,Lower,57,NA,NA,NA,NA,NA,NA,NA,NA,NA,NA,NA,NA,NA,NA,NA,NA,NA
02/03/2026,01/01/2026,5,2,2.8,0.9,33,25,Jelly,75,Middle,57,NA,NA,NA,NA,NA,NA,NA,NA,NA,NA,NA,NA,NA,NA,NA,NA,NA
02/03/2026,01/01/2026,5,2,2.8,0.9,33,25,Jelly,75,Upper,57,NA,NA,NA,NA,NA,NA,NA,NA,NA,NA,NA,NA,NA,NA,NA,NA,NA
02/03/2026,01/01/2026,5,3,2.8,1.35,33,26,Jelly,0,Lower,74,NA,0.36,62.786,0.922,0.579,0.202,0.219,16.36,38.972,0.717,0.542,49.87,16.8,18.73,0.93,NA,NA
02/03/2026,01/01/2026,5,3,2.8,1.35,33,26,Jelly,0,Middle,74,NA,0.8,122.845,1.196,0.559,0.24,0.201,30.9,62.853,0.69,0.571,47.32,20.38,22.29,1.91,NA,NA
02/03/2026,01/01/2026,5,3,2.8,1.35,33,26,Jelly,0,Upper,74,NA,0.57,146.483,1.562,0.498,0.306,0.196,32.83,61.288,0.656,0.52,45.33,21.59,23.25,1.66,NA,NA
02/03/2026,01/01/2026,5,4,2.8,1.8,33,27,Jelly,75,Lower,64,NA,0.58,92.827,0.781,0.609,0.171,0.22,25.44,43.415,0.733,0.568,45.83,22.78,23.39,0.61,NA,NA
02/03/2026,01/01/2026,5,4,2.8,1.8,33,27,Jelly,75,Middle,64,NA,0.38,119.034,0.816,0.609,0.176,0.215,32.62,49.196,0.729,0.58,44.6,23.88,23.95,0.07,NA,NA
02/03/2026,01/01/2026,5,4,2.8,1.8,33,27,Jelly,75,Upper,64,NA,0.37,141.801,0.863,0.59,0.19,0.22,37.65,53.239,0.724,0.549,44.85,24.66,24.09,-0.57,NA,NA
02/03/2026,01/02/2026,5,5,2.8,2.25,32,28,Jelly,150,Lower,73,NA,0.91,60.186,0.834,0.616,0.175,0.209,16.68,45.905,0.727,0.602,43.93,25.29,24.43,-0.86,NA,NA
02/03/2026,01/02/2026,5,5,2.8,2.25,32,28,Jelly,150,Middle,73,NA,0.82,107.288,1.299,0.572,0.242,0.186,27.62,46.664,0.68,0.63,40.62,26.08,25.29,-0.79,NA,NA
02/03/2026,01/02/2026,5,5,2.8,2.25,32,28,Jelly,150,Upper,73,NA,0.47,99.63,0.953,0.623,0.184,0.193,27.93,64.65,0.714,0.662,37.28,26.6,25.67,-0.93,NA,NA
02/03/2026,12/31/2025,6,1,3.5,0.45,34,29,Accord,0,Lower,92,NA,0.44,71.616,0.875,0.619,0.178,0.203,19.95,41.863,0.722,0.625,38.65,27.36,26.53,-0.83,NA,NA
02/03/2026,12/31/2025,6,1,3.5,0.45,34,29,Accord,0,Middle,92,NA,0.75,102.694,0.941,0.603,0.193,0.205,27.87,45.578,0.715,0.603,37.39,27.78,26.71,-1.07,NA,NA
02/03/2026,12/31/2025,6,1,3.5,0.45,34,29,Accord,0,Upper,92,NA,0.35,113.541,0.926,0.606,0.189,0.204,30.96,48.418,0.717,0.608,33.61,28.16,28.25,0.09,NA,NA
02/03/2026,12/31/2025,6,2,3.7,0.9,34,30,Accord,150,Lower,79,NA,0.3,97.292,0.827,0.629,0.168,0.203,27.54,39.481,0.728,0.635,34.86,28.39,27.53,-0.86,NA,NA
02/03/2026,12/31/2025,6,2,3.7,0.9,34,30,Accord,150,Middle,79,NA,0.62,117.274,1.136,0.611,0.207,0.182,32.24,45.005,0.696,0.689,33.86,28.58,26.89,-1.69,NA,NA
02/03/2026,12/31/2025,6,2,3.7,0.9,34,30,Accord,150,Upper,79,NA,0.42,144.962,0.868,0.622,0.176,0.202,40.57,48.13,0.723,0.629,32.96,28.71,28.21,-0.5,NA,NA
02/03/2026,12/31/2025,6,3,3.5,1.35,34,31,Accord,0,Lower,81,NA,0.23,98.826,1.148,0.581,0.224,0.195,25.84,45.378,0.694,0.612,32.99,28.88,27.71,-1.17,NA,NA
02/03/2026,12/31/2025,6,3,3.5,1.35,34,31,Accord,0,Middle,81,NA,0.34,121.575,0.91,0.622,0.18,0.198,34.03,46.283,0.719,0.645,33.67,28.96,27.11,-1.85,NA,NA
02/03/2026,12/31/2025,6,3,3.5,1.35,34,31,Accord,0,Upper,81,NA,0.34,153.912,1.037,0.61,0.199,0.192,42.25,51.83,0.705,0.652,33.13,29.07,27.21,-1.86,NA,NA
02/03/2026,12/30/2025,6,4,3.7,1.8,35,32,Accord,75,Lower,81,NA,0.57,91.247,0.799,0.604,0.176,0.22,24.8,42.095,0.731,0.561,33.8,29.04,27.85,-1.19,NA,NA
02/03/2026,12/30/2025,6,4,3.7,1.8,35,32,Accord,75,Middle,81,NA,0.68,94.923,0.944,0.63,0.18,0.19,26.91,42.27,0.715,0.678,32.7,29.15,27.75,-1.4,NA,NA
02/03/2026,12/30/2025,6,4,3.7,1.8,35,32,Accord,75,Upper,81,NA,0.31,149.276,0.88,0.632,0.172,0.196,42.45,49.086,0.722,0.662,32.39,29.22,28.17,-1.05,NA,NA
02/03/2026,01/01/2026,6,5,3.5,2.25,33,33,Maris_Peer,75,Lower,68.5,67.00%,0.25,78.457,1.717,0.534,0.295,0.172,18.85,38.611,0.642,0.637,31.96,29.22,27.61,-1.61,NA,NA
02/03/2026,01/01/2026,6,5,3.5,2.25,33,33,Maris_Peer,75,Middle,68.5,67.00%,0.17,118.454,1.011,0.611,0.196,0.194,32.57,47.991,0.708,0.646,33.15,29.18,27.57,-1.61,NA,NA
02/03/2026,01/01/2026,6,5,3.5,2.25,33,33,Maris_Peer,75,Upper,68.5,67.00%,0.52,143.512,0.897,0.623,0.178,0.199,40.23,50.757,0.72,0.642,32.08,29.19,27.25,-1.94,NA,NA
02/03/2026,01/05/2026,6,6,3.7,2.7,29,34,Maris_Peer,75,Lower,41,40.00%,0.47,103.266,1.762,0.513,0.311,0.176,23.84,39.437,0.639,0.595,32.19,29.22,27.61,-1.61,NA,NA
02/03/2026,01/05/2026,6,6,3.7,2.7,29,34,Maris_Peer,75,Middle,41,40.00%,1.1,108.694,0.884,0.643,0.168,0.19,31.45,40.219,0.721,0.694,32.83,29.36,27.85,-1.51,NA,NA
02/03/2026,01/05/2026,6,6,3.7,2.7,29,34,Maris_Peer,75,Upper,41,40.00%,0.53,126.187,0.826,0.638,0.164,0.198,36.23,47.411,0.728,0.658,32.26,29.57,27.29,-2.28,NA,NA
02/03/2026,01/01/2026,6,7,3.5,3.15,33,35,Jelly,0,Lower,61,NA,0.97,75.302,0.997,0.608,0.196,0.196,20.6,47.602,0.71,0.634,31.34,29.78,27.39,-2.39,NA,NA
02/03/2026,01/01/2026,6,7,3.5,3.15,33,35,Jelly,0,Middle,61,NA,0.76,100.668,1.089,0.605,0.206,0.189,27.41,40.903,0.7,0.655,30.03,29.93,27.39,-2.54,NA,NA
02/03/2026,01/01/2026,6,7,3.5,3.15,33,35,Jelly,0,Upper,61,NA,0.34,117.769,0.903,0.615,0.183,0.202,32.59,45.443,0.719,0.624,30.61,29.95,27.71,-2.24,NA,NA
02/03/2026,12/31/2025,6,8,3.7,3.6,34,36,Accord,75,Lower,96,NA,0.52,38.05,0.841,0.635,0.167,0.198,10.87,30.755,0.726,0.656,31.44,29.89,27.25,-2.64,NA,NA
02/03/2026,12/31/2025,6,8,3.7,3.6,34,36,Accord,75,Middle,96,NA,0.41,83.845,0.872,0.625,0.175,0.2,23.58,36.696,0.723,0.64,30.95,29.77,27.29,-2.48,NA,NA
02/03/2026,12/31/2025,6,8,3.7,3.6,34,36,Accord,75,Upper,96,NA,0.64,83.705,0.809,0.633,0.164,0.203,23.84,48.199,0.73,0.64,30.96,29.74,27.29,-2.45,NA,NA
02/06/2026,12/31/2025,1,1,0.35,0.45,37,1,Jelly,150,Lower,83,NA,0.52,66.765,1.029,0.595,0.205,0.199,17.88,38.471,0.706,0.612,56.66,18.47,20.85,2.38,NA,4
02/06/2026,12/31/2025,1,1,0.35,0.45,37,1,Jelly,150,Middle,83,NA,0.78,130.918,0.832,0.584,0.189,0.227,34.41,53.977,0.727,0.528,54.12,19.74,21.75,2.01,NA,4
02/06/2026,12/31/2025,1,1,0.35,0.45,37,1,Jelly,150,Upper,83,NA,0.6,154.404,0.791,0.607,0.174,0.22,42.18,59.19,0.732,0.566,52.1,20.89,22.33,1.44,NA,4
02/06/2026,12/31/2025,2,2,0.5,0.9,37,2,Maris_Peer,0,Lower,74,NA,0.4,45.087,0.792,0.632,0.163,0.205,12.82,45.578,0.731,0.631,50.5,21.85,23.11,1.26,NA,1
02/06/2026,12/31/2025,2,2,0.5,0.9,37,2,Maris_Peer,0,Middle,74,NA,0.26,112.408,0.781,0.621,0.166,0.213,31.41,45.58,0.733,0.597,48.19,22.69,23.63,0.94,NA,1
02/06/2026,12/31/2025,2,2,0.5,0.9,37,2,Maris_Peer,0,Upper,74,NA,0.6,153.422,0.733,0.615,0.163,0.222,42.46,46.464,0.738,0.567,46.37,23.36,23.89,0.53,NA,1
02/06/2026,12/31/2025,3,3,0.35,1.35,37,3,Maris_Peer,150,Lower,84,NA,0.57,92.935,0.81,0.608,0.176,0.217,25.43,42.754,0.729,0.574,43.52,24.02,24.71,0.69,NA,1
02/06/2026,12/31/2025,3,3,0.35,1.35,37,3,Maris_Peer,150,Middle,84,NA,0.34,142.309,0.765,0.61,0.169,0.221,39.06,49.443,0.734,0.566,41.23,24.57,24.85,0.28,NA,1
02/06/2026,12/31/2025,3,3,0.35,1.35,37,3,Maris_Peer,150,Upper,84,NA,0.8,154.969,0.806,0.613,0.173,0.215,42.75,49.202,0.73,0.585,41.38,25.12,24.99,-0.13,NA,1
02/06/2026,12/31/2025,4,4,0.5,1.8,37,4,Jelly,150,Lower,72,NA,0.25,69.001,0.947,0.624,0.183,0.193,19.38,38.491,0.715,0.662,39.39,25.82,25.33,-0.49,NA,6
02/06/2026,12/31/2025,4,4,0.5,1.8,37,4,Jelly,150,Middle,72,NA,0.39,144.419,1.039,0.586,0.211,0.203,38.08,50.81,0.705,0.591,38.81,26.36,26.05,-0.31,NA,6
02/06/2026,12/31/2025,4,4,0.5,1.8,37,4,Jelly,150,Upper,72,NA,0.25,165.303,0.944,0.592,0.198,0.21,44.04,51.912,0.715,0.578,38.12,26.93,25.95,-0.98,NA,6
02/06/2026,01/03/2026,5,5,0.35,2.25,34,5,Accord,0,Lower,94,NA,0.54,55.91,0.808,0.626,0.167,0.207,15.75,45.535,0.73,0.62,38.2,27.33,26.35,-0.98,NA,3
02/06/2026,01/03/2026,5,5,0.35,2.25,34,5,Accord,0,Middle,94,NA,1.03,116.265,0.79,0.618,0.169,0.213,32.33,44.572,0.732,0.593,38.2,27.64,26.57,-1.07,NA,3
02/06/2026,01/03/2026,5,5,0.35,2.25,34,5,Accord,0,Upper,94,NA,0.32,136.01,0.794,0.606,0.174,0.22,37.09,41.593,0.731,0.566,36.23,27.92,27.07,-0.85,NA,3
02/06/2026,01/02/2026,6,6,0.5,2.7,35,6,Jelly,150,Lower,76,NA,0.22,58.218,0.83,0.632,0.167,0.201,16.56,38.062,0.727,0.644,36.42,28.12,26.47,-1.65,NA,4
02/06/2026,01/02/2026,6,6,0.5,2.7,35,6,Jelly,150,Middle,76,NA,0.31,101.572,1.652,0.531,0.292,0.177,24.27,54.554,0.648,0.614,35.84,28.26,26.61,-1.65,NA,4
02/06/2026,01/02/2026,6,6,0.5,2.7,35,6,Jelly,150,Upper,76,NA,0.49,151.889,0.831,0.606,0.179,0.215,41.42,51.179,0.727,0.578,35.35,28.28,26.85,-1.43,NA,4
02/06/2026,01/01/2026,7,7,0.35,3.15,36,7,Accord,150,Lower,92,NA,0.53,51.648,0.814,0.638,0.162,0.199,14.83,41.326,0.729,0.656,35.47,28.33,26.79,-1.54,NA,5
02/06/2026,01/01/2026,7,7,0.35,3.15,36,7,Accord,150,Middle,92,NA,0.5,101.046,0.989,0.625,0.186,0.188,28.42,50.664,0.71,0.68,36.32,28.47,26.71,-1.76,NA,5
02/06/2026,01/01/2026,7,7,0.35,3.15,36,7,Accord,150,Upper,92,NA,0.27,126.348,0.854,0.624,0.173,0.203,35.48,50.111,0.725,0.63,36.35,28.67,26.61,-2.06,NA,5
02/06/2026,01/03/2026,8,8,0.5,3.6,34,8,Jelly,0,Lower,92,NA,1.17,68.388,0.97,0.624,0.185,0.191,19.2,40.785,0.712,0.669,36.7,29.02,26.93,-2.09,NA,4
02/06/2026,01/03/2026,8,8,0.5,3.6,34,8,Jelly,0,Middle,92,NA,0.42,81.298,0.794,0.631,0.163,0.206,23.08,52.264,0.731,0.629,35.55,29.25,26.89,-2.36,NA,4
02/06/2026,01/03/2026,8,8,0.5,3.6,34,8,Jelly,0,Upper,92,NA,0.89,150.817,0.938,0.619,0.184,0.197,42.01,59.444,0.716,0.645,35.27,29.44,26.85,-2.59,NA,4
02/06/2026,01/02/2026,1,1,1,0.45,35,9,Accord,150,Lower,95,NA,0.48,61.74,0.737,0.614,0.164,0.222,17.06,40.422,0.737,0.567,37.75,25.52,23.63,-1.89,NA,2
02/06/2026,01/02/2026,1,1,1,0.45,35,9,Accord,150,Middle,95,NA,0.48,78.71,0.78,0.613,0.17,0.218,21.71,45.118,0.733,0.577,39.25,25.9,24.33,-1.57,NA,2
02/06/2026,01/02/2026,1,1,1,0.45,35,9,Accord,150,Upper,95,NA,0.85,128.421,0.825,0.606,0.178,0.216,35.02,48.721,0.728,0.574,39.5,26.29,24.61,-1.68,NA,2
02/06/2026,01/02/2026,2,2,1,0.9,35,10,Maris_Peer,0,Lower,72,NA,0.49,81.933,0.858,0.63,0.171,0.199,23.23,45.637,0.724,0.648,40.7,26.86,25.05,-1.81,NA,1
02/06/2026,01/02/2026,2,2,1,0.9,35,10,Maris_Peer,0,Middle,72,NA,0.23,101.614,0.79,0.612,0.171,0.217,27.98,46.986,0.732,0.578,39.77,27.42,25.29,-2.13,NA,1
02/06/2026,01/02/2026,2,2,1,0.9,35,10,Maris_Peer,0,Upper,72,NA,0.39,166.52,0.76,0.615,0.166,0.219,46.08,50.405,0.735,0.577,39.58,27.83,26.15,-1.68,NA,1
02/06/2026,01/01/2026,3,3,1,1.35,36,11,Accord,0,Lower,88,NA,0.64,85.368,0.768,0.629,0.161,0.21,24.16,41.928,0.734,0.614,40.31,28.16,25.81,-2.35,NA,4
02/06/2026,01/01/2026,3,3,1,1.35,36,11,Accord,0,Middle,88,NA,0.7,112.277,0.788,0.621,0.167,0.212,31.38,40.658,0.732,0.6,39.17,28.51,26.11,-2.4,NA,4
02/06/2026,01/01/2026,3,3,1,1.35,36,11,Accord,0,Upper,88,NA,0.23,147.443,0.783,0.611,0.171,0.218,40.54,40.14,0.732,0.575,39.85,28.75,25.81,-2.94,NA,4
02/06/2026,01/01/2026,4,4,1,1.8,36,12,Maris_Peer,0,Lower,74,NA,0.56,71.225,0.784,0.622,0.166,0.212,19.94,35.769,0.732,0.601,39.22,29,26.67,-2.33,NA,3
02/06/2026,01/01/2026,4,4,1,1.8,36,12,Maris_Peer,0,Middle,74,NA,0.5,101.665,1.16,0.593,0.218,0.188,27.13,45.292,0.693,0.646,39.83,29.24,26.93,-2.31,NA,3
02/06/2026,01/01/2026,4,4,1,1.8,36,12,Maris_Peer,0,Upper,74,NA,0.83,166.51,0.984,0.603,0.197,0.2,45.18,43.588,0.711,0.617,38.69,29.52,26.71,-2.81,NA,3
02/06/2026,01/04/2026,5,5,1,2.25,33,13,Maris_Peer,150,Lower,74,NA,1.23,58.622,0.824,0.626,0.169,0.205,16.51,43.853,0.728,0.626,36.74,29.64,26.71,-2.93,NA,1
02/06/2026,01/04/2026,5,5,1,2.25,33,13,Maris_Peer,150,Middle,74,NA,0.99,98.012,0.842,0.623,0.172,0.205,27.48,43.439,0.726,0.623,36.85,29.79,26.99,-2.8,NA,1
02/06/2026,01/04/2026,5,5,1,2.25,33,13,Maris_Peer,150,Upper,74,NA,0.73,83.647,0.769,0.632,0.16,0.208,23.79,46.835,0.734,0.622,35.4,29.92,26.75,-3.17,NA,1
02/06/2026,01/02/2026,1,1,1.6,0.45,35,14,Maris_Peer,150,Lower,91,NA,1.16,90.291,0.765,0.619,0.165,0.216,25.15,41.917,0.734,0.587,33.99,29.81,26.53,-3.28,NA,1
02/06/2026,01/02/2026,1,1,1.6,0.45,35,14,Maris_Peer,150,Middle,91,NA,0.34,99.088,0.856,0.615,0.177,0.207,27.42,36.472,0.724,0.609,34.87,29.68,26.85,-2.83,NA,1
02/06/2026,01/02/2026,1,1,1.6,0.45,35,14,Maris_Peer,150,Upper,91,NA,0.51,140.806,0.817,0.614,0.174,0.212,38.9,41.998,0.729,0.592,34.76,29.65,27.03,-2.62,NA,1
02/06/2026,12/31/2025,2,2,1.6,0.9,37,15,Accord,150,Lower,94,NA,0.53,67.465,0.874,0.609,0.182,0.209,18.49,37.469,0.723,0.598,34.74,29.44,26.85,-2.59,NA,5
02/06/2026,12/31/2025,2,2,1.6,0.9,37,15,Accord,150,Middle,94,NA,0.28,102.145,0.795,0.612,0.172,0.216,28.13,41.072,0.731,0.581,34.17,29.36,26.35,-3.01,NA,5
02/06/2026,12/31/2025,2,2,1.6,0.9,37,15,Accord,150,Upper,94,NA,0.46,144.969,0.819,0.61,0.176,0.215,39.79,49.06,0.728,0.582,35.71,29.3,26.61,-2.69,NA,5
02/06/2026,12/31/2025,3,3,1.6,1.35,37,16,Jelly,0,Lower,74,NA,0.4,69.25,0.923,0.608,0.188,0.204,18.95,38.798,0.717,0.612,35.83,27.99,26.99,1,NA,8
02/06/2026,12/31/2025,3,3,1.6,1.35,37,16,Jelly,0,Middle,74,NA,0.28,87.885,1.001,0.6,0.2,0.2,23.73,36.474,0.709,0.615,36.49,28.11,26.67,-1.44,NA,8
02/06/2026,12/31/2025,3,3,1.6,1.35,37,16,Jelly,0,Upper,74,NA,0.22,158.765,1.142,0.578,0.225,0.197,0.29,58.133,0.695,0.601,38.21,28.3,26.79,-1.51,NA,8
02/06/2026,01/02/2026,4,4,1.6,1.8,35,17,Maris_Peer,0,Lower,74,NA,0.51,42.31,0.89,0.621,0.179,0.201,11.82,33.583,0.721,0.634,37.5,28.6,27.21,-1.39,NA,1
02/06/2026,01/02/2026,4,4,1.6,1.8,35,17,Maris_Peer,0,Middle,74,NA,0.51,91.183,0.808,0.598,0.179,0.222,24.54,32.857,0.73,0.552,37.51,28.89,27.75,-1.14,NA,1
02/06/2026,01/02/2026,4,4,1.6,1.8,35,17,Maris_Peer,0,Upper,74,NA,0.62,138.603,0.79,0.629,0.164,0.207,39.23,44.567,0.732,0.623,36.94,29.07,26.67,-2.4,NA,1
02/06/2026,01/03/2026,5,5,1.6,2.25,34,18,Jelly,75,Lower,87,NA,0.64,38.296,0.005,0.666,0.002,0.332,11.48,47.532,0.829,0.411,35.8,29.15,26.53,-2.62,NA,3
02/06/2026,01/03/2026,5,5,1.6,2.25,34,18,Jelly,75,Middle,87,NA,0.63,100.445,0.938,0.613,0.187,0.2,27.71,54.128,0.716,0.629,37.62,29.06,26.71,-2.35,NA,3
02/06/2026,01/03/2026,5,5,1.6,2.25,34,18,Jelly,75,Upper,87,NA,0.31,119.303,0.86,0.597,0.186,0.217,32.05,59.379,0.724,0.565,38.84,29.09,26.67,-2.42,NA,3
02/06/2026,01/01/2026,1,1,2.2,0.45,36,19,Accord,75,Lower,97,NA,0.45,46.382,0.66,0.623,0.15,0.227,13,46.801,0.746,0.561,36.54,26.68,23.53,-3.15,NA,2
02/06/2026,01/01/2026,1,1,2.2,0.45,36,19,Accord,75,Middle,97,NA,0.29,97.601,0.811,0.608,0.175,0.216,26.7,45.608,0.729,0.577,39.98,26.84,26.75,-0.09,NA,2
02/06/2026,01/01/2026,1,1,2.2,0.45,36,19,Accord,75,Upper,97,NA,0.3,163.396,1.147,0.574,0.227,0.198,42.21,46.121,0.695,0.593,39.75,27.08,26.47,-0.61,NA,2
02/06/2026,01/01/2026,2,2,2.2,0.9,36,20,Accord,75,Lower,104,NA,0.33,59.03,0.836,0.616,0.175,0.209,16.36,36.431,0.727,0.604,38.41,27.36,26.25,-1.11,NA,4
02/06/2026,01/01/2026,2,2,2.2,0.9,36,20,Accord,75,Middle,104,NA,0.33,78.376,0.804,0.625,0.167,0.208,22.04,44.573,0.73,0.615,38.91,27.54,26.19,-1.35,NA,4
02/06/2026,01/01/2026,2,2,2.2,0.9,36,20,Accord,75,Upper,104,NA,0.36,160.953,0.786,0.601,0.176,0.223,43.53,45.91,0.732,0.552,39.21,27.7,26.39,-1.31,NA,4
02/06/2026,01/04/2026,3,3,2.2,1.35,33,21,Jelly,75,Lower,70,NA,0.34,46.727,0.903,0.589,0.195,0.216,12.38,35.724,0.719,0.558,38.63,27.81,26.01,-1.8,NA,3
02/06/2026,01/04/2026,3,3,2.2,1.35,33,21,Jelly,75,Middle,70,NA,0.48,85.165,0.819,0.617,0.172,0.21,23.65,49.057,0.728,0.601,38.8,27.89,26.01,-1.88,NA,3
02/06/2026,01/04/2026,3,3,2.2,1.35,33,21,Jelly,75,Upper,70,NA,0.67,184.038,0.814,0.603,0.178,0.219,49.94,45.86,0.729,0.565,38.69,27.98,25.95,-2.03,NA,3
02/06/2026,12/31/2025,4,4,2.2,1.8,37,22,Maris_Peer,150,Lower,77,NA,NA,NA,NA,NA,NA,NA,NA,NA,NA,NA,NA,NA,NA,NA,NA,1
02/06/2026,12/31/2025,4,4,2.2,1.8,37,22,Maris_Peer,150,Middle,77,NA,NA,NA,NA,NA,NA,NA,NA,NA,NA,NA,NA,NA,NA,NA,NA,1
02/06/2026,12/31/2025,4,4,2.2,1.8,37,22,Maris_Peer,150,Upper,77,NA,NA,NA,NA,NA,NA,NA,NA,NA,NA,NA,NA,NA,NA,NA,NA,1
02/06/2026,01/02/2026,5,5,2.2,2.25,35,23,Maris_Peer,75,Lower,80,NA,NA,NA,NA,NA,NA,NA,NA,NA,NA,NA,NA,NA,NA,NA,NA,1
02/06/2026,01/02/2026,5,5,2.2,2.25,35,23,Maris_Peer,75,Middle,80,NA,NA,NA,NA,NA,NA,NA,NA,NA,NA,NA,NA,NA,NA,NA,NA,1
02/06/2026,01/02/2026,5,5,2.2,2.25,35,23,Maris_Peer,75,Upper,80,NA,NA,NA,NA,NA,NA,NA,NA,NA,NA,NA,NA,NA,NA,NA,NA,1
02/06/2026,01/04/2026,1,1,2.8,0.45,33,24,Maris_Peer,75,Lower,71,NA,NA,NA,NA,NA,NA,NA,NA,NA,NA,NA,NA,NA,NA,NA,NA,1
02/06/2026,01/04/2026,1,1,2.8,0.45,33,24,Maris_Peer,75,Middle,71,NA,NA,NA,NA,NA,NA,NA,NA,NA,NA,NA,NA,NA,NA,NA,NA,1
02/06/2026,01/04/2026,1,1,2.8,0.45,33,24,Maris_Peer,75,Upper,71,NA,NA,NA,NA,NA,NA,NA,NA,NA,NA,NA,NA,NA,NA,NA,NA,1
02/06/2026,01/01/2026,2,2,2.8,0.9,36,25,Jelly,75,Lower,58,NA,NA,NA,NA,NA,NA,NA,NA,NA,NA,NA,NA,NA,NA,NA,NA,3
02/06/2026,01/01/2026,2,2,2.8,0.9,36,25,Jelly,75,Middle,58,NA,NA,NA,NA,NA,NA,NA,NA,NA,NA,NA,NA,NA,NA,NA,NA,3
02/06/2026,01/01/2026,2,2,2.8,0.9,36,25,Jelly,75,Upper,58,NA,NA,NA,NA,NA,NA,NA,NA,NA,NA,NA,NA,NA,NA,NA,NA,3
02/06/2026,01/01/2026,3,3,2.8,1.35,36,26,Jelly,0,Lower,79,NA,NA,NA,NA,NA,NA,NA,NA,NA,NA,NA,NA,NA,NA,NA,NA,3
02/06/2026,01/01/2026,3,3,2.8,1.35,36,26,Jelly,0,Middle,79,NA,NA,NA,NA,NA,NA,NA,NA,NA,NA,NA,NA,NA,NA,NA,NA,3
02/06/2026,01/01/2026,3,3,2.8,1.35,36,26,Jelly,0,Upper,79,NA,NA,NA,NA,NA,NA,NA,NA,NA,NA,NA,NA,NA,NA,NA,NA,3
02/06/2026,01/01/2026,4,4,2.8,1.8,36,27,Jelly,75,Lower,75,NA,NA,NA,NA,NA,NA,NA,NA,NA,NA,NA,NA,NA,NA,NA,NA,4
02/06/2026,01/01/2026,4,4,2.8,1.8,36,27,Jelly,75,Middle,75,NA,NA,NA,NA,NA,NA,NA,NA,NA,NA,NA,NA,NA,NA,NA,NA,4
02/06/2026,01/01/2026,4,4,2.8,1.8,36,27,Jelly,75,Upper,75,NA,NA,NA,NA,NA,NA,NA,NA,NA,NA,NA,NA,NA,NA,NA,NA,4
02/06/2026,01/02/2026,5,5,2.8,2.25,35,28,Jelly,150,Lower,73,NA,NA,NA,NA,NA,NA,NA,NA,NA,NA,NA,NA,NA,NA,NA,NA,4
02/06/2026,01/02/2026,5,5,2.8,2.25,35,28,Jelly,150,Middle,73,NA,NA,NA,NA,NA,NA,NA,NA,NA,NA,NA,NA,NA,NA,NA,NA,4
02/06/2026,01/02/2026,5,5,2.8,2.25,35,28,Jelly,150,Upper,73,NA,NA,NA,NA,NA,NA,NA,NA,NA,NA,NA,NA,NA,NA,NA,NA,4
02/06/2026,12/31/2025,1,1,3.5,0.45,37,29,Accord,0,Lower,97,NA,NA,NA,NA,NA,NA,NA,NA,NA,NA,NA,NA,NA,NA,NA,NA,4
02/06/2026,12/31/2025,1,1,3.5,0.45,37,29,Accord,0,Middle,97,NA,NA,NA,NA,NA,NA,NA,NA,NA,NA,NA,NA,NA,NA,NA,NA,4
02/06/2026,12/31/2025,1,1,3.5,0.45,37,29,Accord,0,Upper,97,NA,NA,NA,NA,NA,NA,NA,NA,NA,NA,NA,NA,NA,NA,NA,NA,4
02/06/2026,12/31/2025,2,2,3.7,0.9,37,30,Accord,150,Lower,88,NA,NA,NA,NA,NA,NA,NA,NA,NA,NA,NA,NA,NA,NA,NA,NA,4
02/06/2026,12/31/2025,2,2,3.7,0.9,37,30,Accord,150,Middle,88,NA,NA,NA,NA,NA,NA,NA,NA,NA,NA,NA,NA,NA,NA,NA,NA,4
02/06/2026,12/31/2025,2,2,3.7,0.9,37,30,Accord,150,Upper,88,NA,NA,NA,NA,NA,NA,NA,NA,NA,NA,NA,NA,NA,NA,NA,NA,4
02/06/2026,12/31/2025,3,3,3.5,1.35,37,31,Accord,0,Lower,91,NA,NA,NA,NA,NA,NA,NA,NA,NA,NA,NA,NA,NA,NA,NA,NA,4
02/06/2026,12/31/2025,3,3,3.5,1.35,37,31,Accord,0,Middle,91,NA,NA,NA,NA,NA,NA,NA,NA,NA,NA,NA,NA,NA,NA,NA,NA,4
02/06/2026,12/31/2025,3,3,3.5,1.35,37,31,Accord,0,Upper,91,NA,NA,NA,NA,NA,NA,NA,NA,NA,NA,NA,NA,NA,NA,NA,NA,4
02/06/2026,12/30/2025,4,4,3.7,1.8,38,32,Accord,75,Lower,91,NA,NA,NA,NA,NA,NA,NA,NA,NA,NA,NA,NA,NA,NA,NA,NA,4
02/06/2026,12/30/2025,4,4,3.7,1.8,38,32,Accord,75,Middle,91,NA,NA,NA,NA,NA,NA,NA,NA,NA,NA,NA,NA,NA,NA,NA,NA,4
02/06/2026,12/30/2025,4,4,3.7,1.8,38,32,Accord,75,Upper,91,NA,NA,NA,NA,NA,NA,NA,NA,NA,NA,NA,NA,NA,NA,NA,NA,4
02/06/2026,01/01/2026,5,5,3.5,2.25,36,33,Maris_Peer,75,Lower,80,NA,NA,NA,NA,NA,NA,NA,NA,NA,NA,NA,NA,NA,NA,NA,NA,1
02/06/2026,01/01/2026,5,5,3.5,2.25,36,33,Maris_Peer,75,Middle,80,NA,NA,NA,NA,NA,NA,NA,NA,NA,NA,NA,NA,NA,NA,NA,NA,1
02/06/2026,01/01/2026,5,5,3.5,2.25,36,33,Maris_Peer,75,Upper,80,NA,NA,NA,NA,NA,NA,NA,NA,NA,NA,NA,NA,NA,NA,NA,NA,1
02/06/2026,01/05/2026,6,6,3.7,2.7,32,34,Maris_Peer,75,Lower,45,NA,NA,NA,NA,NA,NA,NA,NA,NA,NA,NA,NA,NA,NA,NA,NA,1
02/06/2026,01/05/2026,6,6,3.7,2.7,32,34,Maris_Peer,75,Middle,45,NA,NA,NA,NA,NA,NA,NA,NA,NA,NA,NA,NA,NA,NA,NA,NA,1
02/06/2026,01/05/2026,6,6,3.7,2.7,32,34,Maris_Peer,75,Upper,45,NA,NA,NA,NA,NA,NA,NA,NA,NA,NA,NA,NA,NA,NA,NA,NA,1
02/06/2026,01/01/2026,7,7,3.5,3.15,36,35,Jelly,0,Lower,67,NA,NA,NA,NA,NA,NA,NA,NA,NA,NA,NA,NA,NA,NA,NA,NA,5
02/06/2026,01/01/2026,7,7,3.5,3.15,36,35,Jelly,0,Middle,67,NA,NA,NA,NA,NA,NA,NA,NA,NA,NA,NA,NA,NA,NA,NA,NA,5
02/06/2026,01/01/2026,7,7,3.5,3.15,36,35,Jelly,0,Upper,67,NA,NA,NA,NA,NA,NA,NA,NA,NA,NA,NA,NA,NA,NA,NA,NA,5
02/06/2026,12/31/2025,8,8,3.7,3.6,37,36,Accord,75,Lower,104,NA,NA,NA,NA,NA,NA,NA,NA,NA,NA,NA,NA,NA,NA,NA,NA,4
02/06/2026,12/31/2025,8,8,3.7,3.6,37,36,Accord,75,Middle,104,NA,NA,NA,NA,NA,NA,NA,NA,NA,NA,NA,NA,NA,NA,NA,NA,4
02/06/2026,12/31/2025,8,8,3.7,3.6,37,36,Accord,75,Upper,104,NA,NA,NA,NA,NA,NA,NA,NA,NA,NA,NA,NA,NA,NA,NA,NA,4
02/09/2026,12/31/2025,1,1,0.35,0.45,40,1,Jelly,150,Lower,NA,NA,NA,NA,NA,NA,NA,NA,NA,NA,NA,NA,NA,NA,NA,NA,NA,4
02/09/2026,12/31/2025,1,1,0.35,0.45,40,1,Jelly,150,Middle,NA,NA,NA,NA,NA,NA,NA,NA,NA,NA,NA,NA,NA,NA,NA,NA,NA,4
02/09/2026,12/31/2025,1,1,0.35,0.45,40,1,Jelly,150,Upper,NA,NA,NA,NA,NA,NA,NA,NA,NA,NA,NA,NA,NA,NA,NA,NA,NA,4
02/09/2026,12/31/2025,2,2,0.5,0.9,40,2,Maris_Peer,0,Lower,NA,NA,NA,NA,NA,NA,NA,NA,NA,NA,NA,NA,NA,NA,NA,NA,NA,1
02/09/2026,12/31/2025,2,2,0.5,0.9,40,2,Maris_Peer,0,Middle,NA,NA,NA,NA,NA,NA,NA,NA,NA,NA,NA,NA,NA,NA,NA,NA,NA,1
02/09/2026,12/31/2025,2,2,0.5,0.9,40,2,Maris_Peer,0,Upper,NA,NA,NA,NA,NA,NA,NA,NA,NA,NA,NA,NA,NA,NA,NA,NA,NA,1
02/09/2026,12/31/2025,3,3,0.35,1.35,40,3,Maris_Peer,150,Lower,NA,NA,NA,NA,NA,NA,NA,NA,NA,NA,NA,NA,NA,NA,NA,NA,NA,1
02/09/2026,12/31/2025,3,3,0.35,1.35,40,3,Maris_Peer,150,Middle,NA,NA,NA,NA,NA,NA,NA,NA,NA,NA,NA,NA,NA,NA,NA,NA,NA,1
02/09/2026,12/31/2025,3,3,0.35,1.35,40,3,Maris_Peer,150,Upper,NA,NA,NA,NA,NA,NA,NA,NA,NA,NA,NA,NA,NA,NA,NA,NA,NA,1
02/09/2026,12/31/2025,4,4,0.5,1.8,40,4,Jelly,150,Lower,NA,NA,NA,NA,NA,NA,NA,NA,NA,NA,NA,NA,NA,NA,NA,NA,NA,6
02/09/2026,12/31/2025,4,4,0.5,1.8,40,4,Jelly,150,Middle,NA,NA,NA,NA,NA,NA,NA,NA,NA,NA,NA,NA,NA,NA,NA,NA,NA,6
02/09/2026,12/31/2025,4,4,0.5,1.8,40,4,Jelly,150,Upper,NA,NA,NA,NA,NA,NA,NA,NA,NA,NA,NA,NA,NA,NA,NA,NA,NA,6
02/09/2026,01/03/2026,5,5,0.35,2.25,37,5,Accord,0,Lower,NA,NA,NA,NA,NA,NA,NA,NA,NA,NA,NA,NA,NA,NA,NA,NA,NA,3
02/09/2026,01/03/2026,5,5,0.35,2.25,37,5,Accord,0,Middle,NA,NA,NA,NA,NA,NA,NA,NA,NA,NA,NA,NA,NA,NA,NA,NA,NA,3
02/09/2026,01/03/2026,5,5,0.35,2.25,37,5,Accord,0,Upper,NA,NA,NA,NA,NA,NA,NA,NA,NA,NA,NA,NA,NA,NA,NA,NA,NA,3
02/09/2026,01/02/2026,6,6,0.5,2.7,38,6,Jelly,150,Lower,NA,NA,NA,NA,NA,NA,NA,NA,NA,NA,NA,NA,NA,NA,NA,NA,NA,4
02/09/2026,01/02/2026,6,6,0.5,2.7,38,6,Jelly,150,Middle,NA,NA,NA,NA,NA,NA,NA,NA,NA,NA,NA,NA,NA,NA,NA,NA,NA,4
02/09/2026,01/02/2026,6,6,0.5,2.7,38,6,Jelly,150,Upper,NA,NA,NA,NA,NA,NA,NA,NA,NA,NA,NA,NA,NA,NA,NA,NA,NA,4
02/09/2026,01/01/2026,7,7,0.35,3.15,39,7,Accord,150,Lower,NA,NA,NA,NA,NA,NA,NA,NA,NA,NA,NA,NA,NA,NA,NA,NA,NA,5
02/09/2026,01/01/2026,7,7,0.35,3.15,39,7,Accord,150,Middle,NA,NA,NA,NA,NA,NA,NA,NA,NA,NA,NA,NA,NA,NA,NA,NA,NA,5
02/09/2026,01/01/2026,7,7,0.35,3.15,39,7,Accord,150,Upper,NA,NA,NA,NA,NA,NA,NA,NA,NA,NA,NA,NA,NA,NA,NA,NA,NA,5
02/09/2026,01/03/2026,8,8,0.5,3.6,37,8,Jelly,0,Lower,NA,NA,NA,NA,NA,NA,NA,NA,NA,NA,NA,NA,NA,NA,NA,NA,NA,4
02/09/2026,01/03/2026,8,8,0.5,3.6,37,8,Jelly,0,Middle,NA,NA,NA,NA,NA,NA,NA,NA,NA,NA,NA,NA,NA,NA,NA,NA,NA,4
02/09/2026,01/03/2026,8,8,0.5,3.6,37,8,Jelly,0,Upper,NA,NA,NA,NA,NA,NA,NA,NA,NA,NA,NA,NA,NA,NA,NA,NA,NA,4
02/09/2026,01/02/2026,1,1,1,0.45,38,9,Accord,150,Lower,NA,NA,NA,NA,NA,NA,NA,NA,NA,NA,NA,NA,NA,NA,NA,NA,NA,2
02/09/2026,01/02/2026,1,1,1,0.45,38,9,Accord,150,Middle,NA,NA,NA,NA,NA,NA,NA,NA,NA,NA,NA,NA,NA,NA,NA,NA,NA,2
02/09/2026,01/02/2026,1,1,1,0.45,38,9,Accord,150,Upper,NA,NA,NA,NA,NA,NA,NA,NA,NA,NA,NA,NA,NA,NA,NA,NA,NA,2
02/09/2026,01/02/2026,2,2,1,0.9,38,10,Maris_Peer,0,Lower,NA,NA,NA,NA,NA,NA,NA,NA,NA,NA,NA,NA,NA,NA,NA,NA,NA,1
02/09/2026,01/02/2026,2,2,1,0.9,38,10,Maris_Peer,0,Middle,NA,NA,NA,NA,NA,NA,NA,NA,NA,NA,NA,NA,NA,NA,NA,NA,NA,1
02/09/2026,01/02/2026,2,2,1,0.9,38,10,Maris_Peer,0,Upper,NA,NA,NA,NA,NA,NA,NA,NA,NA,NA,NA,NA,NA,NA,NA,NA,NA,1
02/09/2026,01/01/2026,3,3,1,1.35,39,11,Accord,0,Lower,NA,NA,NA,NA,NA,NA,NA,NA,NA,NA,NA,NA,NA,NA,NA,NA,NA,4
02/09/2026,01/01/2026,3,3,1,1.35,39,11,Accord,0,Middle,NA,NA,NA,NA,NA,NA,NA,NA,NA,NA,NA,NA,NA,NA,NA,NA,NA,4
02/09/2026,01/01/2026,3,3,1,1.35,39,11,Accord,0,Upper,NA,NA,NA,NA,NA,NA,NA,NA,NA,NA,NA,NA,NA,NA,NA,NA,NA,4
02/09/2026,01/01/2026,4,4,1,1.8,39,12,Maris_Peer,0,Lower,NA,NA,NA,NA,NA,NA,NA,NA,NA,NA,NA,NA,NA,NA,NA,NA,NA,3
02/09/2026,01/01/2026,4,4,1,1.8,39,12,Maris_Peer,0,Middle,NA,NA,NA,NA,NA,NA,NA,NA,NA,NA,NA,NA,NA,NA,NA,NA,NA,3
02/09/2026,01/01/2026,4,4,1,1.8,39,12,Maris_Peer,0,Upper,NA,NA,NA,NA,NA,NA,NA,NA,NA,NA,NA,NA,NA,NA,NA,NA,NA,3
02/09/2026,01/04/2026,5,5,1,2.25,36,13,Maris_Peer,150,Lower,NA,NA,NA,NA,NA,NA,NA,NA,NA,NA,NA,NA,NA,NA,NA,NA,NA,1
02/09/2026,01/04/2026,5,5,1,2.25,36,13,Maris_Peer,150,Middle,NA,NA,NA,NA,NA,NA,NA,NA,NA,NA,NA,NA,NA,NA,NA,NA,NA,1
02/09/2026,01/04/2026,5,5,1,2.25,36,13,Maris_Peer,150,Upper,NA,NA,NA,NA,NA,NA,NA,NA,NA,NA,NA,NA,NA,NA,NA,NA,NA,1
02/09/2026,01/02/2026,1,1,1.6,0.45,38,14,Maris_Peer,150,Lower,NA,NA,NA,NA,NA,NA,NA,NA,NA,NA,NA,NA,NA,NA,NA,NA,NA,1
02/09/2026,01/02/2026,1,1,1.6,0.45,38,14,Maris_Peer,150,Middle,NA,NA,NA,NA,NA,NA,NA,NA,NA,NA,NA,NA,NA,NA,NA,NA,NA,1
02/09/2026,01/02/2026,1,1,1.6,0.45,38,14,Maris_Peer,150,Upper,NA,NA,NA,NA,NA,NA,NA,NA,NA,NA,NA,NA,NA,NA,NA,NA,NA,1
02/09/2026,12/31/2025,2,2,1.6,0.9,40,15,Accord,150,Lower,NA,NA,NA,NA,NA,NA,NA,NA,NA,NA,NA,NA,NA,NA,NA,NA,NA,5
02/09/2026,12/31/2025,2,2,1.6,0.9,40,15,Accord,150,Middle,NA,NA,NA,NA,NA,NA,NA,NA,NA,NA,NA,NA,NA,NA,NA,NA,NA,5
02/09/2026,12/31/2025,2,2,1.6,0.9,40,15,Accord,150,Upper,NA,NA,NA,NA,NA,NA,NA,NA,NA,NA,NA,NA,NA,NA,NA,NA,NA,5
02/09/2026,12/31/2025,3,3,1.6,1.35,40,16,Jelly,0,Lower,NA,NA,NA,NA,NA,NA,NA,NA,NA,NA,NA,NA,NA,NA,NA,NA,NA,8
02/09/2026,12/31/2025,3,3,1.6,1.35,40,16,Jelly,0,Middle,NA,NA,NA,NA,NA,NA,NA,NA,NA,NA,NA,NA,NA,NA,NA,NA,NA,8
02/09/2026,12/31/2025,3,3,1.6,1.35,40,16,Jelly,0,Upper,NA,NA,NA,NA,NA,NA,NA,NA,NA,NA,NA,NA,NA,NA,NA,NA,NA,8
02/09/2026,01/02/2026,4,4,1.6,1.8,38,17,Maris_Peer,0,Lower,NA,NA,NA,NA,NA,NA,NA,NA,NA,NA,NA,NA,NA,NA,NA,NA,NA,1
02/09/2026,01/02/2026,4,4,1.6,1.8,38,17,Maris_Peer,0,Middle,NA,NA,NA,NA,NA,NA,NA,NA,NA,NA,NA,NA,NA,NA,NA,NA,NA,1
02/09/2026,01/02/2026,4,4,1.6,1.8,38,17,Maris_Peer,0,Upper,NA,NA,NA,NA,NA,NA,NA,NA,NA,NA,NA,NA,NA,NA,NA,NA,NA,1
02/09/2026,01/03/2026,5,5,1.6,2.25,37,18,Jelly,75,Lower,NA,NA,NA,NA,NA,NA,NA,NA,NA,NA,NA,NA,NA,NA,NA,NA,NA,3
02/09/2026,01/03/2026,5,5,1.6,2.25,37,18,Jelly,75,Middle,NA,NA,NA,NA,NA,NA,NA,NA,NA,NA,NA,NA,NA,NA,NA,NA,NA,3
02/09/2026,01/03/2026,5,5,1.6,2.25,37,18,Jelly,75,Upper,NA,NA,NA,NA,NA,NA,NA,NA,NA,NA,NA,NA,NA,NA,NA,NA,NA,3
02/09/2026,01/01/2026,1,1,2.2,0.45,39,19,Accord,75,Lower,NA,NA,NA,NA,NA,NA,NA,NA,NA,NA,NA,NA,NA,NA,NA,NA,NA,2
02/09/2026,01/01/2026,1,1,2.2,0.45,39,19,Accord,75,Middle,NA,NA,NA,NA,NA,NA,NA,NA,NA,NA,NA,NA,NA,NA,NA,NA,NA,2
02/09/2026,01/01/2026,1,1,2.2,0.45,39,19,Accord,75,Upper,NA,NA,NA,NA,NA,NA,NA,NA,NA,NA,NA,NA,NA,NA,NA,NA,NA,2
02/09/2026,01/01/2026,2,2,2.2,0.9,39,20,Accord,75,Lower,NA,NA,NA,NA,NA,NA,NA,NA,NA,NA,NA,NA,NA,NA,NA,NA,NA,4
02/09/2026,01/01/2026,2,2,2.2,0.9,39,20,Accord,75,Middle,NA,NA,NA,NA,NA,NA,NA,NA,NA,NA,NA,NA,NA,NA,NA,NA,NA,4
02/09/2026,01/01/2026,2,2,2.2,0.9,39,20,Accord,75,Upper,NA,NA,NA,NA,NA,NA,NA,NA,NA,NA,NA,NA,NA,NA,NA,NA,NA,4
02/09/2026,01/04/2026,3,3,2.2,1.35,36,21,Jelly,75,Lower,NA,NA,NA,NA,NA,NA,NA,NA,NA,NA,NA,NA,NA,NA,NA,NA,NA,3
02/09/2026,01/04/2026,3,3,2.2,1.35,36,21,Jelly,75,Middle,NA,NA,NA,NA,NA,NA,NA,NA,NA,NA,NA,NA,NA,NA,NA,NA,NA,3
02/09/2026,01/04/2026,3,3,2.2,1.35,36,21,Jelly,75,Upper,NA,NA,NA,NA,NA,NA,NA,NA,NA,NA,NA,NA,NA,NA,NA,NA,NA,3
02/09/2026,12/31/2025,4,4,2.2,1.8,40,22,Maris_Peer,150,Lower,NA,NA,0.32,66.887,0.785,0.62,0.167,0.213,18.66,40.222,0.732,0.597,57.32,20.3,20.95,0.65,NA,1
02/09/2026,12/31/2025,4,4,2.2,1.8,40,22,Maris_Peer,150,Middle,NA,NA,0.43,74.251,0.814,0.603,0.178,0.219,20.15,44.142,0.729,0.564,58.1,20.75,21.67,0.92,NA,1
02/09/2026,12/31/2025,4,4,2.2,1.8,40,22,Maris_Peer,150,Upper,NA,NA,0.4,195.401,0.782,0.567,0.19,0.243,49.86,44.731,0.733,0.478,59.56,21.28,22.05,0.77,NA,1
02/09/2026,01/02/2026,5,5,2.2,2.25,38,23,Maris_Peer,75,Lower,NA,NA,1.14,64.16,0.708,0.63,0.153,0.217,18.19,40.854,0.741,0.596,60.26,22.32,22.53,0.21,NA,1
02/09/2026,01/02/2026,5,5,2.2,2.25,38,23,Maris_Peer,75,Middle,NA,NA,0.37,83.653,0.822,0.595,0.182,0.222,22.4,48.662,0.728,0.549,58.97,23.2,23.15,-0.05,NA,1
02/09/2026,01/02/2026,5,5,2.2,2.25,38,23,Maris_Peer,75,Upper,NA,NA,0.19,191.62,1.224,0.501,0.275,0.224,43.2,45.946,0.687,0.457,57.45,23.92,23.25,-0.67,NA,1
02/09/2026,01/04/2026,1,1,2.8,0.45,36,24,Maris_Peer,75,Lower,NA,NA,0.28,48.444,0.779,0.635,0.16,0.205,13.84,38.174,0.733,0.633,50.44,24.92,25.77,0.85,NA,1
02/09/2026,01/04/2026,1,1,2.8,0.45,36,24,Maris_Peer,75,Middle,NA,NA,0.24,73.934,0.737,0.599,0.17,0.231,19.93,31.692,0.737,0.531,50.24,25.14,25.19,0.05,NA,1
02/09/2026,01/04/2026,1,1,2.8,0.45,36,24,Maris_Peer,75,Upper,NA,NA,0.73,128.337,0.79,0.612,0.171,0.217,35.34,33.733,0.732,0.578,48.96,25.52,25.23,-0.29,NA,1
02/09/2026,01/01/2026,2,2,2.8,0.9,39,25,Jelly,75,Lower,NA,NA,0.51,81.807,0.812,0.607,0.176,0.217,22.35,39.634,0.729,0.573,49.52,25.97,24.85,-1.12,NA,3
02/09/2026,01/01/2026,2,2,2.8,0.9,39,25,Jelly,75,Middle,NA,NA,0.38,104.499,0.997,0.579,0.21,0.211,27.23,39.663,0.71,0.562,47.19,26.5,25.47,-1.03,NA,3
02/09/2026,01/01/2026,2,2,2.8,0.9,39,25,Jelly,75,Upper,NA,NA,0.42,142.821,0.869,0.604,0.184,0.212,38.82,56.369,0.723,0.585,47.31,26.91,24.95,-1.96,NA,3
02/09/2026,01/01/2026,3,3,2.8,1.35,39,26,Jelly,0,Lower,NA,NA,0.6,48.745,0.922,0.625,0.18,0.195,13.71,46.61,0.717,0.658,43.75,26.9,25.53,-1.37,NA,3
02/09/2026,01/01/2026,3,3,2.8,1.35,39,26,Jelly,0,Middle,NA,NA,0.77,133.262,0.841,0.604,0.181,0.215,36.22,51.345,0.726,0.575,42.32,27.15,25.15,2,NA,3
02/09/2026,01/01/2026,3,3,2.8,1.35,39,26,Jelly,0,Upper,NA,NA,0.52,169.869,0.968,0.595,0.199,0.206,45.48,60.504,0.713,0.592,45.07,27.45,24.85,-2.6,NA,3
02/09/2026,01/01/2026,4,4,2.8,1.8,39,27,Jelly,75,Lower,NA,NA,0.7,60.125,0.835,0.614,0.176,0.21,16.61,39.81,0.727,0.598,40.53,27.58,25.39,-2.19,NA,4
02/09/2026,01/01/2026,4,4,2.8,1.8,39,27,Jelly,75,Middle,NA,NA,0.21,132.822,0.79,0.609,0.173,0.219,36.4,53.659,0.732,0.57,42.16,27.9,25.29,-2.61,NA,4
02/09/2026,01/01/2026,4,4,2.8,1.8,39,27,Jelly,75,Upper,NA,NA,0.6,150.377,0.81,0.592,0.182,0.225,40.06,59.052,0.729,0.538,40.39,28.2,25.43,-2.77,NA,4
02/09/2026,01/02/2026,5,5,2.8,2.25,38,28,Jelly,150,Lower,NA,NA,0.5,60.167,0.855,0.606,0.182,0.213,16.41,37.256,0.725,0.584,39.28,28.44,25.05,-3.39,NA,4
02/09/2026,01/02/2026,5,5,2.8,2.25,38,28,Jelly,150,Middle,NA,NA,0.88,70.526,0.881,0.611,0.182,0.207,19.39,52.974,0.722,0.607,39.98,28.73,25.33,-3.4,NA,4
02/09/2026,01/02/2026,5,5,2.8,2.25,38,28,Jelly,150,Upper,NA,NA,0.72,130.148,0.936,0.617,0.185,0.198,36.14,62.209,0.716,0.638,40.19,28.77,25.09,-3.68,NA,4
02/09/2026,12/31/2025,1,1,3.5,0.45,40,29,Accord,0,Lower,NA,NA,0.88,77.334,0.804,0.607,0.175,0.218,21.12,40.001,0.73,0.571,39.08,28.66,24.99,-3.67,NA,4
02/09/2026,12/31/2025,1,1,3.5,0.45,40,29,Accord,0,Middle,NA,NA,0.8,121.676,0.773,0.615,0.168,0.217,33.67,44.587,0.733,0.581,39.96,28.58,25.39,-3.19,NA,4
02/09/2026,12/31/2025,1,1,3.5,0.45,40,29,Accord,0,Upper,NA,NA,0.26,132.001,0.781,0.605,0.173,0.222,35.94,46.411,0.733,0.56,41.92,28.67,25.15,-3.52,NA,4
02/09/2026,12/31/2025,2,2,3.7,0.9,40,30,Accord,150,Lower,NA,NA,0.44,122.764,0.856,0.595,0.187,0.218,32.87,39.37,0.724,0.558,42.77,28.34,26.19,-2.15,NA,4
02/09/2026,12/31/2025,2,2,3.7,0.9,40,30,Accord,150,Middle,NA,NA,0.59,126.913,0.828,0.598,0.182,0.22,34.15,45.752,0.728,0.558,40.1,28.56,26.11,-2.45,NA,4
02/09/2026,12/31/2025,2,2,3.7,0.9,40,30,Accord,150,Upper,NA,NA,0.46,163.371,1.061,0.587,0.212,0.2,43.15,45.988,0.703,0.601,44.41,28.81,26.19,-2.62,NA,4
02/09/2026,12/31/2025,3,3,3.5,1.35,40,31,Accord,0,Lower,NA,NA,0.63,72.146,0.97,0.564,0.215,0.221,18.31,40.321,0.712,0.523,42.25,29.05,26.11,-2.94,NA,4
02/09/2026,12/31/2025,3,3,3.5,1.35,40,31,Accord,0,Middle,NA,NA,0.55,106.846,0.808,0.601,0.179,0.221,28.9,46.127,0.73,0.557,39.09,29.21,26.19,-3.02,NA,4
02/09/2026,12/31/2025,3,3,3.5,1.35,40,31,Accord,0,Upper,NA,NA,0.3,255.208,0.974,0.552,0.221,0.227,63.39,47.71,0.712,0.498,38.4,29.24,25.95,-3.29,NA,4
02/09/2026,12/30/2025,4,4,3.7,1.8,41,32,Accord,75,Lower,NA,NA,0.53,111.626,0.758,0.579,0.182,0.24,29.08,38.911,0.735,0.495,36.76,29.29,26.67,-2.62,NA,4
02/09/2026,12/30/2025,4,4,3.7,1.8,41,32,Accord,75,Middle,NA,NA,0.62,214.377,1.028,0.558,0.224,0.218,53.83,40.737,0.706,0.524,37.41,29.36,26.57,-2.79,NA,4
02/09/2026,12/30/2025,4,4,3.7,1.8,41,32,Accord,75,Upper,NA,NA,0.52,360.074,1.153,0.536,0.248,0.215,86.85,52.758,0.694,0.511,39.67,29.62,27.03,-2.59,NA,4
02/09/2026,01/01/2026,5,5,3.5,2.25,39,33,Maris_Peer,75,Lower,NA,NA,0.67,140.351,1.541,0.428,0.347,0.225,27.03,39.925,0.658,0.389,35.86,30.01,27.39,-2.62,NA,1
02/09/2026,01/01/2026,5,5,3.5,2.25,39,33,Maris_Peer,75,Middle,NA,NA,0.34,77.774,0.905,0.596,0.192,0.212,20.86,46.978,0.719,0.575,34.54,28.79,27.07,-1.72,NA,1
02/09/2026,01/01/2026,5,5,3.5,2.25,39,33,Maris_Peer,75,Upper,NA,NA,0.35,148.036,0.845,0.612,0.178,0.21,40.77,46.331,0.726,0.595,36.08,28.58,26.75,-1.83,NA,1
02/09/2026,01/05/2026,6,6,3.7,2.7,35,34,Maris_Peer,75,Lower,NA,NA,0.46,91.626,1.89,0.452,0.359,0.19,18.64,37.735,0.628,0.488,35.95,28.43,26.67,-1.76,NA,1
02/09/2026,01/05/2026,6,6,3.7,2.7,35,34,Maris_Peer,75,Middle,NA,NA,0.33,106.153,0.793,0.636,0.161,0.203,30.38,43.191,0.731,0.641,36.4,28.35,26.93,-1.42,NA,1
02/09/2026,01/05/2026,6,6,3.7,2.7,35,34,Maris_Peer,75,Upper,NA,NA,0.41,136.454,0.922,0.626,0.179,0.194,38.44,41.3,0.717,0.66,37.7,28.3,27.11,-1.19,NA,1
02/09/2026,01/01/2026,7,7,3.5,3.15,39,35,Jelly,0,Lower,NA,NA,0.38,94.734,0.978,0.613,0.191,0.196,26.13,40.359,0.712,0.643,37.28,28.37,26.85,-1.52,NA,5
02/09/2026,01/01/2026,7,7,3.5,3.15,39,35,Jelly,0,Middle,NA,NA,1.03,57.528,0.913,0.63,0.177,0.194,16.31,44.079,0.718,0.667,37.7,28.37,26.85,-1.52,NA,5
02/09/2026,01/01/2026,7,7,3.5,3.15,39,35,Jelly,0,Upper,NA,NA,0.81,111.501,0.986,0.639,0.179,0.182,32.06,55.339,0.711,0.722,39.66,28.46,26.39,-2.07,NA,5
02/09/2026,12/31/2025,8,8,3.7,3.6,40,36,Accord,75,Lower,NA,NA,1.03,47.475,0.869,0.647,0.164,0.189,13.82,41.109,0.723,0.703,38.86,28.54,26.67,-1.87,NA,4
02/09/2026,12/31/2025,8,8,3.7,3.6,40,36,Accord,75,Middle,NA,NA,0.26,55.639,0.85,0.635,0.168,0.198,15.9,38.871,0.725,0.658,38.2,28.62,26.19,-2.43,NA,4
02/09/2026,12/31/2025,8,8,3.7,3.6,40,36,Accord,75,Upper,NA,NA,0.48,104.08,0.847,0.61,0.184,0.217,28.1,45.657,0.725,0.567,38.13,28.67,26.93,-1.74,NA,4
02/12/2026,12/31/2025,1,1,0.35,0.45,43,1,Jelly,150,Lower,100,NA,0.29,79.27,0.833,0.534,0.212,0.254,19.05,37.591,0.727,0.431,57.65,18.66,19.59,0.93,NA,4
02/12/2026,12/31/2025,1,1,0.35,0.45,43,1,Jelly,150,Middle,100,NA,0.28,110.794,0.741,0.568,0.184,0.248,28.32,50.154,0.737,0.47,59.23,19.46,20.39,0.93,NA,4
02/12/2026,12/31/2025,1,1,0.35,0.45,43,1,Jelly,150,Upper,100,NA,0.13,171.253,0.748,0.577,0.181,0.242,44.47,53.214,0.736,0.489,59.84,20.24,21.25,1.01,NA,4
02/12/2026,12/31/2025,1,2,0.5,0.9,43,2,Maris_Peer,0,Lower,92,NA,0.61,74.248,0.639,0.61,0.152,0.238,20.38,46.572,0.749,0.525,59.36,21.14,22.47,1.33,NA,1
02/12/2026,12/31/2025,1,2,0.5,0.9,43,2,Maris_Peer,0,Middle,92,NA,0.26,128.117,0.681,0.601,0.162,0.237,34.65,39.834,0.744,0.519,58.92,22.18,23.11,0.93,NA,1
02/12/2026,12/31/2025,1,2,0.5,0.9,43,2,Maris_Peer,0,Upper,92,NA,0.44,170.709,0.696,0.603,0.163,0.234,46.32,41.486,0.742,0.527,57.62,22.94,23.73,0.79,NA,1
02/12/2026,12/31/2025,1,3,0.35,1.35,43,3,Maris_Peer,150,Lower,93,NA,0.84,65.577,0.766,0.6,0.174,0.227,17.71,42.203,0.734,0.543,56.88,23.67,23.95,0.28,NA,1
02/12/2026,12/31/2025,1,3,0.35,1.35,43,3,Maris_Peer,150,Middle,93,NA,1.07,103.702,0.835,0.601,0.182,0.217,28.05,44.5,0.727,0.566,54.7,24.44,24.37,-0.07,NA,1
02/12/2026,12/31/2025,1,3,0.35,1.35,43,3,Maris_Peer,150,Upper,93,NA,0.25,142.582,0.757,0.612,0.167,0.221,39.27,38.723,0.735,0.569,52.95,25.06,24.33,-0.73,NA,1
02/12/2026,12/31/2025,1,4,0.5,1.8,43,4,Jelly,150,Lower,79,NA,0.38,45.647,0.931,0.621,0.183,0.196,12.76,40.23,0.716,0.649,48.67,25.81,25.29,-0.52,NA,6
02/12/2026,12/31/2025,1,4,0.5,1.8,43,4,Jelly,150,Middle,79,NA,0.39,118.866,0.912,0.606,0.188,0.206,32.41,48.787,0.719,0.603,47.24,26.2,25.57,-0.63,NA,6
02/12/2026,12/31/2025,1,4,0.5,1.8,43,4,Jelly,150,Upper,79,NA,0.25,216.353,0.849,0.595,0.186,0.219,57.93,50.612,0.725,0.555,45.22,26.65,25.63,-1.02,NA,6
02/12/2026,01/03/2026,1,5,0.35,2.25,40,5,Accord,0,Lower,94,NA,0.54,35.29,0.809,0.61,0.174,0.216,9.69,40.376,0.73,0.579,44.41,27.01,25.29,-1.72,NA,3
02/12/2026,01/03/2026,1,5,0.35,2.25,40,5,Accord,0,Middle,94,NA,1.03,115.67,0.755,0.599,0.173,0.229,31.18,42.421,0.736,0.537,43.58,27.21,26.05,-1.16,NA,3
02/12/2026,01/03/2026,1,5,0.35,2.25,40,5,Accord,0,Upper,94,NA,0.32,212.255,0.779,0.586,0.181,0.233,55.97,41.969,0.733,0.516,44.8,27.46,25.63,-1.83,NA,3
02/12/2026,01/02/2026,1,6,0.5,2.7,41,6,Jelly,150,Lower,89,NA,0.22,35.661,0.827,0.623,0.171,0.206,10,39.76,0.728,0.618,42.99,27.68,25.71,-1.97,NA,4
02/12/2026,01/02/2026,1,6,0.5,2.7,41,6,Jelly,150,Middle,89,NA,0.31,88.618,0.802,0.605,0.176,0.219,24.13,42.367,0.73,0.566,41.7,27.87,25.39,-2.48,NA,4
02/12/2026,01/02/2026,1,6,0.5,2.7,41,6,Jelly,150,Upper,89,NA,0.49,156.949,0.831,0.596,0.183,0.221,42.09,55.147,0.727,0.553,41.88,28.05,25.39,-2.66,NA,4
02/12/2026,01/01/2026,1,7,0.35,3.15,42,7,Accord,150,Lower,98,NA,0.53,61.577,0.903,0.64,0.171,0.189,17.73,46.443,0.719,0.695,39.67,28.15,25.47,-2.68,NA,5
02/12/2026,01/01/2026,1,7,0.35,3.15,42,7,Accord,150,Middle,98,NA,0.5,96.73,0.879,0.575,0.199,0.226,25.03,47.961,0.722,0.52,40.13,28.38,25.63,-2.75,NA,5
02/12/2026,01/01/2026,1,7,0.35,3.15,42,7,Accord,150,Upper,98,NA,0.66,135.52,0.776,0.616,0.168,0.216,37.57,49.347,0.733,0.584,39.19,28.61,27.07,-1.54,NA,5
02/12/2026,01/03/2026,1,8,0.5,3.6,40,8,Jelly,0,Lower,103,NA,0.27,51.211,0.853,0.628,0.171,0.201,14.47,44.217,0.725,0.641,37.94,28.67,25.33,-3.34,NA,4
02/12/2026,01/03/2026,1,8,0.5,3.6,40,8,Jelly,0,Middle,103,NA,1.15,84.064,0.885,0.622,0.178,0.201,23.53,53.065,0.721,0.635,35.98,28.6,25.53,-3.07,NA,4
02/12/2026,01/03/2026,1,8,0.5,3.6,40,8,Jelly,0,Upper,103,NA,0.76,106.474,0.813,0.624,0.169,0.207,29.9,61.299,0.729,0.617,37.03,28.54,25.47,-3.07,NA,4
02/12/2026,01/02/2026,2,1,1,0.45,41,9,Accord,150,Lower,NA,NA,0.71,9.176,1.126,0.592,0.216,0.192,2.44,34.941,0.697,0.631,46.3,23.54,23.59,0.05,NA,2
02/12/2026,01/02/2026,2,1,1,0.45,41,9,Accord,150,Middle,NA,NA,0.91,44.113,0.74,0.633,0.156,0.211,12.57,40.525,0.737,0.615,48.13,23.59,24.03,0.44,NA,2
02/12/2026,01/02/2026,2,1,1,0.45,41,9,Accord,150,Upper,NA,NA,0.69,101.108,0.837,0.602,0.181,0.217,27.39,46.416,0.727,0.569,48.3,23.7,23.25,-0.45,NA,2
02/12/2026,01/02/2026,2,2,1,0.9,41,10,Maris_Peer,0,Lower,97,NA,0.3,67.17,0.819,0.609,0.176,0.215,18.41,45.287,0.729,0.581,50.38,25.75,25.09,-0.66,NA,1
02/12/2026,01/02/2026,2,2,1,0.9,41,10,Maris_Peer,0,Middle,97,NA,0.96,102.986,0.768,0.616,0.167,0.217,28.55,42.032,0.734,0.582,48.01,26.25,25.23,-1.02,NA,1
02/12/2026,01/02/2026,2,2,1,0.9,41,10,Maris_Peer,0,Upper,97,NA,0.47,155.597,0.837,0.608,0.179,0.213,42.57,47.399,0.726,0.584,47.43,26.54,24.91,-1.63,NA,1
02/12/2026,01/01/2026,2,3,1,1.35,42,11,Accord,0,Lower,91,NA,0.18,64.535,0.738,0.619,0.162,0.219,17.98,35.85,0.737,0.578,46.47,25.09,22.87,-2.22,NA,4
02/12/2026,01/01/2026,2,3,1,1.35,42,11,Accord,0,Middle,91,NA,0.58,120.693,0.762,0.601,0.173,0.227,32.64,38.785,0.735,0.543,47.22,25.31,23.59,-1.72,NA,4
02/12/2026,01/01/2026,2,3,1,1.35,42,11,Accord,0,Upper,91,NA,0.51,158.47,0.744,0.603,0.169,0.228,43,40.109,0.737,0.542,47.84,25.75,23.63,-2.12,NA,4
02/12/2026,01/01/2026,2,4,1,1.8,42,12,Maris_Peer,0,Lower,92,NA,0.45,15.074,0.904,0.647,0.168,0.186,4.39,36.847,0.719,0.714,46.93,26.39,25.43,-0.96,NA,3
02/12/2026,01/01/2026,2,4,1,1.8,42,12,Maris_Peer,0,Middle,92,NA,0.63,77.23,0.916,0.584,0.199,0.217,20.3,36.803,0.718,0.552,47.81,26.71,24.95,-1.76,NA,3
02/12/2026,01/01/2026,2,4,1,1.8,42,12,Maris_Peer,0,Upper,92,NA,0.34,119.457,0.971,0.602,0.196,0.202,32.36,31.304,0.712,0.612,46.05,27.12,24.75,-2.37,NA,3
02/12/2026,01/04/2026,2,5,1,2.25,39,13,Maris_Peer,150,Lower,93,NA,0.47,46.17,0.844,0.629,0.17,0.201,13.07,37.66,0.726,0.639,45.74,27.24,24.95,-2.29,NA,1
02/12/2026,01/04/2026,2,5,1,2.25,39,13,Maris_Peer,150,Middle,93,NA,0.48,32.855,0.933,0.644,0.172,0.184,9.52,38.884,0.716,0.717,43.99,27.49,25.15,-2.34,NA,1
02/12/2026,01/04/2026,2,5,1,2.25,39,13,Maris_Peer,150,Upper,93,NA,0.19,101.993,0.839,0.598,0.184,0.219,27.45,33.844,0.726,0.559,44.01,27.62,25.09,-2.53,NA,1
02/12/2026,01/02/2026,3,1,1.6,0.45,41,14,Maris_Peer,150,Lower,104,NA,0.42,84.35,0.814,0.596,0.181,0.223,22.62,39.645,0.729,0.549,47.65,23.82,23.73,-0.09,NA,1
02/12/2026,01/02/2026,3,1,1.6,0.45,41,14,Maris_Peer,150,Middle,104,NA,0.32,59.229,0.937,0.593,0.197,0.21,15.81,39.909,0.716,0.578,48.83,23.95,23.99,0.04,NA,1
02/12/2026,01/02/2026,3,1,1.6,0.45,41,14,Maris_Peer,150,Upper,104,NA,0.44,121.264,0.76,0.63,0.16,0.21,34.38,37.016,0.735,0.615,48.91,24.08,24.03,-0.05,NA,1
02/12/2026,12/31/2025,3,2,1.6,0.9,43,15,Accord,150,Lower,100,NA,0.37,38.339,0.896,0.602,0.188,0.21,10.39,36.776,0.72,0.587,49.49,24.32,25.39,1.07,NA,5
02/12/2026,12/31/2025,3,2,1.6,0.9,43,15,Accord,150,Middle,100,NA,0.82,103.958,0.758,0.612,0.167,0.221,28.63,44.858,0.735,0.567,49.53,24.52,24.51,-0.01,NA,5
02/12/2026,12/31/2025,3,2,1.6,0.9,43,15,Accord,150,Upper,100,NA,0.24,153.6,0.743,0.605,0.168,0.227,41.82,47.314,0.737,0.547,52.49,25.02,24.51,-0.51,NA,5
02/12/2026,12/31/2025,3,3,1.6,1.35,43,16,Jelly,0,Lower,87,NA,0.46,36.323,1.053,0.577,0.217,0.206,9.43,34.891,0.704,0.573,45.29,24.04,21.51,-2.53,NA,8
02/12/2026,12/31/2025,3,3,1.6,1.35,43,16,Jelly,0,Middle,87,NA,0.22,88.285,1.178,0.546,0.246,0.209,21.69,41.109,0.691,0.536,46.7,24.46,21.85,-2.61,NA,8
02/12/2026,12/31/2025,3,3,1.6,1.35,43,16,Jelly,0,Upper,87,NA,0.38,159.336,0.79,0.586,0.183,0.231,42.02,56.571,0.732,0.519,47,24.84,22.33,-2.51,NA,8
02/12/2026,01/02/2026,3,4,1.6,1.8,41,17,Maris_Peer,0,Lower,90,NA,0.28,36.291,0.989,0.619,0.189,0.191,10.11,35.809,0.71,0.663,47.52,26.21,24.09,-2.12,NA,1
02/12/2026,01/02/2026,3,4,1.6,1.8,41,17,Maris_Peer,0,Middle,90,NA,0.26,33.715,0.798,0.637,0.161,0.202,9.66,32.74,0.731,0.646,46.97,26.35,24.33,-2.02,NA,1
02/12/2026,01/02/2026,3,4,1.6,1.8,41,17,Maris_Peer,0,Upper,90,NA,0.54,105.659,0.831,0.621,0.172,0.207,29.53,39.528,0.727,0.615,47.1,26.41,24.47,-1.94,NA,1
02/12/2026,01/03/2026,3,5,1.6,2.25,40,18,Jelly,75,Lower,108,NA,0.48,12.274,1.06,0.645,0.183,0.172,3.56,45.874,0.703,0.766,43.89,27.73,25.47,-2.26,NA,3
02/12/2026,01/03/2026,3,5,1.6,2.25,40,18,Jelly,75,Middle,108,NA,0.32,35.234,1.012,0.629,0.186,0.184,9.97,57.922,0.708,0.7,43.48,27.81,26.01,-1.8,NA,3
02/12/2026,01/03/2026,3,5,1.6,2.25,40,18,Jelly,75,Upper,108,NA,0.65,102.021,0.852,0.623,0.173,0.203,28.6,60.617,0.725,0.628,43.17,27.89,25.15,-2.74,NA,3
02/12/2026,01/01/2026,4,1,2.2,0.45,42,19,Accord,75,Lower,109,NA,NA,NA,NA,NA,NA,NA,NA,NA,NA,NA,NA,NA,NA,NA,NA,2
02/12/2026,01/01/2026,4,1,2.2,0.45,42,19,Accord,75,Middle,109,NA,NA,NA,NA,NA,NA,NA,NA,NA,NA,NA,NA,NA,NA,NA,NA,2
02/12/2026,01/01/2026,4,1,2.2,0.45,42,19,Accord,75,Upper,109,NA,NA,NA,NA,NA,NA,NA,NA,NA,NA,NA,NA,NA,NA,NA,NA,2
02/12/2026,01/01/2026,4,2,2.2,0.9,42,20,Accord,75,Lower,NA,NA,NA,NA,NA,NA,NA,NA,NA,NA,NA,NA,NA,NA,NA,NA,NA,4
02/12/2026,01/01/2026,4,2,2.2,0.9,42,20,Accord,75,Middle,NA,NA,NA,NA,NA,NA,NA,NA,NA,NA,NA,NA,NA,NA,NA,NA,NA,4
02/12/2026,01/01/2026,4,2,2.2,0.9,42,20,Accord,75,Upper,NA,NA,NA,NA,NA,NA,NA,NA,NA,NA,NA,NA,NA,NA,NA,NA,NA,4
02/12/2026,01/04/2026,4,3,2.2,1.35,39,21,Jelly,75,Lower,85,NA,NA,NA,NA,NA,NA,NA,NA,NA,NA,NA,NA,NA,NA,NA,NA,3
02/12/2026,01/04/2026,4,3,2.2,1.35,39,21,Jelly,75,Middle,85,NA,NA,NA,NA,NA,NA,NA,NA,NA,NA,NA,NA,NA,NA,NA,NA,3
02/12/2026,01/04/2026,4,3,2.2,1.35,39,21,Jelly,75,Upper,85,NA,NA,NA,NA,NA,NA,NA,NA,NA,NA,NA,NA,NA,NA,NA,NA,3
02/12/2026,12/31/2025,4,4,2.2,1.8,43,22,Maris_Peer,150,Lower,NA,NA,NA,NA,NA,NA,NA,NA,NA,NA,NA,NA,NA,NA,NA,NA,NA,1
02/12/2026,12/31/2025,4,4,2.2,1.8,43,22,Maris_Peer,150,Middle,NA,NA,NA,NA,NA,NA,NA,NA,NA,NA,NA,NA,NA,NA,NA,NA,NA,1
02/12/2026,12/31/2025,4,4,2.2,1.8,43,22,Maris_Peer,150,Upper,NA,NA,NA,NA,NA,NA,NA,NA,NA,NA,NA,NA,NA,NA,NA,NA,NA,1
02/12/2026,01/02/2026,4,5,2.2,2.25,41,23,Maris_Peer,75,Lower,104,NA,NA,NA,NA,NA,NA,NA,NA,NA,NA,NA,NA,NA,NA,NA,NA,1
02/12/2026,01/02/2026,4,5,2.2,2.25,41,23,Maris_Peer,75,Middle,104,NA,NA,NA,NA,NA,NA,NA,NA,NA,NA,NA,NA,NA,NA,NA,NA,1
02/12/2026,01/02/2026,4,5,2.2,2.25,41,23,Maris_Peer,75,Upper,104,NA,NA,NA,NA,NA,NA,NA,NA,NA,NA,NA,NA,NA,NA,NA,NA,1
02/12/2026,01/04/2026,5,1,2.8,0.45,39,24,Maris_Peer,75,Lower,90,NA,NA,NA,NA,NA,NA,NA,NA,NA,NA,NA,NA,NA,NA,NA,NA,1
02/12/2026,01/04/2026,5,1,2.8,0.45,39,24,Maris_Peer,75,Middle,90,NA,NA,NA,NA,NA,NA,NA,NA,NA,NA,NA,NA,NA,NA,NA,NA,1
02/12/2026,01/04/2026,5,1,2.8,0.45,39,24,Maris_Peer,75,Upper,90,NA,NA,NA,NA,NA,NA,NA,NA,NA,NA,NA,NA,NA,NA,NA,NA,1
02/12/2026,01/01/2026,5,2,2.8,0.9,42,25,Jelly,75,Lower,88,NA,NA,NA,NA,NA,NA,NA,NA,NA,NA,NA,NA,NA,NA,NA,NA,3
02/12/2026,01/01/2026,5,2,2.8,0.9,42,25,Jelly,75,Middle,88,NA,NA,NA,NA,NA,NA,NA,NA,NA,NA,NA,NA,NA,NA,NA,NA,3
02/12/2026,01/01/2026,5,2,2.8,0.9,42,25,Jelly,75,Upper,88,NA,NA,NA,NA,NA,NA,NA,NA,NA,NA,NA,NA,NA,NA,NA,NA,3
02/12/2026,01/01/2026,5,3,2.8,1.35,42,26,Jelly,0,Lower,93,NA,NA,NA,NA,NA,NA,NA,NA,NA,NA,NA,NA,NA,NA,NA,NA,3
02/12/2026,01/01/2026,5,3,2.8,1.35,42,26,Jelly,0,Middle,93,NA,NA,NA,NA,NA,NA,NA,NA,NA,NA,NA,NA,NA,NA,NA,NA,3
02/12/2026,01/01/2026,5,3,2.8,1.35,42,26,Jelly,0,Upper,93,NA,NA,NA,NA,NA,NA,NA,NA,NA,NA,NA,NA,NA,NA,NA,NA,3
02/12/2026,01/01/2026,5,4,2.8,1.8,42,27,Jelly,75,Lower,83,NA,NA,NA,NA,NA,NA,NA,NA,NA,NA,NA,NA,NA,NA,NA,NA,4
02/12/2026,01/01/2026,5,4,2.8,1.8,42,27,Jelly,75,Middle,83,NA,NA,NA,NA,NA,NA,NA,NA,NA,NA,NA,NA,NA,NA,NA,NA,4
02/12/2026,01/01/2026,5,4,2.8,1.8,42,27,Jelly,75,Upper,83,NA,NA,NA,NA,NA,NA,NA,NA,NA,NA,NA,NA,NA,NA,NA,NA,4
02/12/2026,01/02/2026,5,5,2.8,2.25,41,28,Jelly,150,Lower,99,NA,NA,NA,NA,NA,NA,NA,NA,NA,NA,NA,NA,NA,NA,NA,NA,4
02/12/2026,01/02/2026,5,5,2.8,2.25,41,28,Jelly,150,Middle,99,NA,NA,NA,NA,NA,NA,NA,NA,NA,NA,NA,NA,NA,NA,NA,NA,4
02/12/2026,01/02/2026,5,5,2.8,2.25,41,28,Jelly,150,Upper,99,NA,NA,NA,NA,NA,NA,NA,NA,NA,NA,NA,NA,NA,NA,NA,NA,4
02/12/2026,12/31/2025,6,1,3.5,0.45,43,29,Accord,0,Lower,NA,NA,NA,NA,NA,NA,NA,NA,NA,NA,NA,NA,NA,NA,NA,NA,NA,4
02/12/2026,12/31/2025,6,1,3.5,0.45,43,29,Accord,0,Middle,NA,NA,NA,NA,NA,NA,NA,NA,NA,NA,NA,NA,NA,NA,NA,NA,NA,4
02/12/2026,12/31/2025,6,1,3.5,0.45,43,29,Accord,0,Upper,NA,NA,NA,NA,NA,NA,NA,NA,NA,NA,NA,NA,NA,NA,NA,NA,NA,4
02/12/2026,12/31/2025,6,2,3.7,0.9,43,30,Accord,150,Lower,92,NA,NA,NA,NA,NA,NA,NA,NA,NA,NA,NA,NA,NA,NA,NA,NA,4
02/12/2026,12/31/2025,6,2,3.7,0.9,43,30,Accord,150,Middle,92,NA,NA,NA,NA,NA,NA,NA,NA,NA,NA,NA,NA,NA,NA,NA,NA,4
02/12/2026,12/31/2025,6,2,3.7,0.9,43,30,Accord,150,Upper,92,NA,NA,NA,NA,NA,NA,NA,NA,NA,NA,NA,NA,NA,NA,NA,NA,4
02/12/2026,12/31/2025,6,3,3.5,1.35,43,31,Accord,0,Lower,91,NA,NA,NA,NA,NA,NA,NA,NA,NA,NA,NA,NA,NA,NA,NA,NA,4
02/12/2026,12/31/2025,6,3,3.5,1.35,43,31,Accord,0,Middle,91,NA,NA,NA,NA,NA,NA,NA,NA,NA,NA,NA,NA,NA,NA,NA,NA,4
02/12/2026,12/31/2025,6,3,3.5,1.35,43,31,Accord,0,Upper,91,NA,NA,NA,NA,NA,NA,NA,NA,NA,NA,NA,NA,NA,NA,NA,NA,4
02/12/2026,12/30/2025,6,4,3.7,1.8,44,32,Accord,75,Lower,92,NA,NA,NA,NA,NA,NA,NA,NA,NA,NA,NA,NA,NA,NA,NA,NA,4
02/12/2026,12/30/2025,6,4,3.7,1.8,44,32,Accord,75,Middle,92,NA,NA,NA,NA,NA,NA,NA,NA,NA,NA,NA,NA,NA,NA,NA,NA,4
02/12/2026,12/30/2025,6,4,3.7,1.8,44,32,Accord,75,Upper,92,NA,NA,NA,NA,NA,NA,NA,NA,NA,NA,NA,NA,NA,NA,NA,NA,4
02/12/2026,01/01/2026,6,5,3.5,2.25,42,33,Maris_Peer,75,Lower,91,NA,NA,NA,NA,NA,NA,NA,NA,NA,NA,NA,NA,NA,NA,NA,NA,1
02/12/2026,01/01/2026,6,5,3.5,2.25,42,33,Maris_Peer,75,Middle,91,NA,NA,NA,NA,NA,NA,NA,NA,NA,NA,NA,NA,NA,NA,NA,NA,1
02/12/2026,01/01/2026,6,5,3.5,2.25,42,33,Maris_Peer,75,Upper,91,NA,NA,NA,NA,NA,NA,NA,NA,NA,NA,NA,NA,NA,NA,NA,NA,1
02/12/2026,01/05/2026,6,6,3.7,2.7,38,34,Maris_Peer,75,Lower,61,NA,NA,NA,NA,NA,NA,NA,NA,NA,NA,NA,NA,NA,NA,NA,NA,1
02/12/2026,01/05/2026,6,6,3.7,2.7,38,34,Maris_Peer,75,Middle,61,NA,NA,NA,NA,NA,NA,NA,NA,NA,NA,NA,NA,NA,NA,NA,NA,1
02/12/2026,01/05/2026,6,6,3.7,2.7,38,34,Maris_Peer,75,Upper,61,NA,NA,NA,NA,NA,NA,NA,NA,NA,NA,NA,NA,NA,NA,NA,NA,1
02/12/2026,01/01/2026,6,7,3.5,3.15,42,35,Jelly,0,Lower,73,NA,NA,NA,NA,NA,NA,NA,NA,NA,NA,NA,NA,NA,NA,NA,NA,5
02/12/2026,01/01/2026,6,7,3.5,3.15,42,35,Jelly,0,Middle,73,NA,NA,NA,NA,NA,NA,NA,NA,NA,NA,NA,NA,NA,NA,NA,NA,5
02/12/2026,01/01/2026,6,7,3.5,3.15,42,35,Jelly,0,Upper,73,NA,NA,NA,NA,NA,NA,NA,NA,NA,NA,NA,NA,NA,NA,NA,NA,5
02/12/2026,12/31/2025,6,8,3.7,3.6,43,36,Accord,75,Lower,105,NA,NA,NA,NA,NA,NA,NA,NA,NA,NA,NA,NA,NA,NA,NA,NA,4
02/12/2026,12/31/2025,6,8,3.7,3.6,43,36,Accord,75,Middle,105,NA,NA,NA,NA,NA,NA,NA,NA,NA,NA,NA,NA,NA,NA,NA,NA,4
02/12/2026,12/31/2025,6,8,3.7,3.6,43,36,Accord,75,Upper,105,NA,NA,NA,NA,NA,NA,NA,NA,NA,NA,NA,NA,NA,NA,NA,NA,4
2/13/2026,12/31/2025,1,1,0.35,0.45,44,1,Jelly,150,Lower,NA,NA,NA,NA,NA,NA,NA,NA,NA,NA,NA,NA,NA,NA,NA,NA,NA,4
2/13/2026,12/31/2025,1,1,0.35,0.45,44,1,Jelly,150,Middle,NA,NA,NA,NA,NA,NA,NA,NA,NA,NA,NA,NA,NA,NA,NA,NA,NA,4
2/13/2026,12/31/2025,1,1,0.35,0.45,44,1,Jelly,150,Upper,NA,NA,NA,NA,NA,NA,NA,NA,NA,NA,NA,NA,NA,NA,NA,NA,NA,4
2/13/2026,12/31/2025,2,2,0.5,0.9,44,2,Maris_Peer,0,Lower,NA,NA,NA,NA,NA,NA,NA,NA,NA,NA,NA,NA,NA,NA,NA,NA,NA,1
2/13/2026,12/31/2025,2,2,0.5,0.9,44,2,Maris_Peer,0,Middle,NA,NA,NA,NA,NA,NA,NA,NA,NA,NA,NA,NA,NA,NA,NA,NA,NA,1
2/13/2026,12/31/2025,2,2,0.5,0.9,44,2,Maris_Peer,0,Upper,NA,NA,NA,NA,NA,NA,NA,NA,NA,NA,NA,NA,NA,NA,NA,NA,NA,1
2/13/2026,12/31/2025,3,3,0.35,1.35,44,3,Maris_Peer,150,Lower,NA,NA,NA,NA,NA,NA,NA,NA,NA,NA,NA,NA,NA,NA,NA,NA,NA,1
2/13/2026,12/31/2025,3,3,0.35,1.35,44,3,Maris_Peer,150,Middle,NA,NA,NA,NA,NA,NA,NA,NA,NA,NA,NA,NA,NA,NA,NA,NA,NA,1
2/13/2026,12/31/2025,3,3,0.35,1.35,44,3,Maris_Peer,150,Upper,NA,NA,NA,NA,NA,NA,NA,NA,NA,NA,NA,NA,NA,NA,NA,NA,NA,1
2/13/2026,12/31/2025,4,4,0.5,1.8,44,4,Jelly,150,Lower,NA,NA,NA,NA,NA,NA,NA,NA,NA,NA,NA,NA,NA,NA,NA,NA,NA,6
2/13/2026,12/31/2025,4,4,0.5,1.8,44,4,Jelly,150,Middle,NA,NA,NA,NA,NA,NA,NA,NA,NA,NA,NA,NA,NA,NA,NA,NA,NA,6
2/13/2026,12/31/2025,4,4,0.5,1.8,44,4,Jelly,150,Upper,NA,NA,NA,NA,NA,NA,NA,NA,NA,NA,NA,NA,NA,NA,NA,NA,NA,6
2/13/2026,01/03/2026,5,5,0.35,2.25,41,5,Accord,0,Lower,NA,NA,NA,NA,NA,NA,NA,NA,NA,NA,NA,NA,NA,NA,NA,NA,NA,3
2/13/2026,01/03/2026,5,5,0.35,2.25,41,5,Accord,0,Middle,NA,NA,NA,NA,NA,NA,NA,NA,NA,NA,NA,NA,NA,NA,NA,NA,NA,3
2/13/2026,01/03/2026,5,5,0.35,2.25,41,5,Accord,0,Upper,NA,NA,NA,NA,NA,NA,NA,NA,NA,NA,NA,NA,NA,NA,NA,NA,NA,3
2/13/2026,01/02/2026,6,6,0.5,2.7,42,6,Jelly,150,Lower,NA,NA,NA,NA,NA,NA,NA,NA,NA,NA,NA,NA,NA,NA,NA,NA,NA,4
2/13/2026,01/02/2026,6,6,0.5,2.7,42,6,Jelly,150,Middle,NA,NA,NA,NA,NA,NA,NA,NA,NA,NA,NA,NA,NA,NA,NA,NA,NA,4
2/13/2026,01/02/2026,6,6,0.5,2.7,42,6,Jelly,150,Upper,NA,NA,NA,NA,NA,NA,NA,NA,NA,NA,NA,NA,NA,NA,NA,NA,NA,4
2/13/2026,01/01/2026,7,7,0.35,3.15,43,7,Accord,150,Lower,NA,NA,NA,NA,NA,NA,NA,NA,NA,NA,NA,NA,NA,NA,NA,NA,NA,5
2/13/2026,01/01/2026,7,7,0.35,3.15,43,7,Accord,150,Middle,NA,NA,NA,NA,NA,NA,NA,NA,NA,NA,NA,NA,NA,NA,NA,NA,NA,5
2/13/2026,01/01/2026,7,7,0.35,3.15,43,7,Accord,150,Upper,NA,NA,NA,NA,NA,NA,NA,NA,NA,NA,NA,NA,NA,NA,NA,NA,NA,5
2/13/2026,01/03/2026,8,8,0.5,3.6,41,8,Jelly,0,Lower,NA,NA,NA,NA,NA,NA,NA,NA,NA,NA,NA,NA,NA,NA,NA,NA,NA,4
2/13/2026,01/03/2026,8,8,0.5,3.6,41,8,Jelly,0,Middle,NA,NA,NA,NA,NA,NA,NA,NA,NA,NA,NA,NA,NA,NA,NA,NA,NA,4
2/13/2026,01/03/2026,8,8,0.5,3.6,41,8,Jelly,0,Upper,NA,NA,NA,NA,NA,NA,NA,NA,NA,NA,NA,NA,NA,NA,NA,NA,NA,4
2/13/2026,01/02/2026,1,1,1,0.45,42,9,Accord,150,Lower,NA,NA,NA,NA,NA,NA,NA,NA,NA,NA,NA,NA,NA,NA,NA,NA,NA,2
2/13/2026,01/02/2026,1,1,1,0.45,42,9,Accord,150,Middle,NA,NA,NA,NA,NA,NA,NA,NA,NA,NA,NA,NA,NA,NA,NA,NA,NA,2
2/13/2026,01/02/2026,1,1,1,0.45,42,9,Accord,150,Upper,NA,NA,NA,NA,NA,NA,NA,NA,NA,NA,NA,NA,NA,NA,NA,NA,NA,2
2/13/2026,01/02/2026,2,2,1,0.9,42,10,Maris_Peer,0,Lower,NA,NA,NA,NA,NA,NA,NA,NA,NA,NA,NA,NA,NA,NA,NA,NA,NA,1
2/13/2026,01/02/2026,2,2,1,0.9,42,10,Maris_Peer,0,Middle,NA,NA,NA,NA,NA,NA,NA,NA,NA,NA,NA,NA,NA,NA,NA,NA,NA,1
2/13/2026,01/02/2026,2,2,1,0.9,42,10,Maris_Peer,0,Upper,NA,NA,NA,NA,NA,NA,NA,NA,NA,NA,NA,NA,NA,NA,NA,NA,NA,1
2/13/2026,01/01/2026,3,3,1,1.35,43,11,Accord,0,Lower,NA,NA,NA,NA,NA,NA,NA,NA,NA,NA,NA,NA,NA,NA,NA,NA,NA,4
2/13/2026,01/01/2026,3,3,1,1.35,43,11,Accord,0,Middle,NA,NA,NA,NA,NA,NA,NA,NA,NA,NA,NA,NA,NA,NA,NA,NA,NA,4
2/13/2026,01/01/2026,3,3,1,1.35,43,11,Accord,0,Upper,NA,NA,NA,NA,NA,NA,NA,NA,NA,NA,NA,NA,NA,NA,NA,NA,NA,4
2/13/2026,01/01/2026,4,4,1,1.8,43,12,Maris_Peer,0,Lower,NA,NA,NA,NA,NA,NA,NA,NA,NA,NA,NA,NA,NA,NA,NA,NA,NA,3
2/13/2026,01/01/2026,4,4,1,1.8,43,12,Maris_Peer,0,Middle,NA,NA,NA,NA,NA,NA,NA,NA,NA,NA,NA,NA,NA,NA,NA,NA,NA,3
2/13/2026,01/01/2026,4,4,1,1.8,43,12,Maris_Peer,0,Upper,NA,NA,NA,NA,NA,NA,NA,NA,NA,NA,NA,NA,NA,NA,NA,NA,NA,3
2/13/2026,01/04/2026,5,5,1,2.25,40,13,Maris_Peer,150,Lower,NA,NA,NA,NA,NA,NA,NA,NA,NA,NA,NA,NA,NA,NA,NA,NA,NA,1
2/13/2026,01/04/2026,5,5,1,2.25,40,13,Maris_Peer,150,Middle,NA,NA,NA,NA,NA,NA,NA,NA,NA,NA,NA,NA,NA,NA,NA,NA,NA,1
2/13/2026,01/04/2026,5,5,1,2.25,40,13,Maris_Peer,150,Upper,NA,NA,NA,NA,NA,NA,NA,NA,NA,NA,NA,NA,NA,NA,NA,NA,NA,1
2/13/2026,01/02/2026,1,1,1.6,0.45,42,14,Maris_Peer,150,Lower,NA,NA,NA,NA,NA,NA,NA,NA,NA,NA,NA,NA,NA,NA,NA,NA,NA,1
2/13/2026,01/02/2026,1,1,1.6,0.45,42,14,Maris_Peer,150,Middle,NA,NA,NA,NA,NA,NA,NA,NA,NA,NA,NA,NA,NA,NA,NA,NA,NA,1
2/13/2026,01/02/2026,1,1,1.6,0.45,42,14,Maris_Peer,150,Upper,NA,NA,NA,NA,NA,NA,NA,NA,NA,NA,NA,NA,NA,NA,NA,NA,NA,1
2/13/2026,12/31/2025,2,2,1.6,0.9,44,15,Accord,150,Lower,NA,NA,NA,NA,NA,NA,NA,NA,NA,NA,NA,NA,NA,NA,NA,NA,NA,5
2/13/2026,12/31/2025,2,2,1.6,0.9,44,15,Accord,150,Middle,NA,NA,NA,NA,NA,NA,NA,NA,NA,NA,NA,NA,NA,NA,NA,NA,NA,5
2/13/2026,12/31/2025,2,2,1.6,0.9,44,15,Accord,150,Upper,NA,NA,NA,NA,NA,NA,NA,NA,NA,NA,NA,NA,NA,NA,NA,NA,NA,5
2/13/2026,12/31/2025,3,3,1.6,1.35,44,16,Jelly,0,Lower,NA,NA,NA,NA,NA,NA,NA,NA,NA,NA,NA,NA,NA,NA,NA,NA,NA,8
2/13/2026,12/31/2025,3,3,1.6,1.35,44,16,Jelly,0,Middle,NA,NA,NA,NA,NA,NA,NA,NA,NA,NA,NA,NA,NA,NA,NA,NA,NA,8
2/13/2026,12/31/2025,3,3,1.6,1.35,44,16,Jelly,0,Upper,NA,NA,NA,NA,NA,NA,NA,NA,NA,NA,NA,NA,NA,NA,NA,NA,NA,8
2/13/2026,01/02/2026,4,4,1.6,1.8,42,17,Maris_Peer,0,Lower,NA,NA,NA,NA,NA,NA,NA,NA,NA,NA,NA,NA,NA,NA,NA,NA,NA,1
2/13/2026,01/02/2026,4,4,1.6,1.8,42,17,Maris_Peer,0,Middle,NA,NA,NA,NA,NA,NA,NA,NA,NA,NA,NA,NA,NA,NA,NA,NA,NA,1
2/13/2026,01/02/2026,4,4,1.6,1.8,42,17,Maris_Peer,0,Upper,NA,NA,NA,NA,NA,NA,NA,NA,NA,NA,NA,NA,NA,NA,NA,NA,NA,1
2/13/2026,01/03/2026,5,5,1.6,2.25,41,18,Jelly,75,Lower,NA,NA,NA,NA,NA,NA,NA,NA,NA,NA,NA,NA,NA,NA,NA,NA,NA,3
2/13/2026,01/03/2026,5,5,1.6,2.25,41,18,Jelly,75,Middle,NA,NA,NA,NA,NA,NA,NA,NA,NA,NA,NA,NA,NA,NA,NA,NA,NA,3
2/13/2026,01/03/2026,5,5,1.6,2.25,41,18,Jelly,75,Upper,NA,NA,NA,NA,NA,NA,NA,NA,NA,NA,NA,NA,NA,NA,NA,NA,NA,3
2/13/2026,01/01/2026,1,1,2.2,0.45,43,19,Accord,75,Lower,NA,NA,0.75,10.257,0.995,0.669,0.165,0.166,3.09,41.179,0.71,0.827,46.51,26.45,25.63,-0.82,NA,2
2/13/2026,01/01/2026,1,1,2.2,0.45,43,19,Accord,75,Middle,NA,NA,0.2,67.121,0.932,0.608,0.189,0.203,18.36,42.492,0.716,0.613,47.25,26.65,25.57,-1.08,NA,2
2/13/2026,01/01/2026,1,1,2.2,0.45,43,19,Accord,75,Upper,NA,NA,0.26,104.449,1.234,0.591,0.226,0.183,27.78,43.125,0.686,0.661,45.87,26.9,25.29,-1.61,NA,2
2/13/2026,01/01/2026,2,2,2.2,0.9,43,20,Accord,75,Lower,NA,NA,NA,NA,NA,NA,NA,NA,NA,NA,NA,NA,NA,NA,NA,NA,NA,4
2/13/2026,01/01/2026,2,2,2.2,0.9,43,20,Accord,75,Middle,NA,NA,NA,NA,NA,NA,NA,NA,NA,NA,NA,NA,NA,NA,NA,NA,NA,4
2/13/2026,01/01/2026,2,2,2.2,0.9,43,20,Accord,75,Upper,NA,NA,NA,NA,NA,NA,NA,NA,NA,NA,NA,NA,NA,NA,NA,NA,NA,4
2/13/2026,01/04/2026,3,3,2.2,1.35,40,21,Jelly,75,Lower,NA,NA,NA,NA,NA,NA,NA,NA,NA,NA,NA,NA,NA,NA,NA,NA,NA,3
2/13/2026,01/04/2026,3,3,2.2,1.35,40,21,Jelly,75,Middle,NA,NA,NA,NA,NA,NA,NA,NA,NA,NA,NA,NA,NA,NA,NA,NA,NA,3
2/13/2026,01/04/2026,3,3,2.2,1.35,40,21,Jelly,75,Upper,NA,NA,NA,NA,NA,NA,NA,NA,NA,NA,NA,NA,NA,NA,NA,NA,NA,3
2/13/2026,12/31/2025,4,4,2.2,1.8,44,22,Maris_Peer,150,Lower,NA,NA,0.22,15.027,1.184,0.624,0.212,0.164,4.22,35.067,0.68,0.779,61.32,17.41,19.39,1.98,NA,1
2/13/2026,12/31/2025,4,4,2.2,1.8,44,22,Maris_Peer,150,Middle,NA,NA,0.43,37.4,0.902,0.613,0.186,0.202,10.32,32.058,0.718,0.644,61.9,18.12,20.35,2.23,NA,1
2/13/2026,12/31/2025,4,4,2.2,1.8,44,22,Maris_Peer,150,Upper,NA,NA,0.19,98.632,0.879,0.599,0.175,0.226,26.59,32.622,0.733,0.543,61.51,18.78,20.75,1.97,NA,1
2/13/2026,01/02/2026,5,5,2.2,2.25,42,23,Maris_Peer,75,Lower,NA,NA,0.88,57.789,1.503,0.541,0.261,0.198,14.07,37.522,0.678,0.559,27.38,29.46,27.93,-1.53,NA,1
2/13/2026,01/02/2026,5,5,2.2,2.25,42,23,Maris_Peer,75,Middle,NA,NA,0.31,69.245,0.983,0.62,0.165,0.215,19.32,43.403,0.734,0.75,29.74,29.47,27.67,-1.8,NA,1
2/13/2026,01/02/2026,5,5,2.2,2.25,42,23,Maris_Peer,75,Upper,NA,NA,0.09,201.74,1.851,0.567,0.192,0.24,51.47,43.427,0.73,0.484,31.42,29.61,27.75,-1.86,NA,1
2/13/2026,01/04/2026,1,1,2.8,0.45,40,24,Maris_Peer,75,Lower,NA,NA,0.6,24.82,1.291,0.59,0.224,0.186,6.59,39.145,0.689,0.65,29.63,28.75,27.35,-1.4,NA,1
2/13/2026,01/04/2026,1,1,2.8,0.45,40,24,Maris_Peer,75,Middle,NA,NA,0.64,41.91,0.92,0.613,0.179,0.208,11.56,42.924,0.724,0.622,30.66,28.81,27.25,-1.56,NA,1
2/13/2026,01/04/2026,1,1,2.8,0.45,40,24,Maris_Peer,75,Upper,NA,NA,0.27,225.442,0.773,0.572,0.216,0.212,58.03,41.32,0.707,0.543,33.71,29.03,27.07,-1.96,NA,1
2/13/2026,01/01/2026,2,2,2.8,0.9,43,25,Jelly,75,Lower,NA,NA,NA,NA,NA,NA,NA,NA,NA,NA,NA,NA,NA,NA,NA,NA,NA,3
2/13/2026,01/01/2026,2,2,2.8,0.9,43,25,Jelly,75,Middle,NA,NA,NA,NA,NA,NA,NA,NA,NA,NA,NA,NA,NA,NA,NA,NA,NA,3
2/13/2026,01/01/2026,2,2,2.8,0.9,43,25,Jelly,75,Upper,NA,NA,NA,NA,NA,NA,NA,NA,NA,NA,NA,NA,NA,NA,NA,NA,NA,3
2/13/2026,01/01/2026,3,3,2.8,1.35,43,26,Jelly,0,Lower,NA,NA,NA,NA,NA,NA,NA,NA,NA,NA,NA,NA,NA,NA,NA,NA,NA,3
2/13/2026,01/01/2026,3,3,2.8,1.35,43,26,Jelly,0,Middle,NA,NA,NA,NA,NA,NA,NA,NA,NA,NA,NA,NA,NA,NA,NA,NA,NA,3
2/13/2026,01/01/2026,3,3,2.8,1.35,43,26,Jelly,0,Upper,NA,NA,NA,NA,NA,NA,NA,NA,NA,NA,NA,NA,NA,NA,NA,NA,NA,3
2/13/2026,01/01/2026,4,4,2.8,1.8,43,27,Jelly,75,Lower,NA,NA,NA,NA,NA,NA,NA,NA,NA,NA,NA,NA,NA,NA,NA,NA,NA,4
2/13/2026,01/01/2026,4,4,2.8,1.8,43,27,Jelly,75,Middle,NA,NA,NA,NA,NA,NA,NA,NA,NA,NA,NA,NA,NA,NA,NA,NA,NA,4
2/13/2026,01/01/2026,4,4,2.8,1.8,43,27,Jelly,75,Upper,NA,NA,NA,NA,NA,NA,NA,NA,NA,NA,NA,NA,NA,NA,NA,NA,NA,4
2/13/2026,01/02/2026,5,5,2.8,2.25,42,28,Jelly,150,Lower,NA,NA,NA,NA,NA,NA,NA,NA,NA,NA,NA,NA,NA,NA,NA,NA,NA,4
2/13/2026,01/02/2026,5,5,2.8,2.25,42,28,Jelly,150,Middle,NA,NA,NA,NA,NA,NA,NA,NA,NA,NA,NA,NA,NA,NA,NA,NA,NA,4
2/13/2026,01/02/2026,5,5,2.8,2.25,42,28,Jelly,150,Upper,NA,NA,NA,NA,NA,NA,NA,NA,NA,NA,NA,NA,NA,NA,NA,NA,NA,4
2/13/2026,12/31/2025,1,1,3.5,0.45,44,29,Accord,0,Lower,NA,NA,NA,NA,NA,NA,NA,NA,NA,NA,NA,NA,NA,NA,NA,NA,NA,4
2/13/2026,12/31/2025,1,1,3.5,0.45,44,29,Accord,0,Middle,NA,NA,NA,NA,NA,NA,NA,NA,NA,NA,NA,NA,NA,NA,NA,NA,NA,4
2/13/2026,12/31/2025,1,1,3.5,0.45,44,29,Accord,0,Upper,NA,NA,NA,NA,NA,NA,NA,NA,NA,NA,NA,NA,NA,NA,NA,NA,NA,4
2/13/2026,12/31/2025,2,2,3.7,0.9,44,30,Accord,150,Lower,NA,NA,NA,NA,NA,NA,NA,NA,NA,NA,NA,NA,NA,NA,NA,NA,NA,4
2/13/2026,12/31/2025,2,2,3.7,0.9,44,30,Accord,150,Middle,NA,NA,NA,NA,NA,NA,NA,NA,NA,NA,NA,NA,NA,NA,NA,NA,NA,4
2/13/2026,12/31/2025,2,2,3.7,0.9,44,30,Accord,150,Upper,NA,NA,NA,NA,NA,NA,NA,NA,NA,NA,NA,NA,NA,NA,NA,NA,NA,4
2/13/2026,12/31/2025,3,3,3.5,1.35,44,31,Accord,0,Lower,NA,NA,NA,NA,NA,NA,NA,NA,NA,NA,NA,NA,NA,NA,NA,NA,NA,4
2/13/2026,12/31/2025,3,3,3.5,1.35,44,31,Accord,0,Middle,NA,NA,NA,NA,NA,NA,NA,NA,NA,NA,NA,NA,NA,NA,NA,NA,NA,4
2/13/2026,12/31/2025,3,3,3.5,1.35,44,31,Accord,0,Upper,NA,NA,NA,NA,NA,NA,NA,NA,NA,NA,NA,NA,NA,NA,NA,NA,NA,4
2/13/2026,12/30/2025,4,4,3.7,1.8,45,32,Accord,75,Lower,NA,NA,NA,NA,NA,NA,NA,NA,NA,NA,NA,NA,NA,NA,NA,NA,NA,4
2/13/2026,12/30/2025,4,4,3.7,1.8,45,32,Accord,75,Middle,NA,NA,NA,NA,NA,NA,NA,NA,NA,NA,NA,NA,NA,NA,NA,NA,NA,4
2/13/2026,12/30/2025,4,4,3.7,1.8,45,32,Accord,75,Upper,NA,NA,NA,NA,NA,NA,NA,NA,NA,NA,NA,NA,NA,NA,NA,NA,NA,4
2/13/2026,01/01/2026,5,5,3.5,2.25,43,33,Maris_Peer,75,Lower,NA,NA,NA,NA,NA,NA,NA,NA,NA,NA,NA,NA,NA,NA,NA,NA,NA,1
2/13/2026,01/01/2026,5,5,3.5,2.25,43,33,Maris_Peer,75,Middle,NA,NA,NA,NA,NA,NA,NA,NA,NA,NA,NA,NA,NA,NA,NA,NA,NA,1
2/13/2026,01/01/2026,5,5,3.5,2.25,43,33,Maris_Peer,75,Upper,NA,NA,NA,NA,NA,NA,NA,NA,NA,NA,NA,NA,NA,NA,NA,NA,NA,1
2/13/2026,01/05/2026,6,6,3.7,2.7,39,34,Maris_Peer,75,Lower,NA,NA,NA,NA,NA,NA,NA,NA,NA,NA,NA,NA,NA,NA,NA,NA,NA,1
2/13/2026,01/05/2026,6,6,3.7,2.7,39,34,Maris_Peer,75,Middle,NA,NA,NA,NA,NA,NA,NA,NA,NA,NA,NA,NA,NA,NA,NA,NA,NA,1
2/13/2026,01/05/2026,6,6,3.7,2.7,39,34,Maris_Peer,75,Upper,NA,NA,NA,NA,NA,NA,NA,NA,NA,NA,NA,NA,NA,NA,NA,NA,NA,1
2/13/2026,01/01/2026,7,7,3.5,3.15,43,35,Jelly,0,Lower,NA,NA,NA,NA,NA,NA,NA,NA,NA,NA,NA,NA,NA,NA,NA,NA,NA,5
2/13/2026,01/01/2026,7,7,3.5,3.15,43,35,Jelly,0,Middle,NA,NA,NA,NA,NA,NA,NA,NA,NA,NA,NA,NA,NA,NA,NA,NA,NA,5
2/13/2026,01/01/2026,7,7,3.5,3.15,43,35,Jelly,0,Upper,NA,NA,NA,NA,NA,NA,NA,NA,NA,NA,NA,NA,NA,NA,NA,NA,NA,5
2/13/2026,12/31/2025,8,8,3.7,3.6,44,36,Accord,75,Lower,NA,NA,NA,NA,NA,NA,NA,NA,NA,NA,NA,NA,NA,NA,NA,NA,NA,4
2/13/2026,12/31/2025,8,8,3.7,3.6,44,36,Accord,75,Middle,NA,NA,NA,NA,NA,NA,NA,NA,NA,NA,NA,NA,NA,NA,NA,NA,NA,4
2/13/2026,12/31/2025,8,8,3.7,3.6,44,36,Accord,75,Upper,NA,NA,NA,NA,NA,NA,NA,NA,NA,NA,NA,NA,NA,NA,NA,NA,NA,4
2/17/2026,12/31/2025,1,1,0.35,0.45,48,1,Jelly,150,Lower,NA,NA,NA,NA,NA,NA,NA,NA,NA,NA,NA,NA,NA,NA,NA,NA,NA,4
2/17/2026,12/31/2025,1,1,0.35,0.45,48,1,Jelly,150,Middle,NA,NA,NA,NA,NA,NA,NA,NA,NA,NA,NA,NA,NA,NA,NA,NA,NA,4
2/17/2026,12/31/2025,1,1,0.35,0.45,48,1,Jelly,150,Upper,NA,NA,NA,NA,NA,NA,NA,NA,NA,NA,NA,NA,NA,NA,NA,NA,NA,4
2/17/2026,12/31/2025,2,2,0.5,0.9,48,2,Maris_Peer,0,Lower,NA,NA,NA,NA,NA,NA,NA,NA,NA,NA,NA,NA,NA,NA,NA,NA,NA,1
2/17/2026,12/31/2025,2,2,0.5,0.9,48,2,Maris_Peer,0,Middle,NA,NA,NA,NA,NA,NA,NA,NA,NA,NA,NA,NA,NA,NA,NA,NA,NA,1
2/17/2026,12/31/2025,2,2,0.5,0.9,48,2,Maris_Peer,0,Upper,NA,NA,NA,NA,NA,NA,NA,NA,NA,NA,NA,NA,NA,NA,NA,NA,NA,1
2/17/2026,12/31/2025,3,3,0.35,1.35,48,3,Maris_Peer,150,Lower,NA,NA,NA,NA,NA,NA,NA,NA,NA,NA,NA,NA,NA,NA,NA,NA,NA,1
2/17/2026,12/31/2025,3,3,0.35,1.35,48,3,Maris_Peer,150,Middle,NA,NA,NA,NA,NA,NA,NA,NA,NA,NA,NA,NA,NA,NA,NA,NA,NA,1
2/17/2026,12/31/2025,3,3,0.35,1.35,48,3,Maris_Peer,150,Upper,NA,NA,NA,NA,NA,NA,NA,NA,NA,NA,NA,NA,NA,NA,NA,NA,NA,1
2/17/2026,12/31/2025,4,4,0.5,1.8,48,4,Jelly,150,Lower,NA,NA,NA,NA,NA,NA,NA,NA,NA,NA,NA,NA,NA,NA,NA,NA,NA,6
2/17/2026,12/31/2025,4,4,0.5,1.8,48,4,Jelly,150,Middle,NA,NA,NA,NA,NA,NA,NA,NA,NA,NA,NA,NA,NA,NA,NA,NA,NA,6
2/17/2026,12/31/2025,4,4,0.5,1.8,48,4,Jelly,150,Upper,NA,NA,NA,NA,NA,NA,NA,NA,NA,NA,NA,NA,NA,NA,NA,NA,NA,6
2/17/2026,01/03/2026,5,5,0.35,2.25,45,5,Accord,0,Lower,NA,NA,NA,NA,NA,NA,NA,NA,NA,NA,NA,NA,NA,NA,NA,NA,NA,3
2/17/2026,01/03/2026,5,5,0.35,2.25,45,5,Accord,0,Middle,NA,NA,NA,NA,NA,NA,NA,NA,NA,NA,NA,NA,NA,NA,NA,NA,NA,3
2/17/2026,01/03/2026,5,5,0.35,2.25,45,5,Accord,0,Upper,NA,NA,NA,NA,NA,NA,NA,NA,NA,NA,NA,NA,NA,NA,NA,NA,NA,3
2/17/2026,01/02/2026,6,6,0.5,2.7,46,6,Jelly,150,Lower,NA,NA,NA,NA,NA,NA,NA,NA,NA,NA,NA,NA,NA,NA,NA,NA,NA,4
2/17/2026,01/02/2026,6,6,0.5,2.7,46,6,Jelly,150,Middle,NA,NA,NA,NA,NA,NA,NA,NA,NA,NA,NA,NA,NA,NA,NA,NA,NA,4
2/17/2026,01/02/2026,6,6,0.5,2.7,46,6,Jelly,150,Upper,NA,NA,NA,NA,NA,NA,NA,NA,NA,NA,NA,NA,NA,NA,NA,NA,NA,4
2/17/2026,01/01/2026,7,7,0.35,3.15,47,7,Accord,150,Lower,NA,NA,NA,NA,NA,NA,NA,NA,NA,NA,NA,NA,NA,NA,NA,NA,NA,5
2/17/2026,01/01/2026,7,7,0.35,3.15,47,7,Accord,150,Middle,NA,NA,NA,NA,NA,NA,NA,NA,NA,NA,NA,NA,NA,NA,NA,NA,NA,5
2/17/2026,01/01/2026,7,7,0.35,3.15,47,7,Accord,150,Upper,NA,NA,NA,NA,NA,NA,NA,NA,NA,NA,NA,NA,NA,NA,NA,NA,NA,5
2/17/2026,01/03/2026,8,8,0.5,3.6,45,8,Jelly,0,Lower,NA,NA,NA,NA,NA,NA,NA,NA,NA,NA,NA,NA,NA,NA,NA,NA,NA,4
2/17/2026,01/03/2026,8,8,0.5,3.6,45,8,Jelly,0,Middle,NA,NA,NA,NA,NA,NA,NA,NA,NA,NA,NA,NA,NA,NA,NA,NA,NA,4
2/17/2026,01/03/2026,8,8,0.5,3.6,45,8,Jelly,0,Upper,NA,NA,NA,NA,NA,NA,NA,NA,NA,NA,NA,NA,NA,NA,NA,NA,NA,4
2/17/2026,01/02/2026,1,1,1,0.45,46,9,Accord,150,Lower,NA,NA,NA,NA,NA,NA,NA,NA,NA,NA,NA,NA,NA,NA,NA,NA,NA,2
2/17/2026,01/02/2026,1,1,1,0.45,46,9,Accord,150,Middle,NA,NA,NA,NA,NA,NA,NA,NA,NA,NA,NA,NA,NA,NA,NA,NA,NA,2
2/17/2026,01/02/2026,1,1,1,0.45,46,9,Accord,150,Upper,NA,NA,NA,NA,NA,NA,NA,NA,NA,NA,NA,NA,NA,NA,NA,NA,NA,2
2/17/2026,01/02/2026,2,2,1,0.9,46,10,Maris_Peer,0,Lower,NA,NA,NA,NA,NA,NA,NA,NA,NA,NA,NA,NA,NA,NA,NA,NA,NA,1
2/17/2026,01/02/2026,2,2,1,0.9,46,10,Maris_Peer,0,Middle,NA,NA,NA,NA,NA,NA,NA,NA,NA,NA,NA,NA,NA,NA,NA,NA,NA,1
2/17/2026,01/02/2026,2,2,1,0.9,46,10,Maris_Peer,0,Upper,NA,NA,NA,NA,NA,NA,NA,NA,NA,NA,NA,NA,NA,NA,NA,NA,NA,1
2/17/2026,01/01/2026,3,3,1,1.35,47,11,Accord,0,Lower,NA,NA,NA,NA,NA,NA,NA,NA,NA,NA,NA,NA,NA,NA,NA,NA,NA,4
2/17/2026,01/01/2026,3,3,1,1.35,47,11,Accord,0,Middle,NA,NA,NA,NA,NA,NA,NA,NA,NA,NA,NA,NA,NA,NA,NA,NA,NA,4
2/17/2026,01/01/2026,3,3,1,1.35,47,11,Accord,0,Upper,NA,NA,NA,NA,NA,NA,NA,NA,NA,NA,NA,NA,NA,NA,NA,NA,NA,4
2/17/2026,01/01/2026,4,4,1,1.8,47,12,Maris_Peer,0,Lower,NA,NA,NA,NA,NA,NA,NA,NA,NA,NA,NA,NA,NA,NA,NA,NA,NA,3
2/17/2026,01/01/2026,4,4,1,1.8,47,12,Maris_Peer,0,Middle,NA,NA,NA,NA,NA,NA,NA,NA,NA,NA,NA,NA,NA,NA,NA,NA,NA,3
2/17/2026,01/01/2026,4,4,1,1.8,47,12,Maris_Peer,0,Upper,NA,NA,NA,NA,NA,NA,NA,NA,NA,NA,NA,NA,NA,NA,NA,NA,NA,3
2/17/2026,01/04/2026,5,5,1,2.25,44,13,Maris_Peer,150,Lower,NA,NA,NA,NA,NA,NA,NA,NA,NA,NA,NA,NA,NA,NA,NA,NA,NA,1
2/17/2026,01/04/2026,5,5,1,2.25,44,13,Maris_Peer,150,Middle,NA,NA,NA,NA,NA,NA,NA,NA,NA,NA,NA,NA,NA,NA,NA,NA,NA,1
2/17/2026,01/04/2026,5,5,1,2.25,44,13,Maris_Peer,150,Upper,NA,NA,NA,NA,NA,NA,NA,NA,NA,NA,NA,NA,NA,NA,NA,NA,NA,1
2/17/2026,01/02/2026,1,1,1.6,0.45,46,14,Maris_Peer,150,Lower,NA,NA,NA,NA,NA,NA,NA,NA,NA,NA,NA,NA,NA,NA,NA,NA,NA,1
2/17/2026,01/02/2026,1,1,1.6,0.45,46,14,Maris_Peer,150,Middle,NA,NA,NA,NA,NA,NA,NA,NA,NA,NA,NA,NA,NA,NA,NA,NA,NA,1
2/17/2026,01/02/2026,1,1,1.6,0.45,46,14,Maris_Peer,150,Upper,NA,NA,NA,NA,NA,NA,NA,NA,NA,NA,NA,NA,NA,NA,NA,NA,NA,1
2/17/2026,12/31/2025,2,2,1.6,0.9,48,15,Accord,150,Lower,NA,NA,NA,NA,NA,NA,NA,NA,NA,NA,NA,NA,NA,NA,NA,NA,NA,5
2/17/2026,12/31/2025,2,2,1.6,0.9,48,15,Accord,150,Middle,NA,NA,NA,NA,NA,NA,NA,NA,NA,NA,NA,NA,NA,NA,NA,NA,NA,5
2/17/2026,12/31/2025,2,2,1.6,0.9,48,15,Accord,150,Upper,NA,NA,NA,NA,NA,NA,NA,NA,NA,NA,NA,NA,NA,NA,NA,NA,NA,5
2/17/2026,12/31/2025,3,3,1.6,1.35,48,16,Jelly,0,Lower,NA,NA,NA,NA,NA,NA,NA,NA,NA,NA,NA,NA,NA,NA,NA,NA,NA,8
2/17/2026,12/31/2025,3,3,1.6,1.35,48,16,Jelly,0,Middle,NA,NA,NA,NA,NA,NA,NA,NA,NA,NA,NA,NA,NA,NA,NA,NA,NA,8
2/17/2026,12/31/2025,3,3,1.6,1.35,48,16,Jelly,0,Upper,NA,NA,NA,NA,NA,NA,NA,NA,NA,NA,NA,NA,NA,NA,NA,NA,NA,8
2/17/2026,01/02/2026,4,4,1.6,1.8,46,17,Maris_Peer,0,Lower,NA,NA,NA,NA,NA,NA,NA,NA,NA,NA,NA,NA,NA,NA,NA,NA,NA,1
2/17/2026,01/02/2026,4,4,1.6,1.8,46,17,Maris_Peer,0,Middle,NA,NA,NA,NA,NA,NA,NA,NA,NA,NA,NA,NA,NA,NA,NA,NA,NA,1
2/17/2026,01/02/2026,4,4,1.6,1.8,46,17,Maris_Peer,0,Upper,NA,NA,NA,NA,NA,NA,NA,NA,NA,NA,NA,NA,NA,NA,NA,NA,NA,1
2/17/2026,01/03/2026,5,5,1.6,2.25,45,18,Jelly,75,Lower,NA,NA,NA,NA,NA,NA,NA,NA,NA,NA,NA,NA,NA,NA,NA,NA,NA,3
2/17/2026,01/03/2026,5,5,1.6,2.25,45,18,Jelly,75,Middle,NA,NA,NA,NA,NA,NA,NA,NA,NA,NA,NA,NA,NA,NA,NA,NA,NA,3
2/17/2026,01/03/2026,5,5,1.6,2.25,45,18,Jelly,75,Upper,NA,NA,NA,NA,NA,NA,NA,NA,NA,NA,NA,NA,NA,NA,NA,NA,NA,3
2/17/2026,01/01/2026,1,1,2.2,0.45,47,19,Accord,75,Lower,NA,NA,NA,NA,NA,NA,NA,NA,NA,NA,NA,NA,NA,NA,NA,NA,NA,2
2/17/2026,01/01/2026,1,1,2.2,0.45,47,19,Accord,75,Middle,NA,NA,NA,NA,NA,NA,NA,NA,NA,NA,NA,NA,NA,NA,NA,NA,NA,2
2/17/2026,01/01/2026,1,1,2.2,0.45,47,19,Accord,75,Upper,NA,NA,NA,NA,NA,NA,NA,NA,NA,NA,NA,NA,NA,NA,NA,NA,NA,2
2/17/2026,01/01/2026,2,2,2.2,0.9,47,20,Accord,75,Lower,NA,NA,0.35,57.789,1.316,0.541,0.261,0.198,14.07,37.522,0.678,0.559,27.38,29.46,27.93,-1.53,NA,4
2/17/2026,01/01/2026,2,2,2.2,0.9,47,20,Accord,75,Middle,NA,NA,0.07,69.245,0.766,0.62,0.165,0.215,19.32,43.403,0.734,0.614,29.74,29.47,27.67,-1.8,NA,4
2/17/2026,01/01/2026,2,2,2.2,0.9,47,20,Accord,75,Upper,NA,NA,0.85,201.74,0.801,0.567,0.192,0.24,51.47,43.427,0.73,0.484,31.42,29.61,27.75,-1.86,NA,4
2/17/2026,01/04/2026,3,3,2.2,1.35,44,21,Jelly,75,Lower,NA,NA,0.34,24.82,1.201,0.59,0.224,0.186,6.59,39.145,0.689,0.65,29.63,28.75,27.35,-1.4,NA,3
2/17/2026,01/04/2026,3,3,2.2,1.35,44,21,Jelly,75,Middle,NA,NA,0.85,41.91,0.858,0.613,0.179,0.208,11.56,42.924,0.724,0.738,30.66,28.81,27.25,-1.56,NA,3
2/17/2026,01/04/2026,3,3,2.2,1.35,44,21,Jelly,75,Upper,NA,NA,0.18,225.442,1.019,0.572,0.216,0.212,58.03,41.32,0.707,0.654,33.71,29.03,27.07,-1.96,NA,3
2/17/2026,12/31/2025,4,4,2.2,1.8,48,22,Maris_Peer,150,Lower,NA,NA,NA,NA,NA,NA,NA,NA,NA,NA,NA,NA,NA,NA,NA,NA,NA,1
2/17/2026,12/31/2025,4,4,2.2,1.8,48,22,Maris_Peer,150,Middle,NA,NA,NA,NA,NA,NA,NA,NA,NA,NA,NA,NA,NA,NA,NA,NA,NA,1
2/17/2026,12/31/2025,4,4,2.2,1.8,48,22,Maris_Peer,150,Upper,NA,NA,NA,NA,NA,NA,NA,NA,NA,NA,NA,NA,NA,NA,NA,NA,NA,1
2/17/2026,01/02/2026,5,5,2.2,2.25,46,23,Maris_Peer,75,Lower,NA,NA,NA,NA,NA,NA,NA,NA,NA,NA,NA,NA,NA,NA,NA,NA,NA,1
2/17/2026,01/02/2026,5,5,2.2,2.25,46,23,Maris_Peer,75,Middle,NA,NA,NA,NA,NA,NA,NA,NA,NA,NA,NA,NA,NA,NA,NA,NA,NA,1
2/17/2026,01/02/2026,5,5,2.2,2.25,46,23,Maris_Peer,75,Upper,NA,NA,NA,NA,NA,NA,NA,NA,NA,NA,NA,NA,NA,NA,NA,NA,NA,1
2/17/2026,01/04/2026,1,1,2.8,0.45,44,24,Maris_Peer,75,Lower,NA,NA,NA,NA,NA,NA,NA,NA,NA,NA,NA,NA,NA,NA,NA,NA,NA,1
2/17/2026,01/04/2026,1,1,2.8,0.45,44,24,Maris_Peer,75,Middle,NA,NA,NA,NA,NA,NA,NA,NA,NA,NA,NA,NA,NA,NA,NA,NA,NA,1
2/17/2026,01/04/2026,1,1,2.8,0.45,44,24,Maris_Peer,75,Upper,NA,NA,NA,NA,NA,NA,NA,NA,NA,NA,NA,NA,NA,NA,NA,NA,NA,1
2/17/2026,01/01/2026,2,2,2.8,0.9,47,25,Jelly,75,Lower,NA,NA,0.08,27.825,0.929,0.61,0.188,0.202,7.64,35.557,0.717,0.617,35.61,30.09,28.53,-1.56,NA,3
2/17/2026,01/01/2026,2,2,2.8,0.9,47,25,Jelly,75,Middle,NA,NA,0.11,127.604,0.887,0.588,0.194,0.218,33.76,39.514,0.721,0.551,36.46,29.99,28.63,-1.36,NA,3
2/17/2026,01/01/2026,2,2,2.8,0.9,47,25,Jelly,75,Upper,NA,NA,0.42,249.886,0.967,0.564,0.214,0.221,63.42,53.249,0.713,0.522,40.17,29.95,28.17,-1.78,NA,3
2/17/2026,01/01/2026,3,3,2.8,1.35,47,26,Jelly,0,Lower,NA,NA,0.22,20.499,1.157,0.598,0.215,0.186,5.52,51.879,0.693,0.658,34.84,30.02,27.89,-2.13,NA,3
2/17/2026,01/01/2026,3,3,2.8,1.35,47,26,Jelly,0,Middle,NA,NA,0.14,75.882,0.919,0.622,0.181,0.197,21.24,60.656,0.718,0.648,38.88,30.49,28.17,-2.32,NA,3
2/17/2026,01/01/2026,3,3,2.8,1.35,47,26,Jelly,0,Upper,NA,NA,0.32,253.696,0.965,0.565,0.214,0.221,64.5,55.368,0.713,0.55,41.87,31.02,28.81,-2.21,NA,3
2/17/2026,01/01/2026,4,4,2.8,1.8,47,27,Jelly,75,Lower,NA,NA,0.35,20.197,1.146,0.597,0.215,0.188,5.43,39.142,0.695,0.652,38.46,31.1,28.57,-2.53,NA,4
2/17/2026,01/01/2026,4,4,2.8,1.8,47,27,Jelly,75,Middle,NA,NA,0.41,146.543,0.881,0.604,0.186,0.211,39.83,50.458,0.722,0.588,37.38,30.94,28.35,-2.59,NA,4
2/17/2026,01/01/2026,4,4,2.8,1.8,47,27,Jelly,75,Upper,NA,NA,0.48,253.839,0.964,0.57,0.211,0.219,65.11,49.943,0.713,0.534,38.14,30.87,28.21,-2.66,NA,4
2/17/2026,01/02/2026,5,5,2.8,2.25,46,28,Jelly,150,Lower,NA,NA,0.55,23.298,1.174,0.592,0.22,0.188,6.21,35.839,0.692,0.647,38.09,30.9,28.39,-2.51,NA,4
2/17/2026,01/02/2026,5,5,2.8,2.25,46,28,Jelly,150,Middle,NA,NA,0.79,76.869,0.919,0.607,0.188,0.205,21,53.824,0.718,0.606,38.92,30.83,28.07,-2.76,NA,4
2/17/2026,01/02/2026,5,5,2.8,2.25,46,28,Jelly,150,Upper,NA,NA,0.49,178.201,0.902,0.578,0.2,0.222,46.35,62.322,0.72,0.535,38.83,30.97,28.75,-2.22,NA,4
2/17/2026,12/31/2025,1,1,3.5,0.45,48,29,Accord,0,Lower,NA,NA,0.84,34.998,0.917,0.622,0.181,0.197,9.8,34.907,0.718,0.55,37.06,29.95,28.67,-1.28,NA,4
2/17/2026,12/31/2025,1,1,3.5,0.45,48,29,Accord,0,Middle,NA,NA,0.16,58.274,0.859,0.617,0.177,0.206,16.18,34.75,0.724,0.614,38.1,30.04,28.31,-1.73,NA,4
2/17/2026,12/31/2025,1,1,3.5,0.45,48,29,Accord,0,Upper,NA,NA,0.24,182.08,0.876,0.575,0.199,0.227,47.11,43.279,0.722,0.52,38.28,30.19,27.99,-2.2,NA,4
2/17/2026,12/31/2025,2,2,3.7,0.9,48,30,Accord,150,Lower,NA,NA,0.92,33.637,0.908,0.607,0.187,0.206,9.19,29.93,0.719,0.603,44.73,28.99,28.21,-0.78,NA,4
2/17/2026,12/31/2025,2,2,3.7,0.9,48,30,Accord,150,Middle,NA,NA,0.26,192.187,1.045,0.564,0.223,0.213,48.78,36.425,0.705,0.543,41.57,29.47,27.85,-1.62,NA,4
2/17/2026,12/31/2025,2,2,3.7,0.9,48,30,Accord,150,Upper,NA,NA,0.76,191.31,0.956,0.589,0.201,0.21,50.71,44.477,0.714,0.55,40.52,29.75,28.17,-1.58,NA,4
2/17/2026,12/31/2025,3,3,3.5,1.35,48,31,Accord,0,Lower,NA,NA,0.42,41.153,0.873,0.626,0.174,0.2,11.59,43.933,0.723,0.643,43.46,28.08,27.35,-0.73,NA,4
2/17/2026,12/31/2025,3,3,3.5,1.35,48,31,Accord,0,Middle,NA,NA,0.28,131.641,0.87,0.591,0.19,0.219,35.01,43.849,0.723,0.554,40.83,28.47,27.25,-1.22,NA,4
2/17/2026,12/31/2025,3,3,3.5,1.35,48,31,Accord,0,Upper,NA,NA,0.29,193.312,0.838,0.592,0.186,0.222,51.5,48.969,0.726,0.547,39.69,28.68,28.57,-0.11,NA,4
2/17/2026,12/30/2025,4,4,3.7,1.8,49,32,Accord,75,Lower,NA,NA,1.2,70.116,0.925,0.572,0.205,0.222,18.05,38.195,0.717,0.602,45.95,26.56,26.79,0.23,NA,4
2/17/2026,12/30/2025,4,4,3.7,1.8,49,32,Accord,75,Middle,NA,NA,0.99,124.625,0.924,0.587,0.198,0.215,32.92,44.926,0.717,0.561,45.39,27.02,26.85,-0.17,NA,4
2/17/2026,12/30/2025,4,4,3.7,1.8,49,32,Accord,75,Upper,NA,NA,0.67,259.241,0.873,0.577,0.197,0.226,67.31,43.942,0.723,0.524,44.88,27.54,27.17,-0.37,NA,4
2/17/2026,01/01/2026,5,5,3.5,2.25,47,33,Maris_Peer,75,Lower,NA,NA,0.51,60.278,0.912,0.612,0.185,0.203,16.6,38.954,0.718,0.619,46.66,24.6,26.01,1.41,NA,1
2/17/2026,01/01/2026,5,5,3.5,2.25,47,33,Maris_Peer,75,Middle,NA,NA,0.6,103.797,0.8,0.613,0.172,0.215,28.63,45.325,0.731,0.583,48.63,25.22,26.15,0.93,NA,1
2/17/2026,01/01/2026,5,5,3.5,2.25,47,33,Maris_Peer,75,Upper,NA,NA,0.48,209.139,0.844,0.594,0.186,0.22,55.9,42.678,0.726,0.553,48,25.91,26.35,0.44,NA,1
2/17/2026,01/05/2026,6,6,3.7,2.7,43,34,Maris_Peer,75,Lower,NA,NA,1.18,45.324,0.884,0.615,0.181,0.205,12.54,34.931,0.721,0.616,48.07,23.06,25.39,2.33,NA,1
2/17/2026,01/05/2026,6,6,3.7,2.7,43,34,Maris_Peer,75,Middle,NA,NA,0.4,82.68,0.699,0.6,0.165,0.235,22.32,38.812,0.742,0.523,48.35,23.6,25.43,1.83,NA,1
2/17/2026,01/05/2026,6,6,3.7,2.7,43,34,Maris_Peer,75,Upper,NA,NA,0.57,168.278,0.795,0.58,0.186,0.234,43.92,39.444,0.731,0.509,48.76,24.01,25.87,1.86,NA,1
2/17/2026,01/01/2026,7,7,3.5,3.15,47,35,Jelly,0,Lower,NA,NA,0.34,38.618,1.07,0.575,0.22,0.206,9.99,36.272,0.702,0.573,50.49,19.54,21.47,1.93,NA,5
2/17/2026,01/01/2026,7,7,3.5,3.15,47,35,Jelly,0,Middle,NA,NA,0.27,134.255,1.208,0.507,0.27,0.224,30.63,45.005,0.689,0.464,50.43,20.46,22.63,2.17,NA,5
2/17/2026,01/01/2026,7,7,3.5,3.15,47,35,Jelly,0,Upper,NA,NA,0.29,217.34,1.106,0.526,0.249,0.225,0.44,47.502,0.699,0.48,49.59,21.45,23.85,2.4,NA,5
2/17/2026,12/31/2025,8,8,3.7,3.6,48,36,Accord,75,Lower,NA,NA,0.23,113.327,0.701,0.547,0.187,0.266,27.9,30.153,0.741,0.42,48,17.28,18.69,1.41,NA,4
2/17/2026,12/31/2025,8,8,3.7,3.6,48,36,Accord,75,Middle,NA,NA,0.12,94.066,2.114,0.423,0.392,0.185,17.91,36.987,0.61,0.467,49.74,18.04,19.65,1.61,NA,4
2/17/2026,12/31/2025,8,8,3.7,3.6,48,36,Accord,75,Upper,NA,NA,0.44,157.714,0.689,0.583,0.17,0.247,41.38,42.92,0.743,0.485,50.76,18.75,21.01,2.26,NA,4
2/19/2026,12/31/2025,1,1,0.35,0.45,50,1,Jelly,150,Lower,108,NA,0.72,6.916,1.136,0.582,0.222,0.196,1.81,38.173,0.696,0.61,52.31,15.6,16.83,1.23,NA,4
2/19/2026,12/31/2025,1,1,0.35,0.45,50,1,Jelly,150,Middle,108,NA,0.58,46.105,0.854,0.58,0.193,0.227,12.03,44.401,0.725,0.524,54.74,16.42,18.05,1.63,NA,4
2/19/2026,12/31/2025,1,1,0.35,0.45,50,1,Jelly,150,Upper,108,NA,0.52,181.355,0.754,0.583,0.179,0.238,47.58,51.494,0.736,0.502,56.79,17.65,19.59,1.94,NA,4
2/19/2026,12/31/2025,1,2,0.5,0.9,50,2,Maris_Peer,0,Lower,108,NA,0.16,56.782,0.695,0.613,0.159,0.228,15.66,43.138,0.742,0.55,57.4,18.62,20.35,1.73,NA,1
2/19/2026,12/31/2025,1,2,0.5,0.9,50,2,Maris_Peer,0,Middle,108,NA,0.85,63.811,0.611,0.618,0.145,0.237,17.75,40.031,0.752,0.533,56.59,19.5,21.37,1.87,NA,1
2/19/2026,12/31/2025,1,2,0.5,0.9,50,2,Maris_Peer,0,Upper,108,NA,0.33,198.52,0.706,0.585,0.172,0.243,52.26,37.395,0.741,0.493,55.8,20.24,21.81,1.57,NA,1
2/19/2026,12/31/2025,1,3,0.35,1.35,50,3,Maris_Peer,150,Lower,115,NA,0.14,52.442,0.74,0.607,0.167,0.226,14.32,37.891,0.737,0.551,55.6,21.1,22.39,1.29,NA,1
2/19/2026,12/31/2025,1,3,0.35,1.35,50,3,Maris_Peer,150,Middle,115,NA,0.61,152.609,0.645,0.607,0.154,0.239,41.69,40.035,0.748,0.52,54.99,21.92,23.11,1.19,NA,1
2/19/2026,12/31/2025,1,3,0.35,1.35,50,3,Maris_Peer,150,Upper,115,NA,0.54,195.759,0.785,0.587,0.182,0.231,51.71,32.15,0.732,0.519,53.91,22.76,23.63,0.87,NA,1
2/19/2026,12/31/2025,1,4,0.5,1.8,50,4,Jelly,150,Lower,81,NA,0.4,24.514,1.164,0.591,0.22,0.189,6.52,33.778,0.693,0.641,52.04,23.55,24.19,0.64,NA,6
2/19/2026,12/31/2025,1,4,0.5,1.8,50,4,Jelly,150,Middle,81,NA,0.13,144.678,0.85,0.59,0.188,0.222,38.41,43.372,0.725,0.545,51.66,23.97,24.57,0.6,NA,6
2/19/2026,12/31/2025,1,4,0.5,1.8,50,4,Jelly,150,Upper,81,NA,0.76,220.398,0.913,0.582,0.199,0.219,57.72,45.354,0.718,0.546,51.51,24.46,25.05,0.59,NA,6
2/19/2026,01/03/2026,1,5,0.35,2.25,47,5,Accord,0,Lower,94,NA,1.18,38.327,0.851,0.589,0.189,0.222,10.16,40.113,0.725,0.543,50.45,24.89,24.85,-0.04,NA,3
2/19/2026,01/03/2026,1,5,0.35,2.25,47,5,Accord,0,Middle,94,NA,0.54,45.593,0.747,0.624,0.161,0.215,12.8,40.129,0.736,0.594,49.51,25.16,24.95,-0.21,NA,3
2/19/2026,01/03/2026,1,5,0.35,2.25,47,5,Accord,0,Upper,94,NA,0.28,224.148,0.829,0.586,0.187,0.226,59.11,38.511,0.727,0.531,49.65,25.46,24.91,-0.55,NA,3
2/19/2026,01/02/2026,1,6,0.5,2.7,48,6,Jelly,150,Lower,106,NA,0.07,46.145,0.792,0.617,0.169,0.214,12.81,39.084,0.731,0.591,49.45,25.9,25.47,-0.43,NA,4
2/19/2026,01/02/2026,1,6,0.5,2.7,48,6,Jelly,150,Middle,106,NA,0.28,170.908,0.825,0.588,0.186,0.226,45.22,50.944,0.728,0.533,48.46,26.24,26.01,-0.23,NA,4
2/19/2026,01/02/2026,1,6,0.5,2.7,48,6,Jelly,150,Upper,106,NA,0.42,178.401,0.793,0.594,0.179,0.226,47.69,53.534,0.731,0.538,47.56,26.53,25.43,-1.1,NA,4
2/19/2026,01/01/2026,1,7,0.35,3.15,49,7,Accord,150,Lower,NA,NA,0.18,23.629,0.843,0.647,0.161,0.191,6.88,37.742,0.726,0.693,47.75,26.8,26.19,-0.61,NA,5
2/19/2026,01/01/2026,1,7,0.35,3.15,49,7,Accord,150,Middle,NA,NA,0.86,129.89,0.776,0.608,0.171,0.221,35.54,43.888,0.733,0.565,41.16,27.11,25.67,-1.44,NA,5
2/19/2026,01/01/2026,1,7,0.35,3.15,49,7,Accord,150,Upper,NA,NA,0.59,119.012,0.739,0.624,0.16,0.216,33.42,44.599,0.737,0.592,38.79,27.21,25.63,-1.58,NA,5
2/19/2026,01/03/2026,1,8,0.5,3.6,47,8,Jelly,0,Lower,118,NA,0.12,14.48,0.926,0.644,0.171,0.185,4.2,38.577,0.717,0.715,37.43,27.21,25.43,-1.78,NA,4
2/19/2026,01/03/2026,1,8,0.5,3.6,47,8,Jelly,0,Middle,118,NA,0.92,48.959,0.844,0.657,0.157,0.186,14.47,60.355,0.726,0.723,35.63,27.17,25.87,-1.3,NA,4
2/19/2026,01/03/2026,1,8,0.5,3.6,47,8,Jelly,0,Upper,118,NA,0.43,192.167,0.908,0.598,0.191,0.211,0.71,58.813,0.719,0.581,34.8,27.15,25.91,-1.24,NA,4
2/19/2026,01/02/2026,2,1,1,0.45,48,9,Accord,150,Lower,NA,NA,0.31,3.718,1.039,0.649,0.179,0.172,1.09,33.079,0.705,0.773,36.18,26.96,26.05,-0.91,NA,2
2/19/2026,01/02/2026,2,1,1,0.45,48,9,Accord,150,Middle,NA,NA,0.23,116.098,0.787,0.594,0.179,0.227,31.03,40.959,0.732,0.535,36.54,26.92,25.23,-1.69,NA,2
2/19/2026,01/02/2026,2,1,1,0.45,48,9,Accord,150,Upper,NA,NA,0.31,151.375,0.773,0.596,0.176,0.228,40.6,36.476,0.734,0.536,37.12,26.61,25.19,-1.42,NA,2
2/19/2026,01/02/2026,2,2,1,0.9,48,10,Maris_Peer,0,Lower,111,NA,0.14,25.656,1.069,0.609,0.202,0.189,7.03,38.711,0.702,0.662,35.46,26.58,25.09,-1.49,NA,1
2/19/2026,01/02/2026,2,2,1,0.9,48,10,Maris_Peer,0,Middle,111,NA,0.26,71.478,0.761,0.622,0.163,0.215,20.01,42.366,0.735,0.593,35.25,26.5,25.39,-1.11,NA,1
2/19/2026,01/02/2026,2,2,1,0.9,48,10,Maris_Peer,0,Upper,111,NA,0.18,176.629,0.797,0.582,0.185,0.232,46.26,37.913,0.731,0.513,35.43,26.45,24.81,-1.64,NA,1
2/19/2026,01/01/2026,2,3,1,1.35,49,11,Accord,0,Lower,91,NA,1.13,39.017,0.8,0.615,0.171,0.214,10.8,32.956,0.731,0.589,33.34,26.41,24.81,-1.6,NA,4
2/19/2026,01/01/2026,2,3,1,1.35,49,11,Accord,0,Middle,91,NA,0.52,61.321,0.674,0.632,0.148,0.22,17.44,39.251,0.745,0.59,33.37,26.42,24.37,-2.05,NA,4
2/19/2026,01/01/2026,2,3,1,1.35,49,11,Accord,0,Upper,91,NA,0.26,179.002,0.731,0.596,0.171,0.233,48.01,39.852,0.738,0.524,34.58,26.34,24.51,-1.83,NA,4
2/19/2026,01/01/2026,2,4,1,1.8,49,12,Maris_Peer,0,Lower,97,NA,0.4,42.049,0.791,0.635,0.161,0.204,12.02,34.854,0.731,0.639,35.36,26.31,24.37,-1.94,NA,3
2/19/2026,01/01/2026,2,4,1,1.8,49,12,Maris_Peer,0,Middle,97,NA,0.55,110.573,1.141,0.521,0.255,0.224,25.92,37.359,0.695,0.478,33.72,26.29,24.27,-2.02,NA,3
2/19/2026,01/01/2026,2,4,1,1.8,49,12,Maris_Peer,0,Upper,97,NA,0.32,171.513,0.812,0.605,0.177,0.218,46.69,41.498,0.729,0.568,33.56,26.28,24.33,-1.95,NA,3
2/19/2026,01/04/2026,2,5,1,2.25,46,13,Maris_Peer,150,Lower,100,NA,0.94,48.682,0.776,0.626,0.163,0.21,13.71,39.662,0.733,0.61,32.49,26.24,24.51,-1.73,NA,1
2/19/2026,01/04/2026,2,5,1,2.25,46,13,Maris_Peer,150,Middle,100,NA,0.35,66.067,0.826,0.61,0.177,0.214,18.14,35.728,0.728,0.584,32.21,26.25,24.13,-2.12,NA,1
2/19/2026,01/04/2026,2,5,1,2.25,46,13,Maris_Peer,150,Upper,100,NA,0.34,135.584,0.801,0.618,0.17,0.212,37.71,39.769,0.73,0.597,32.24,26.22,24.13,-2.09,NA,1
2/19/2026,01/02/2026,3,1,1.6,0.45,48,14,Maris_Peer,150,Lower,121,NA,0.29,29.441,1.137,0.604,0.211,0.185,8,33.405,0.695,0.668,33.55,25.12,24.37,-0.75,NA,1
2/19/2026,01/02/2026,3,1,1.6,0.45,48,14,Maris_Peer,150,Middle,121,NA,0.84,82.097,0.68,0.628,0.151,0.222,23.2,38.712,0.744,0.581,35.12,25.02,23.99,-1.03,NA,1
2/19/2026,01/02/2026,3,1,1.6,0.45,48,14,Maris_Peer,150,Upper,121,NA,0.27,156.864,0.797,0.599,0.178,0.223,42.28,30.362,0.731,0.551,35.62,25.04,24.23,-0.81,NA,1
2/19/2026,12/31/2025,3,2,1.6,0.9,50,15,Accord,150,Lower,106,NA,0.15,32.595,0.816,0.645,0.16,0.196,9.46,34.949,0.729,0.676,37.38,25.55,25.53,-0.02,NA,5
2/19/2026,12/31/2025,3,2,1.6,0.9,50,15,Accord,150,Middle,106,NA,0.57,44.338,0.753,0.606,0.169,0.225,12.09,40.388,0.736,0.522,38.53,25.65,24.57,-1.08,NA,5
2/19/2026,12/31/2025,3,2,1.6,0.9,50,15,Accord,150,Upper,106,NA,0.62,154.728,0.768,0.614,0.168,0.218,42.75,43.015,0.734,0.577,39.52,25.65,24.27,-1.38,NA,5
2/19/2026,12/31/2025,3,3,1.6,1.35,50,16,Jelly,0,Lower,88,NA,0.18,19.2,1.109,0.626,0.197,0.177,5.41,49.452,0.698,0.724,40.08,25.62,24.47,-1.15,NA,8
2/19/2026,12/31/2025,3,3,1.6,1.35,50,16,Jelly,0,Middle,88,NA,0.18,38.713,0.841,0.631,0.169,0.2,10.99,49.884,0.726,0.645,40.71,25.71,24.99,-0.72,NA,8
2/19/2026,12/31/2025,3,3,1.6,1.35,50,16,Jelly,0,Upper,88,NA,0.54,155.07,0.844,0.6,0.183,0.217,41.87,52.19,0.726,0.566,41,25.79,24.61,-1.18,NA,8
2/19/2026,01/02/2026,3,4,1.6,1.8,48,17,Maris_Peer,0,Lower,100,NA,0.28,11.034,1.094,0.63,0.193,0.177,3.13,28.983,0.7,0.731,40.99,25.84,24.57,-1.27,NA,1
2/19/2026,01/02/2026,3,4,1.6,1.8,48,17,Maris_Peer,0,Middle,100,NA,0.45,72.846,1.491,0.455,0.326,0.219,14.92,29.834,0.662,0.457,42.13,25.86,24.85,-1.01,NA,1
2/19/2026,01/02/2026,3,4,1.6,1.8,48,17,Maris_Peer,0,Upper,100,NA,0.31,150.885,0.77,0.615,0.167,0.217,0.76,41.851,0.734,0.58,41.71,25.95,24.67,-1.28,NA,1
2/19/2026,01/03/2026,3,5,1.6,2.25,47,18,Jelly,75,Lower,120,NA,0.11,24.942,1.069,0.612,0.2,0.187,6.87,37.238,0.702,0.67,41.14,26.03,24.57,-1.46,NA,3
2/19/2026,01/03/2026,3,5,1.6,2.25,47,18,Jelly,75,Middle,120,NA,0.12,43.698,0.746,0.645,0.152,0.204,12.68,50.539,0.737,0.649,40.61,26.09,24.57,-1.52,NA,3
2/19/2026,01/03/2026,3,5,1.6,2.25,47,18,Jelly,75,Upper,120,NA,0.28,116.012,0.77,0.618,0.166,0.216,32.26,55.141,0.734,0.586,41.97,26.18,24.81,-1.37,NA,3
2/19/2026,01/01/2026,4,1,2.2,0.45,49,19,Accord,75,Lower,112,NA,0.39,14.832,0.944,0.649,0.171,0.181,4.33,38.154,0.715,0.735,40.73,26.71,25.67,-1.04,NA,2
2/19/2026,01/01/2026,4,1,2.2,0.45,49,19,Accord,75,Middle,112,NA,0.22,64.093,0.728,0.636,0.153,0.211,18.34,40.978,0.738,0.619,41.41,26.76,25.57,-1.19,NA,2
2/19/2026,01/01/2026,4,1,2.2,0.45,49,19,Accord,75,Upper,112,NA,0.4,119.649,0.894,0.598,0.19,0.212,32.2,45.363,0.72,0.578,40.77,26.76,26.15,-0.61,NA,2
2/19/2026,01/01/2026,4,2,2.2,0.9,49,20,Accord,75,Lower,NA,NA,0.31,16.149,1.711,0.511,0.309,0.18,3.71,33.815,0.643,0.581,41.32,26.78,25.29,-1.49,NA,4
2/19/2026,01/01/2026,4,2,2.2,0.9,49,20,Accord,75,Middle,NA,NA,0.34,76.401,0.734,0.633,0.155,0.212,21.76,41.615,0.738,0.614,41.68,26.81,25.23,-1.58,NA,4
2/19/2026,01/01/2026,4,2,2.2,0.9,49,20,Accord,75,Upper,NA,NA,0.67,139.947,0.748,0.62,0.162,0.217,39.05,47.098,0.736,0.585,43.18,26.92,25.33,-1.59,NA,4
2/19/2026,01/04/2026,4,3,2.2,1.35,46,21,Jelly,75,Lower,88,NA,NA,NA,NA,NA,NA,NA,NA,NA,NA,NA,NA,NA,NA,NA,NA,3
2/19/2026,01/04/2026,4,3,2.2,1.35,46,21,Jelly,75,Middle,88,NA,NA,NA,NA,NA,NA,NA,NA,NA,NA,NA,NA,NA,NA,NA,NA,3
2/19/2026,01/04/2026,4,3,2.2,1.35,46,21,Jelly,75,Upper,88,NA,NA,NA,NA,NA,NA,NA,NA,NA,NA,NA,NA,NA,NA,NA,NA,3
2/19/2026,12/31/2025,4,4,2.2,1.8,50,22,Maris_Peer,150,Lower,NA,NA,NA,NA,NA,NA,NA,NA,NA,NA,NA,NA,NA,NA,NA,NA,NA,1
2/19/2026,12/31/2025,4,4,2.2,1.8,50,22,Maris_Peer,150,Middle,NA,NA,NA,NA,NA,NA,NA,NA,NA,NA,NA,NA,NA,NA,NA,NA,NA,1
2/19/2026,12/31/2025,4,4,2.2,1.8,50,22,Maris_Peer,150,Upper,NA,NA,NA,NA,NA,NA,NA,NA,NA,NA,NA,NA,NA,NA,NA,NA,NA,1
2/19/2026,01/02/2026,4,5,2.2,2.25,48,23,Maris_Peer,75,Lower,112,NA,NA,NA,NA,NA,NA,NA,NA,NA,NA,NA,NA,NA,NA,NA,NA,1
2/19/2026,01/02/2026,4,5,2.2,2.25,48,23,Maris_Peer,75,Middle,112,NA,NA,NA,NA,NA,NA,NA,NA,NA,NA,NA,NA,NA,NA,NA,NA,1
2/19/2026,01/02/2026,4,5,2.2,2.25,48,23,Maris_Peer,75,Upper,112,NA,NA,NA,NA,NA,NA,NA,NA,NA,NA,NA,NA,NA,NA,NA,NA,1
2/19/2026,01/04/2026,5,1,2.8,0.45,46,24,Maris_Peer,75,Lower,98,NA,NA,NA,NA,NA,NA,NA,NA,NA,NA,NA,NA,NA,NA,NA,NA,1
2/19/2026,01/04/2026,5,1,2.8,0.45,46,24,Maris_Peer,75,Middle,98,NA,NA,NA,NA,NA,NA,NA,NA,NA,NA,NA,NA,NA,NA,NA,NA,1
2/19/2026,01/04/2026,5,1,2.8,0.45,46,24,Maris_Peer,75,Upper,98,NA,NA,NA,NA,NA,NA,NA,NA,NA,NA,NA,NA,NA,NA,NA,NA,1
2/19/2026,01/01/2026,5,2,2.8,0.9,49,25,Jelly,75,Lower,98,NA,NA,NA,NA,NA,NA,NA,NA,NA,NA,NA,NA,NA,NA,NA,NA,3
2/19/2026,01/01/2026,5,2,2.8,0.9,49,25,Jelly,75,Middle,98,NA,NA,NA,NA,NA,NA,NA,NA,NA,NA,NA,NA,NA,NA,NA,NA,3
2/19/2026,01/01/2026,5,2,2.8,0.9,49,25,Jelly,75,Upper,98,NA,NA,NA,NA,NA,NA,NA,NA,NA,NA,NA,NA,NA,NA,NA,NA,3
2/19/2026,01/01/2026,5,3,2.8,1.35,49,26,Jelly,0,Lower,100,NA,NA,NA,NA,NA,NA,NA,NA,NA,NA,NA,NA,NA,NA,NA,NA,3
2/19/2026,01/01/2026,5,3,2.8,1.35,49,26,Jelly,0,Middle,100,NA,NA,NA,NA,NA,NA,NA,NA,NA,NA,NA,NA,NA,NA,NA,NA,3
2/19/2026,01/01/2026,5,3,2.8,1.35,49,26,Jelly,0,Upper,100,NA,NA,NA,NA,NA,NA,NA,NA,NA,NA,NA,NA,NA,NA,NA,NA,3
2/19/2026,01/01/2026,5,4,2.8,1.8,49,27,Jelly,75,Lower,90,NA,NA,NA,NA,NA,NA,NA,NA,NA,NA,NA,NA,NA,NA,NA,NA,4
2/19/2026,01/01/2026,5,4,2.8,1.8,49,27,Jelly,75,Middle,90,NA,NA,NA,NA,NA,NA,NA,NA,NA,NA,NA,NA,NA,NA,NA,NA,4
2/19/2026,01/01/2026,5,4,2.8,1.8,49,27,Jelly,75,Upper,90,NA,NA,NA,NA,NA,NA,NA,NA,NA,NA,NA,NA,NA,NA,NA,NA,4
2/19/2026,01/02/2026,5,5,2.8,2.25,48,28,Jelly,150,Lower,115,NA,NA,NA,NA,NA,NA,NA,NA,NA,NA,NA,NA,NA,NA,NA,NA,4
2/19/2026,01/02/2026,5,5,2.8,2.25,48,28,Jelly,150,Middle,115,NA,NA,NA,NA,NA,NA,NA,NA,NA,NA,NA,NA,NA,NA,NA,NA,4
2/19/2026,01/02/2026,5,5,2.8,2.25,48,28,Jelly,150,Upper,115,NA,NA,NA,NA,NA,NA,NA,NA,NA,NA,NA,NA,NA,NA,NA,NA,4
2/19/2026,12/31/2025,6,1,3.5,0.45,50,29,Accord,0,Lower,NA,NA,NA,NA,NA,NA,NA,NA,NA,NA,NA,NA,NA,NA,NA,NA,NA,4
2/19/2026,12/31/2025,6,1,3.5,0.45,50,29,Accord,0,Middle,NA,NA,NA,NA,NA,NA,NA,NA,NA,NA,NA,NA,NA,NA,NA,NA,NA,4
2/19/2026,12/31/2025,6,1,3.5,0.45,50,29,Accord,0,Upper,NA,NA,NA,NA,NA,NA,NA,NA,NA,NA,NA,NA,NA,NA,NA,NA,NA,4
2/19/2026,12/31/2025,6,2,3.7,0.9,50,30,Accord,150,Lower,NA,NA,NA,NA,NA,NA,NA,NA,NA,NA,NA,NA,NA,NA,NA,NA,NA,4
2/19/2026,12/31/2025,6,2,3.7,0.9,50,30,Accord,150,Middle,NA,NA,NA,NA,NA,NA,NA,NA,NA,NA,NA,NA,NA,NA,NA,NA,NA,4
2/19/2026,12/31/2025,6,2,3.7,0.9,50,30,Accord,150,Upper,NA,NA,NA,NA,NA,NA,NA,NA,NA,NA,NA,NA,NA,NA,NA,NA,NA,4
2/19/2026,12/31/2025,6,3,3.5,1.35,50,31,Accord,0,Lower,NA,NA,NA,NA,NA,NA,NA,NA,NA,NA,NA,NA,NA,NA,NA,NA,NA,4
2/19/2026,12/31/2025,6,3,3.5,1.35,50,31,Accord,0,Middle,NA,NA,NA,NA,NA,NA,NA,NA,NA,NA,NA,NA,NA,NA,NA,NA,NA,4
2/19/2026,12/31/2025,6,3,3.5,1.35,50,31,Accord,0,Upper,NA,NA,NA,NA,NA,NA,NA,NA,NA,NA,NA,NA,NA,NA,NA,NA,NA,4
2/19/2026,12/30/2025,6,4,3.7,1.8,51,32,Accord,75,Lower,94,NA,NA,NA,NA,NA,NA,NA,NA,NA,NA,NA,NA,NA,NA,NA,NA,4
2/19/2026,12/30/2025,6,4,3.7,1.8,51,32,Accord,75,Middle,94,NA,NA,NA,NA,NA,NA,NA,NA,NA,NA,NA,NA,NA,NA,NA,NA,4
2/19/2026,12/30/2025,6,4,3.7,1.8,51,32,Accord,75,Upper,94,NA,NA,NA,NA,NA,NA,NA,NA,NA,NA,NA,NA,NA,NA,NA,NA,4
2/19/2026,01/01/2026,6,5,3.5,2.25,49,33,Maris_Peer,75,Lower,102,NA,NA,NA,NA,NA,NA,NA,NA,NA,NA,NA,NA,NA,NA,NA,NA,1
2/19/2026,01/01/2026,6,5,3.5,2.25,49,33,Maris_Peer,75,Middle,102,NA,NA,NA,NA,NA,NA,NA,NA,NA,NA,NA,NA,NA,NA,NA,NA,1
2/19/2026,01/01/2026,6,5,3.5,2.25,49,33,Maris_Peer,75,Upper,102,NA,NA,NA,NA,NA,NA,NA,NA,NA,NA,NA,NA,NA,NA,NA,NA,1
2/19/2026,01/05/2026,6,6,3.7,2.7,45,34,Maris_Peer,75,Lower,75,NA,NA,NA,NA,NA,NA,NA,NA,NA,NA,NA,NA,NA,NA,NA,NA,1
2/19/2026,01/05/2026,6,6,3.7,2.7,45,34,Maris_Peer,75,Middle,75,NA,NA,NA,NA,NA,NA,NA,NA,NA,NA,NA,NA,NA,NA,NA,NA,1
2/19/2026,01/05/2026,6,6,3.7,2.7,45,34,Maris_Peer,75,Upper,75,NA,NA,NA,NA,NA,NA,NA,NA,NA,NA,NA,NA,NA,NA,NA,NA,1
2/19/2026,01/01/2026,6,7,3.5,3.15,49,35,Jelly,0,Lower,NA,NA,NA,NA,NA,NA,NA,NA,NA,NA,NA,NA,NA,NA,NA,NA,NA,5
2/19/2026,01/01/2026,6,7,3.5,3.15,49,35,Jelly,0,Middle,NA,NA,NA,NA,NA,NA,NA,NA,NA,NA,NA,NA,NA,NA,NA,NA,NA,5
2/19/2026,01/01/2026,6,7,3.5,3.15,49,35,Jelly,0,Upper,NA,NA,NA,NA,NA,NA,NA,NA,NA,NA,NA,NA,NA,NA,NA,NA,NA,5
2/19/2026,12/31/2025,6,8,3.7,3.6,50,36,Accord,75,Lower,NA,NA,NA,NA,NA,NA,NA,NA,NA,NA,NA,NA,NA,NA,NA,NA,NA,4
2/19/2026,12/31/2025,6,8,3.7,3.6,50,36,Accord,75,Middle,NA,NA,NA,NA,NA,NA,NA,NA,NA,NA,NA,NA,NA,NA,NA,NA,NA,4
2/19/2026,12/31/2025,6,8,3.7,3.6,50,36,Accord,75,Upper,NA,NA,NA,NA,NA,NA,NA,NA,NA,NA,NA,NA,NA,NA,NA,NA,NA,4
2/20/2026,12/31/2025,1,1,0.35,0.45,51,1,Jelly,150,Lower,NA,NA,NA,NA,NA,NA,NA,NA,NA,NA,NA,NA,NA,NA,NA,NA,NA,4
2/20/2026,12/31/2025,1,1,0.35,0.45,51,1,Jelly,150,Middle,NA,NA,NA,NA,NA,NA,NA,NA,NA,NA,NA,NA,NA,NA,NA,NA,NA,4
2/20/2026,12/31/2025,1,1,0.35,0.45,51,1,Jelly,150,Upper,NA,NA,NA,NA,NA,NA,NA,NA,NA,NA,NA,NA,NA,NA,NA,NA,NA,4
2/20/2026,12/31/2025,2,2,0.5,0.9,51,2,Maris_Peer,0,Lower,NA,NA,NA,NA,NA,NA,NA,NA,NA,NA,NA,NA,NA,NA,NA,NA,NA,1
2/20/2026,12/31/2025,2,2,0.5,0.9,51,2,Maris_Peer,0,Middle,NA,NA,NA,NA,NA,NA,NA,NA,NA,NA,NA,NA,NA,NA,NA,NA,NA,1
2/20/2026,12/31/2025,2,2,0.5,0.9,51,2,Maris_Peer,0,Upper,NA,NA,NA,NA,NA,NA,NA,NA,NA,NA,NA,NA,NA,NA,NA,NA,NA,1
2/20/2026,12/31/2025,3,3,0.35,1.35,51,3,Maris_Peer,150,Lower,NA,NA,NA,NA,NA,NA,NA,NA,NA,NA,NA,NA,NA,NA,NA,NA,NA,1
2/20/2026,12/31/2025,3,3,0.35,1.35,51,3,Maris_Peer,150,Middle,NA,NA,NA,NA,NA,NA,NA,NA,NA,NA,NA,NA,NA,NA,NA,NA,NA,1
2/20/2026,12/31/2025,3,3,0.35,1.35,51,3,Maris_Peer,150,Upper,NA,NA,NA,NA,NA,NA,NA,NA,NA,NA,NA,NA,NA,NA,NA,NA,NA,1
2/20/2026,12/31/2025,4,4,0.5,1.8,51,4,Jelly,150,Lower,NA,NA,NA,NA,NA,NA,NA,NA,NA,NA,NA,NA,NA,NA,NA,NA,NA,6
2/20/2026,12/31/2025,4,4,0.5,1.8,51,4,Jelly,150,Middle,NA,NA,NA,NA,NA,NA,NA,NA,NA,NA,NA,NA,NA,NA,NA,NA,NA,6
2/20/2026,12/31/2025,4,4,0.5,1.8,51,4,Jelly,150,Upper,NA,NA,NA,NA,NA,NA,NA,NA,NA,NA,NA,NA,NA,NA,NA,NA,NA,6
2/20/2026,01/03/2026,5,5,0.35,2.25,48,5,Accord,0,Lower,NA,NA,NA,NA,NA,NA,NA,NA,NA,NA,NA,NA,NA,NA,NA,NA,NA,3
2/20/2026,01/03/2026,5,5,0.35,2.25,48,5,Accord,0,Middle,NA,NA,NA,NA,NA,NA,NA,NA,NA,NA,NA,NA,NA,NA,NA,NA,NA,3
2/20/2026,01/03/2026,5,5,0.35,2.25,48,5,Accord,0,Upper,NA,NA,NA,NA,NA,NA,NA,NA,NA,NA,NA,NA,NA,NA,NA,NA,NA,3
2/20/2026,01/02/2026,6,6,0.5,2.7,49,6,Jelly,150,Lower,NA,NA,NA,NA,NA,NA,NA,NA,NA,NA,NA,NA,NA,NA,NA,NA,NA,4
2/20/2026,01/02/2026,6,6,0.5,2.7,49,6,Jelly,150,Middle,NA,NA,NA,NA,NA,NA,NA,NA,NA,NA,NA,NA,NA,NA,NA,NA,NA,4
2/20/2026,01/02/2026,6,6,0.5,2.7,49,6,Jelly,150,Upper,NA,NA,NA,NA,NA,NA,NA,NA,NA,NA,NA,NA,NA,NA,NA,NA,NA,4
2/20/2026,01/01/2026,7,7,0.35,3.15,50,7,Accord,150,Lower,NA,NA,NA,NA,NA,NA,NA,NA,NA,NA,NA,NA,NA,NA,NA,NA,NA,5
2/20/2026,01/01/2026,7,7,0.35,3.15,50,7,Accord,150,Middle,NA,NA,NA,NA,NA,NA,NA,NA,NA,NA,NA,NA,NA,NA,NA,NA,NA,5
2/20/2026,01/01/2026,7,7,0.35,3.15,50,7,Accord,150,Upper,NA,NA,NA,NA,NA,NA,NA,NA,NA,NA,NA,NA,NA,NA,NA,NA,NA,5
2/20/2026,01/03/2026,8,8,0.5,3.6,48,8,Jelly,0,Lower,NA,NA,NA,NA,NA,NA,NA,NA,NA,NA,NA,NA,NA,NA,NA,NA,NA,4
2/20/2026,01/03/2026,8,8,0.5,3.6,48,8,Jelly,0,Middle,NA,NA,NA,NA,NA,NA,NA,NA,NA,NA,NA,NA,NA,NA,NA,NA,NA,4
2/20/2026,01/03/2026,8,8,0.5,3.6,48,8,Jelly,0,Upper,NA,NA,NA,NA,NA,NA,NA,NA,NA,NA,NA,NA,NA,NA,NA,NA,NA,4
2/20/2026,01/02/2026,1,1,1,0.45,49,9,Accord,150,Lower,NA,NA,NA,NA,NA,NA,NA,NA,NA,NA,NA,NA,NA,NA,NA,NA,NA,2
2/20/2026,01/02/2026,1,1,1,0.45,49,9,Accord,150,Middle,NA,NA,NA,NA,NA,NA,NA,NA,NA,NA,NA,NA,NA,NA,NA,NA,NA,2
2/20/2026,01/02/2026,1,1,1,0.45,49,9,Accord,150,Upper,NA,NA,NA,NA,NA,NA,NA,NA,NA,NA,NA,NA,NA,NA,NA,NA,NA,2
2/20/2026,01/02/2026,2,2,1,0.9,49,10,Maris_Peer,0,Lower,NA,NA,NA,NA,NA,NA,NA,NA,NA,NA,NA,NA,NA,NA,NA,NA,NA,1
2/20/2026,01/02/2026,2,2,1,0.9,49,10,Maris_Peer,0,Middle,NA,NA,NA,NA,NA,NA,NA,NA,NA,NA,NA,NA,NA,NA,NA,NA,NA,1
2/20/2026,01/02/2026,2,2,1,0.9,49,10,Maris_Peer,0,Upper,NA,NA,NA,NA,NA,NA,NA,NA,NA,NA,NA,NA,NA,NA,NA,NA,NA,1
2/20/2026,01/01/2026,3,3,1,1.35,50,11,Accord,0,Lower,NA,NA,NA,NA,NA,NA,NA,NA,NA,NA,NA,NA,NA,NA,NA,NA,NA,4
2/20/2026,01/01/2026,3,3,1,1.35,50,11,Accord,0,Middle,NA,NA,NA,NA,NA,NA,NA,NA,NA,NA,NA,NA,NA,NA,NA,NA,NA,4
2/20/2026,01/01/2026,3,3,1,1.35,50,11,Accord,0,Upper,NA,NA,NA,NA,NA,NA,NA,NA,NA,NA,NA,NA,NA,NA,NA,NA,NA,4
2/20/2026,01/01/2026,4,4,1,1.8,50,12,Maris_Peer,0,Lower,NA,NA,NA,NA,NA,NA,NA,NA,NA,NA,NA,NA,NA,NA,NA,NA,NA,3
2/20/2026,01/01/2026,4,4,1,1.8,50,12,Maris_Peer,0,Middle,NA,NA,NA,NA,NA,NA,NA,NA,NA,NA,NA,NA,NA,NA,NA,NA,NA,3
2/20/2026,01/01/2026,4,4,1,1.8,50,12,Maris_Peer,0,Upper,NA,NA,NA,NA,NA,NA,NA,NA,NA,NA,NA,NA,NA,NA,NA,NA,NA,3
2/20/2026,01/04/2026,5,5,1,2.25,47,13,Maris_Peer,150,Lower,NA,NA,NA,NA,NA,NA,NA,NA,NA,NA,NA,NA,NA,NA,NA,NA,NA,1
2/20/2026,01/04/2026,5,5,1,2.25,47,13,Maris_Peer,150,Middle,NA,NA,NA,NA,NA,NA,NA,NA,NA,NA,NA,NA,NA,NA,NA,NA,NA,1
2/20/2026,01/04/2026,5,5,1,2.25,47,13,Maris_Peer,150,Upper,NA,NA,NA,NA,NA,NA,NA,NA,NA,NA,NA,NA,NA,NA,NA,NA,NA,1
2/20/2026,01/02/2026,1,1,1.6,0.45,49,14,Maris_Peer,150,Lower,NA,NA,NA,NA,NA,NA,NA,NA,NA,NA,NA,NA,NA,NA,NA,NA,NA,1
2/20/2026,01/02/2026,1,1,1.6,0.45,49,14,Maris_Peer,150,Middle,NA,NA,NA,NA,NA,NA,NA,NA,NA,NA,NA,NA,NA,NA,NA,NA,NA,1
2/20/2026,01/02/2026,1,1,1.6,0.45,49,14,Maris_Peer,150,Upper,NA,NA,NA,NA,NA,NA,NA,NA,NA,NA,NA,NA,NA,NA,NA,NA,NA,1
2/20/2026,12/31/2025,2,2,1.6,0.9,51,15,Accord,150,Lower,NA,NA,NA,NA,NA,NA,NA,NA,NA,NA,NA,NA,NA,NA,NA,NA,NA,5
2/20/2026,12/31/2025,2,2,1.6,0.9,51,15,Accord,150,Middle,NA,NA,NA,NA,NA,NA,NA,NA,NA,NA,NA,NA,NA,NA,NA,NA,NA,5
2/20/2026,12/31/2025,2,2,1.6,0.9,51,15,Accord,150,Upper,NA,NA,NA,NA,NA,NA,NA,NA,NA,NA,NA,NA,NA,NA,NA,NA,NA,5
2/20/2026,12/31/2025,3,3,1.6,1.35,51,16,Jelly,0,Lower,NA,NA,NA,NA,NA,NA,NA,NA,NA,NA,NA,NA,NA,NA,NA,NA,NA,8
2/20/2026,12/31/2025,3,3,1.6,1.35,51,16,Jelly,0,Middle,NA,NA,NA,NA,NA,NA,NA,NA,NA,NA,NA,NA,NA,NA,NA,NA,NA,8
2/20/2026,12/31/2025,3,3,1.6,1.35,51,16,Jelly,0,Upper,NA,NA,NA,NA,NA,NA,NA,NA,NA,NA,NA,NA,NA,NA,NA,NA,NA,8
2/20/2026,01/02/2026,4,4,1.6,1.8,49,17,Maris_Peer,0,Lower,NA,NA,NA,NA,NA,NA,NA,NA,NA,NA,NA,NA,NA,NA,NA,NA,NA,1
2/20/2026,01/02/2026,4,4,1.6,1.8,49,17,Maris_Peer,0,Middle,NA,NA,NA,NA,NA,NA,NA,NA,NA,NA,NA,NA,NA,NA,NA,NA,NA,1
2/20/2026,01/02/2026,4,4,1.6,1.8,49,17,Maris_Peer,0,Upper,NA,NA,NA,NA,NA,NA,NA,NA,NA,NA,NA,NA,NA,NA,NA,NA,NA,1
2/20/2026,01/03/2026,5,5,1.6,2.25,48,18,Jelly,75,Lower,NA,NA,NA,NA,NA,NA,NA,NA,NA,NA,NA,NA,NA,NA,NA,NA,NA,3
2/20/2026,01/03/2026,5,5,1.6,2.25,48,18,Jelly,75,Middle,NA,NA,NA,NA,NA,NA,NA,NA,NA,NA,NA,NA,NA,NA,NA,NA,NA,3
2/20/2026,01/03/2026,5,5,1.6,2.25,48,18,Jelly,75,Upper,NA,NA,NA,NA,NA,NA,NA,NA,NA,NA,NA,NA,NA,NA,NA,NA,NA,3
2/20/2026,01/01/2026,1,1,2.2,0.45,50,19,Accord,75,Lower,NA,NA,NA,NA,NA,NA,NA,NA,NA,NA,NA,NA,NA,NA,NA,NA,NA,2
2/20/2026,01/01/2026,1,1,2.2,0.45,50,19,Accord,75,Middle,NA,NA,NA,NA,NA,NA,NA,NA,NA,NA,NA,NA,NA,NA,NA,NA,NA,2
2/20/2026,01/01/2026,1,1,2.2,0.45,50,19,Accord,75,Upper,NA,NA,NA,NA,NA,NA,NA,NA,NA,NA,NA,NA,NA,NA,NA,NA,NA,2
2/20/2026,01/01/2026,2,2,2.2,0.9,50,20,Accord,75,Lower,NA,NA,NA,NA,NA,NA,NA,NA,NA,NA,NA,NA,NA,NA,NA,NA,NA,4
2/20/2026,01/01/2026,2,2,2.2,0.9,50,20,Accord,75,Middle,NA,NA,NA,NA,NA,NA,NA,NA,NA,NA,NA,NA,NA,NA,NA,NA,NA,4
2/20/2026,01/01/2026,2,2,2.2,0.9,50,20,Accord,75,Upper,NA,NA,NA,NA,NA,NA,NA,NA,NA,NA,NA,NA,NA,NA,NA,NA,NA,4
2/20/2026,01/04/2026,3,3,2.2,1.35,47,21,Jelly,75,Lower,NA,NA,0.19,18.168,1.559,0.585,0.253,0.162,4.78,37.049,0.656,0.738,50.72,18.45,19.19,0.74,NA,3
2/20/2026,01/04/2026,3,3,2.2,1.35,47,21,Jelly,75,Middle,NA,NA,0.18,29.903,0.979,0.617,0.189,0.193,8.3,37.832,0.711,0.614,51.76,18.85,19.99,1.14,NA,3
2/20/2026,01/04/2026,3,3,2.2,1.35,47,21,Jelly,75,Upper,NA,NA,0.65,151.008,0.747,0.587,0.176,0.236,39.89,39.306,0.736,0.51,53.15,19.54,21.05,1.51,NA,3
2/20/2026,12/31/2025,4,4,2.2,1.8,51,22,Maris_Peer,150,Lower,NA,NA,0.31,8.453,2.711,0.551,0.328,0.121,2.1,37.052,0.568,0.934,53.74,19.99,21.67,1.68,NA,1
2/20/2026,12/31/2025,4,4,2.2,1.8,51,22,Maris_Peer,150,Middle,NA,NA,0.12,9.846,1.636,0.621,0.235,0.144,2.75,35.86,0.649,0.884,54.41,20.61,22.33,1.72,NA,1
2/20/2026,12/31/2025,4,4,2.2,1.8,51,22,Maris_Peer,150,Upper,NA,NA,0.55,132.875,0.744,0.603,0.169,0.228,36.06,38.455,0.737,0.543,54.87,21.01,22.53,1.52,NA,1
2/20/2026,01/02/2026,5,5,2.2,2.25,49,23,Maris_Peer,75,Lower,NA,NA,0.58,15.437,1.046,0.681,0.163,0.156,4.73,45.79,0.705,0.897,54.18,21.45,23.05,1.6,NA,1
2/20/2026,01/02/2026,5,5,2.2,2.25,49,23,Maris_Peer,75,Middle,NA,NA,0.23,22.076,0.88,0.651,0.163,0.186,6.47,40.316,0.722,0.719,54.2,21.85,23.19,1.34,NA,1
2/20/2026,01/02/2026,5,5,2.2,2.25,49,23,Maris_Peer,75,Upper,NA,NA,0.33,62.215,0.733,0.627,0.158,0.215,17.55,34.547,0.738,0.596,52.92,22.25,23.49,1.24,NA,1
2/20/2026,01/04/2026,1,1,2.8,0.45,47,24,Maris_Peer,75,Lower,NA,NA,0.14,22.641,0.84,0.644,0.163,0.194,6.56,34.19,0.726,0.682,52.03,22.65,23.15,0.5,NA,1
2/20/2026,01/04/2026,1,1,2.8,0.45,47,24,Maris_Peer,75,Middle,NA,NA,0.41,62.282,0.771,0.619,0.166,0.215,17.35,35.805,0.734,0.59,51.11,22.93,23.59,0.66,NA,1
2/20/2026,01/04/2026,1,1,2.8,0.45,47,24,Maris_Peer,75,Upper,NA,NA,0.38,115.778,0.777,0.599,0.175,0.226,31.21,35.524,0.733,0.544,50.37,23.17,23.63,0.46,NA,1
2/20/2026,01/01/2026,2,2,2.8,0.9,50,25,Jelly,75,Lower,NA,NA,0.2,14.364,1.14,0.605,0.211,0.185,3.91,35.363,0.695,0.671,50.35,23.41,23.77,0.36,NA,3
2/20/2026,01/01/2026,2,2,2.8,0.9,50,25,Jelly,75,Middle,NA,NA,0.11,63.528,0.777,0.616,0.168,0.216,17.61,39.137,0.733,0.583,50.54,23.62,23.73,0.11,NA,3
2/20/2026,01/01/2026,2,2,2.8,0.9,50,25,Jelly,75,Upper,NA,NA,0.24,164.175,0.801,0.591,0.182,0.227,43.66,48.641,0.73,0.533,50.75,23.92,24.03,0.11,NA,3
2/20/2026,01/01/2026,3,3,2.8,1.35,50,26,Jelly,0,Lower,NA,NA,0.28,3.533,1.014,0.646,0.178,0.176,1.03,42.185,0.708,0.752,49.81,24.33,24.37,0.04,NA,3
2/20/2026,01/01/2026,3,3,2.8,1.35,50,26,Jelly,0,Middle,NA,NA,0.47,45.302,0.848,0.616,0.176,0.208,12.56,54.403,0.725,0.609,49.5,24.5,24.47,-0.03,NA,3
2/20/2026,01/01/2026,3,3,2.8,1.35,50,26,Jelly,0,Upper,NA,NA,0.52,172.44,0.801,0.599,0.178,0.223,46.48,49.52,0.73,0.55,49.42,24.67,24.19,-0.48,NA,3
2/20/2026,01/01/2026,4,4,2.8,1.8,50,27,Jelly,75,Lower,NA,NA,0.25,18.852,1.046,0.612,0.198,0.189,5.19,36.446,0.705,0.663,49.88,24.88,24.37,-0.51,NA,4
2/20/2026,01/01/2026,4,4,2.8,1.8,50,27,Jelly,75,Middle,NA,NA,0.2,101.107,0.854,0.597,0.186,0.218,27.16,50.636,0.725,0.562,48.41,25.05,24.47,-0.58,NA,4
2/20/2026,01/01/2026,4,4,2.8,1.8,50,27,Jelly,75,Upper,NA,NA,0.17,189.466,0.864,0.576,0.197,0.228,49.11,42.249,0.724,0.518,47.93,25.33,24.43,-0.9,NA,4
2/20/2026,01/02/2026,5,5,2.8,2.25,49,28,Jelly,150,Lower,NA,NA,0.7,13.548,0.881,0.626,0.175,0.199,3.82,42.454,0.722,0.646,47.14,25.46,24.43,-1.03,NA,4
2/20/2026,01/02/2026,5,5,2.8,2.25,49,28,Jelly,150,Middle,NA,NA,0.61,49.311,0.769,0.626,0.163,0.212,13.89,52.399,0.734,0.605,46.84,25.5,24.91,-0.59,NA,4
2/20/2026,01/02/2026,5,5,2.8,2.25,49,28,Jelly,150,Upper,NA,NA,0.11,132.486,0.712,0.609,0.163,0.228,36.31,50.467,0.74,0.547,46.56,25.64,24.43,-1.21,NA,4
2/20/2026,12/31/2025,1,1,3.5,0.45,51,29,Accord,0,Lower,NA,NA,0.31,71.03,0.758,0.604,0.171,0.225,19.31,37.646,0.735,0.55,45.58,25.68,25.23,-0.45,NA,4
2/20/2026,12/31/2025,1,1,3.5,0.45,51,29,Accord,0,Middle,NA,NA,0.5,166.135,0.738,0.582,0.178,0.241,43.51,42.4,0.737,0.496,45.47,25.76,25.05,-0.71,NA,4
2/20/2026,12/31/2025,1,1,3.5,0.45,51,29,Accord,0,Upper,NA,NA,0.32,190.909,0.76,0.585,0.179,0.236,50.26,37.907,0.735,0.508,45.64,25.9,25.39,-0.51,NA,4
2/20/2026,12/31/2025,2,2,3.7,0.9,51,30,Accord,150,Lower,NA,NA,0.78,20.486,0.821,0.623,0.17,0.207,5.74,31.206,0.728,0.617,45.31,26.03,25.29,-0.74,NA,4
2/20/2026,12/31/2025,2,2,3.7,0.9,51,30,Accord,150,Middle,NA,NA,0.27,41.089,0.782,0.606,0.173,0.221,0.2,33.112,0.732,0.562,45.51,26.07,25.19,-0.88,NA,4
2/20/2026,12/31/2025,2,2,3.7,0.9,51,30,Accord,150,Upper,NA,NA,1,171.275,0.908,0.585,0.198,0.218,45.09,45.241,0.719,0.55,46.27,26.18,25.23,-0.95,NA,4
2/20/2026,12/31/2025,3,3,3.5,1.35,51,31,Accord,0,Lower,NA,NA,0.59,41.431,0.72,0.576,0.177,0.246,10.74,36.303,0.739,0.48,45.93,26.22,22.71,-3.51,NA,4
2/20/2026,12/31/2025,3,3,3.5,1.35,51,31,Accord,0,Middle,NA,NA,0.38,93.666,0.752,0.622,0.162,0.215,26.22,46.363,0.736,0.592,45.62,26.35,25.53,-0.82,NA,4
2/20/2026,12/31/2025,3,3,3.5,1.35,51,31,Accord,0,Upper,NA,NA,0.35,195.28,0.788,0.607,0.173,0.22,53.34,50.037,0.732,0.566,45.24,26.5,24.95,-1.55,NA,4
2/20/2026,12/30/2025,4,4,3.7,1.8,52,32,Accord,75,Lower,NA,NA,0.31,32.599,0.81,0.619,0.171,0.211,9.08,36.971,0.729,0.602,46.41,26.62,25.05,-1.57,NA,4
2/20/2026,12/30/2025,4,4,3.7,1.8,52,32,Accord,75,Middle,NA,NA,0.64,32.676,0.771,0.634,0.159,0.207,9.32,45.348,0.734,0.628,45.09,26.7,25.29,-1.41,NA,4
2/20/2026,12/30/2025,4,4,3.7,1.8,52,32,Accord,75,Upper,NA,NA,0.48,176.607,0.854,0.603,0.183,0.214,47.92,41.786,0.725,0.577,45,26.7,25.33,-1.37,NA,4
2/20/2026,01/01/2026,5,5,3.5,2.25,50,33,Maris_Peer,75,Lower,NA,NA,0.16,38.003,0.812,0.641,0.161,0.198,10.96,48.029,0.729,0.663,44.72,26.74,25.87,-0.87,NA,1
2/20/2026,01/01/2026,5,5,3.5,2.25,50,33,Maris_Peer,75,Middle,NA,NA,0.24,120.375,0.752,0.607,0.169,0.224,32.88,39.084,0.736,0.555,44.33,26.84,25.81,-1.03,NA,1
2/20/2026,01/01/2026,5,5,3.5,2.25,50,33,Maris_Peer,75,Upper,NA,NA,0.23,155.604,0.781,0.619,0.167,0.214,43.34,42.433,0.733,0.592,42.22,26.89,25.29,-1.6,NA,1
2/20/2026,01/05/2026,6,6,3.7,2.7,46,34,Maris_Peer,75,Lower,NA,NA,0.34,17.957,0.963,0.616,0.188,0.196,4.98,37.945,0.713,0.644,43.79,26.87,25.57,-1.3,NA,1
2/20/2026,01/05/2026,6,6,3.7,2.7,46,34,Maris_Peer,75,Middle,NA,NA,0.25,67.383,0.783,0.617,0.168,0.215,18.71,36.663,0.732,0.589,45.22,26.95,25.67,-1.28,NA,1
2/20/2026,01/05/2026,6,6,3.7,2.7,46,34,Maris_Peer,75,Upper,NA,NA,0.41,178.175,1.249,0.562,0.243,0.195,45.06,39.195,0.685,0.592,43.99,27.1,25.91,-1.19,NA,1
2/20/2026,01/01/2026,7,7,3.5,3.15,50,35,Jelly,0,Lower,NA,NA,1.13,37.975,0.95,0.619,0.186,0.195,10.58,43.124,0.715,0.649,43.66,27.12,25.19,0.93,NA,5
2/20/2026,01/01/2026,7,7,3.5,3.15,50,35,Jelly,0,Middle,NA,NA,1.05,26.064,0.855,0.629,0.171,0.2,7.38,47.877,0.725,0.645,43.51,27.1,25.71,-1.39,NA,5
2/20/2026,01/01/2026,7,7,3.5,3.15,50,35,Jelly,0,Upper,NA,NA,0.71,160.46,0.827,0.606,0.178,0.216,43.76,49.134,0.728,0.575,43.93,27.13,25.09,-2.04,NA,5
2/20/2026,12/31/2025,8,8,3.7,3.6,51,36,Accord,75,Lower,NA,NA,0.1,47.784,0.766,0.631,0.16,0.209,13.57,37.073,0.734,0.618,43.61,27.18,25.05,-2.13,NA,4
2/20/2026,12/31/2025,8,8,3.7,3.6,51,36,Accord,75,Middle,NA,NA,0.37,50.738,0.724,0.634,0.154,0.212,14.48,39.712,0.739,0.612,43.88,27.17,25.29,-1.88,NA,4
2/20/2026,12/31/2025,8,8,3.7,3.6,51,36,Accord,75,Upper,NA,NA,0.84,134.465,0.777,0.61,0.17,0.219,36.91,42.908,0.733,0.571,43.38,27.16,25.23,0.93,NA,4
2/26/2026,12/31/2025,1,1,0.35,0.45,57,1,Jelly,150,Lower,NA,NA,0.31,65.587,0.865,0.606,0.199,0.194,17.89,36.872,0.707,0.639,41.83,24.02,24.61,0.59,NA,4
2/26/2026,12/31/2025,1,1,0.35,0.45,57,1,Jelly,150,Middle,NA,NA,0.17,103.515,0.814,0.602,0.187,0.211,28.04,46.61,0.721,0.584,41.37,24.49,24.23,-0.26,NA,4
2/26/2026,12/31/2025,1,1,0.35,0.45,57,1,Jelly,150,Upper,NA,NA,0.43,142.708,0.791,0.61,0.174,0.215,39.17,63.079,0.729,0.581,40.63,24.89,24.03,-0.86,NA,4
2/26/2026,12/31/2025,2,2,0.5,0.9,57,2,Maris_Peer,0,Lower,NA,NA,0.72,57.543,0.659,0.577,0.168,0.255,14.94,42.805,0.746,0.465,49.34863,19.09,19.39,0.3,NA,1
2/26/2026,12/31/2025,2,2,0.5,0.9,57,2,Maris_Peer,0,Middle,NA,NA,0.24,48.898,0.739,0.577,0.18,0.244,12.7,39.563,0.737,0.485,49.42871,19.72,19.89,0.17,NA,1
2/26/2026,12/31/2025,2,2,0.5,0.9,57,2,Maris_Peer,0,Upper,NA,NA,0.34,218.1,0.826,0.55,0.203,0.246,53.98,31.246,0.728,0.458,49.23828,20.29,20.81,0.52,NA,1
2/26/2026,12/31/2025,3,3,0.35,1.35,57,3,Maris_Peer,150,Lower,NA,NA,0.42,64.486,0.809,0.556,0.198,0.245,16.13,29.533,0.73,0.464,49.33984,21.11,21.71,0.6,NA,1
2/26/2026,12/31/2025,3,3,0.35,1.35,57,3,Maris_Peer,150,Middle,NA,NA,0.47,130.689,0.853,0.565,0.2,0.235,33.23,43.477,0.725,0.493,49.3291,21.81,22.39,0.58,NA,1
2/26/2026,12/31/2025,3,3,0.35,1.35,57,3,Maris_Peer,150,Upper,NA,NA,0.42,204.694,0.821,0.573,0.193,0.235,52.78,30.37,0.728,0.493,47.33594,22.48,22.57,0.09,NA,1
2/26/2026,12/31/2025,4,4,0.5,1.8,57,4,Jelly,150,Lower,NA,NA,0.31,28.272,1.22,0.532,0.257,0.211,6.77,28.314,0.687,0.518,48.92969,20.91,21.57,0.66,NA,6
2/26/2026,12/31/2025,4,4,0.5,1.8,57,4,Jelly,150,Middle,NA,NA,0.23,155.064,0.829,0.55,0.204,0.246,38.38,47.241,0.727,0.458,48.58301,21.18,21.85,0.67,NA,6
2/26/2026,12/31/2025,4,4,0.5,1.8,57,4,Jelly,150,Upper,NA,NA,0.25,204.942,1.156,0.545,0.244,0.211,50.26,40.3,0.694,0.529,48.24902,21.47,22.39,0.92,NA,6
2/26/2026,01/03/2026,5,5,0.35,2.25,54,5,Accord,0,Lower,NA,NA,0.43,76.491,1.17,0.559,0.238,0.203,19.24,31.523,0.692,0.564,47.92,21.82,22.39,0.57,NA,3
2/26/2026,01/03/2026,5,5,0.35,2.25,54,5,Accord,0,Middle,NA,NA,0.24,146.087,0.845,0.511,0.224,0.265,33.59,35.757,0.726,0.396,47.62,22.1,22.53,0.43,NA,3
2/26/2026,01/03/2026,5,5,0.35,2.25,54,5,Accord,0,Upper,NA,NA,0.43,175.519,0.791,0.553,0.197,0.25,43.68,36.039,0.731,0.454,47.28,22.37,22.77,0.4,NA,3
2/26/2026,01/02/2026,6,6,0.5,2.7,55,6,Jelly,150,Lower,NA,NA,0.08,25.785,0.881,0.602,0.186,0.211,6.99,38.445,0.722,0.584,47.1,22.65,22.67,0.02,NA,4
2/26/2026,01/02/2026,6,6,0.5,2.7,55,6,Jelly,150,Middle,NA,NA,0.45,131.932,0.812,0.584,0.186,0.229,34.67,45.312,0.729,0.522,46.69,22.9,23.39,0.49,NA,4
2/26/2026,01/02/2026,6,6,0.5,2.7,55,6,Jelly,150,Upper,NA,NA,0.52,149.063,0.826,0.59,0.185,0.225,39.58,48.302,0.728,0.538,45.99,23.08,23.43,0.35,NA,4
2/26/2026,01/01/2026,7,7,0.35,3.15,56,7,Accord,150,Lower,NA,NA,0.9,36.319,0.869,0.612,0.18,0.207,10,35.967,0.723,0.605,45.4,23.32,23.49,0.17,NA,5
2/26/2026,01/01/2026,7,7,0.35,3.15,56,7,Accord,150,Middle,NA,NA,0.52,124.258,0.748,0.604,0.169,0.226,33.77,44.373,0.736,0.547,44.67,23.53,23.49,-0.04,NA,5
2/26/2026,01/01/2026,7,7,0.35,3.15,56,7,Accord,150,Upper,NA,NA,0.19,127.092,0.716,0.607,0.164,0.229,34.72,39.433,0.74,0.542,44.22,23.71,23.59,-0.12,NA,5
2/26/2026,01/03/2026,8,8,0.5,3.6,54,8,Jelly,0,Lower,NA,NA,0.41,32.269,0.915,0.607,0.188,0.205,8.81,44.468,0.718,0.606,43.42,23.88,23.73,-0.15,NA,4
2/26/2026,01/03/2026,8,8,0.5,3.6,54,8,Jelly,0,Middle,NA,NA,0.14,42.443,1.449,0.592,0.242,0.167,0.31,51.381,0.666,0.727,43.1,24.19,23.53,-0.66,NA,4
2/26/2026,01/03/2026,8,8,0.5,3.6,54,8,Jelly,0,Upper,NA,NA,0.25,170.899,0.883,0.586,0.194,0.22,45.07,48.677,0.722,0.547,43.89,24.32,24.03,-0.29,NA,4
2/26/2026,01/02/2026,1,1,1,0.45,55,9,Accord,150,Lower,NA,NA,0.85,36.353,0.822,0.632,0.166,0.202,10.34,40.901,0.728,0.64,43.61035,24.89,23.85,-1.04,NA,2
2/26/2026,01/02/2026,1,1,1,0.45,55,9,Accord,150,Middle,NA,NA,0.22,73.527,0.811,0.618,0.171,0.211,20.45,35.164,0.729,0.6,42.73633,25.11,23.99,-1.12,NA,2
2/26/2026,01/02/2026,1,1,1,0.45,55,9,Accord,150,Upper,NA,NA,0.36,131.471,0.763,0.601,0.173,0.226,35.56,36.414,0.735,0.544,42.58301,25.14,24.03,-1.11,NA,2
2/26/2026,01/02/2026,2,2,1,0.9,55,10,Maris_Peer,0,Lower,NA,NA,NA,NA,NA,NA,NA,NA,NA,NA,NA,NA,NA,NA,NA,NA,NA,1
2/26/2026,01/02/2026,2,2,1,0.9,55,10,Maris_Peer,0,Middle,NA,NA,NA,NA,NA,NA,NA,NA,NA,NA,NA,NA,NA,NA,NA,NA,NA,1
2/26/2026,01/02/2026,2,2,1,0.9,55,10,Maris_Peer,0,Upper,NA,NA,NA,NA,NA,NA,NA,NA,NA,NA,NA,NA,NA,NA,NA,NA,NA,1
2/26/2026,01/01/2026,3,3,1,1.35,56,11,Accord,0,Lower,NA,NA,0.44,26.973,0.889,0.628,0.171,0.201,7.62,30.207,0.725,0.641,41.25195,25.16,24.33,-0.83,NA,4
2/26/2026,01/01/2026,3,3,1,1.35,56,11,Accord,0,Middle,NA,NA,0.66,94.123,0.801,0.666,0.171,0.163,1.24,32.511,0.704,0.837,41.86133,24,24.13,0.13,NA,4
2/26/2026,01/01/2026,3,3,1,1.35,56,11,Accord,0,Upper,NA,NA,0.25,160.477,0.993,0.563,0.219,0.218,40.66,32.014,0.709,0.529,43.40527,24.03,24.13,0.1,NA,4
2/26/2026,01/01/2026,4,4,1,1.8,56,12,Maris_Peer,0,Lower,NA,NA,0.39,9.045,1.118,0.613,0.204,0.183,2.5,31.891,0.697,0.687,46.08,23.13,23.11,-0.02,NA,3
2/26/2026,01/01/2026,4,4,1,1.8,56,12,Maris_Peer,0,Middle,NA,NA,0.69,34.329,0.765,0.584,0.18,0.236,9.02,39.12,0.734,0.507,46.28,23.67,22.91,-0.76,NA,3
2/26/2026,01/01/2026,4,4,1,1.8,56,12,Maris_Peer,0,Upper,NA,NA,0.38,179.244,0.827,0.601,0.181,0.219,48.48,36.737,0.728,0.563,46.98,24.04,23.81,-0.23,NA,3
2/26/2026,01/04/2026,5,5,1,2.25,53,13,Maris_Peer,150,Lower,NA,NA,1.16,67.088,0.939,0.584,0.202,0.215,17.63,37.647,0.716,0.557,47.84,24.58,24.33,-0.25,NA,1
2/26/2026,01/04/2026,5,5,1,2.25,53,13,Maris_Peer,150,Middle,NA,NA,1.03,52.608,0.884,0.61,0.183,0.207,14.44,38.908,0.722,0.603,47.05,25.21,24.57,-0.64,NA,1
2/26/2026,01/04/2026,5,5,1,2.25,53,13,Maris_Peer,150,Upper,NA,NA,0.2,115.714,0.813,0.61,0.175,0.215,31.76,29.546,0.729,0.58,44.78,25.75,24.95,-0.8,NA,1
2/26/2026,01/02/2026,1,1,1.6,0.45,55,14,Maris_Peer,150,Lower,NA,NA,NA,NA,NA,NA,NA,NA,NA,NA,NA,NA,NA,NA,NA,NA,NA,1
2/26/2026,01/02/2026,1,1,1.6,0.45,55,14,Maris_Peer,150,Middle,NA,NA,NA,NA,NA,NA,NA,NA,NA,NA,NA,NA,NA,NA,NA,NA,NA,1
2/26/2026,01/02/2026,1,1,1.6,0.45,55,14,Maris_Peer,150,Upper,NA,NA,NA,NA,NA,NA,NA,NA,NA,NA,NA,NA,NA,NA,NA,NA,NA,1
2/26/2026,12/31/2025,2,2,1.6,0.9,57,15,Accord,150,Lower,NA,NA,NA,NA,NA,NA,NA,NA,NA,NA,NA,NA,NA,NA,NA,NA,NA,5
2/26/2026,12/31/2025,2,2,1.6,0.9,57,15,Accord,150,Middle,NA,NA,NA,NA,NA,NA,NA,NA,NA,NA,NA,NA,NA,NA,NA,NA,NA,5
2/26/2026,12/31/2025,2,2,1.6,0.9,57,15,Accord,150,Upper,NA,NA,NA,NA,NA,NA,NA,NA,NA,NA,NA,NA,NA,NA,NA,NA,NA,5
2/26/2026,12/31/2025,3,3,1.6,1.35,57,16,Jelly,0,Lower,NA,NA,NA,NA,NA,NA,NA,NA,NA,NA,NA,NA,NA,NA,NA,NA,NA,8
2/26/2026,12/31/2025,3,3,1.6,1.35,57,16,Jelly,0,Middle,NA,NA,NA,NA,NA,NA,NA,NA,NA,NA,NA,NA,NA,NA,NA,NA,NA,8
2/26/2026,12/31/2025,3,3,1.6,1.35,57,16,Jelly,0,Upper,NA,NA,NA,NA,NA,NA,NA,NA,NA,NA,NA,NA,NA,NA,NA,NA,NA,8
2/26/2026,01/02/2026,4,4,1.6,1.8,55,17,Maris_Peer,0,Lower,NA,NA,0.26,9.88,0.957,0.628,0.182,0.19,2.79,37.081,0.714,0.678,42.05,26.16,25.23,-0.93,NA,1
2/26/2026,01/02/2026,4,4,1.6,1.8,55,17,Maris_Peer,0,Middle,NA,NA,0.52,73.441,0.738,0.598,0.171,0.231,19.76,39.809,0.737,0.529,40.73,26.29,24.47,-1.82,NA,1
2/26/2026,01/02/2026,4,4,1.6,1.8,55,17,Maris_Peer,0,Upper,NA,NA,0.78,174.071,0.889,0.594,0.191,0.215,46.53,35.954,0.721,0.567,42.1,26.37,24.43,-1.94,NA,1
2/26/2026,01/03/2026,5,5,1.6,2.25,54,18,Jelly,75,Lower,NA,NA,NA,NA,NA,NA,NA,NA,NA,NA,NA,NA,NA,NA,NA,NA,NA,3
2/26/2026,01/03/2026,5,5,1.6,2.25,54,18,Jelly,75,Middle,NA,NA,NA,NA,NA,NA,NA,NA,NA,NA,NA,NA,NA,NA,NA,NA,NA,3
2/26/2026,01/03/2026,5,5,1.6,2.25,54,18,Jelly,75,Upper,NA,NA,NA,NA,NA,NA,NA,NA,NA,NA,NA,NA,NA,NA,NA,NA,NA,3
2/26/2026,01/01/2026,1,1,2.2,0.45,56,19,Accord,75,Lower,NA,NA,NA,NA,NA,NA,NA,NA,NA,NA,NA,NA,NA,NA,NA,NA,NA,2
2/26/2026,01/01/2026,1,1,2.2,0.45,56,19,Accord,75,Middle,NA,NA,NA,NA,NA,NA,NA,NA,NA,NA,NA,NA,NA,NA,NA,NA,NA,2
2/26/2026,01/01/2026,1,1,2.2,0.45,56,19,Accord,75,Upper,NA,NA,NA,NA,NA,NA,NA,NA,NA,NA,NA,NA,NA,NA,NA,NA,NA,2
2/26/2026,01/01/2026,2,2,2.2,0.9,56,20,Accord,75,Lower,NA,NA,NA,NA,NA,NA,NA,NA,NA,NA,NA,NA,NA,NA,NA,NA,NA,4
2/26/2026,01/01/2026,2,2,2.2,0.9,56,20,Accord,75,Middle,NA,NA,NA,NA,NA,NA,NA,NA,NA,NA,NA,NA,NA,NA,NA,NA,NA,4
2/26/2026,01/01/2026,2,2,2.2,0.9,56,20,Accord,75,Upper,NA,NA,NA,NA,NA,NA,NA,NA,NA,NA,NA,NA,NA,NA,NA,NA,NA,4
2/26/2026,01/04/2026,3,3,2.2,1.35,53,21,Jelly,75,Lower,NA,NA,NA,NA,NA,NA,NA,NA,NA,NA,NA,NA,NA,NA,NA,NA,NA,3
2/26/2026,01/04/2026,3,3,2.2,1.35,53,21,Jelly,75,Middle,NA,NA,NA,NA,NA,NA,NA,NA,NA,NA,NA,NA,NA,NA,NA,NA,NA,3
2/26/2026,01/04/2026,3,3,2.2,1.35,53,21,Jelly,75,Upper,NA,NA,NA,NA,NA,NA,NA,NA,NA,NA,NA,NA,NA,NA,NA,NA,NA,3
2/26/2026,12/31/2025,4,4,2.2,1.8,57,22,Maris_Peer,150,Lower,NA,NA,0.14,14.759,1.062,0.649,0.181,0.17,4.31,33.2,0.703,0.781,43.52,26.6,25.43,-1.17,NA,1
2/26/2026,12/31/2025,4,4,2.2,1.8,57,22,Maris_Peer,150,Middle,NA,NA,0.34,18.507,0.909,0.62,0.181,0.199,5.16,39.677,0.719,0.637,44.24,26.98,25.23,-1.75,NA,1
2/26/2026,12/31/2025,4,4,2.2,1.8,57,22,Maris_Peer,150,Upper,NA,NA,0.45,175.516,0.838,0.599,0.183,0.218,47.31,37.718,0.726,0.562,43.63,27.3,24.99,-2.31,NA,1
2/26/2026,01/02/2026,5,5,2.2,2.25,55,23,Maris_Peer,75,Lower,NA,NA,0.13,24.364,0.944,0.652,0.169,0.179,7.15,40.226,0.715,0.748,42.31,27.36,25.23,-2.13,NA,1
2/26/2026,01/02/2026,5,5,2.2,2.25,55,23,Maris_Peer,75,Middle,NA,NA,1.08,40.972,0.852,0.633,0.169,0.198,11.67,39.975,0.725,0.656,43.38,27.38,25.19,-2.19,NA,1
2/26/2026,01/02/2026,5,5,2.2,2.25,55,23,Maris_Peer,75,Upper,NA,NA,0.16,127.643,0.782,0.605,0.174,0.222,34.75,32.516,0.732,0.558,45.78,27.6,25.71,-1.89,NA,1
2/26/2026,01/04/2026,1,1,2.8,0.45,53,24,Maris_Peer,75,Lower,NA,NA,0.23,57.363,0.777,0.61,0.171,0.22,15.75,31.922,0.733,0.569,38.31,28.01,25.39,-2.62,NA,1
2/26/2026,01/04/2026,1,1,2.8,0.45,53,24,Maris_Peer,75,Middle,NA,NA,0.51,79.514,0.785,0.603,0.175,0.223,21.58,28.643,0.732,0.555,38.2,28.04,25.29,-2.75,NA,1
2/26/2026,01/04/2026,1,1,2.8,0.45,53,24,Maris_Peer,75,Upper,NA,NA,0.24,146.358,0.812,0.603,0.178,0.219,39.71,30.906,0.729,0.564,39.54,28.02,25.29,-2.73,NA,1
2/26/2026,01/01/2026,2,2,2.8,0.9,56,25,Jelly,75,Lower,NA,NA,0.18,7.805,1.222,0.613,0.213,0.174,2.15,36.37,0.687,0.721,42.16,24.1,24.47,0.37,NA,3
2/26/2026,01/01/2026,2,2,2.8,0.9,56,25,Jelly,75,Middle,NA,NA,0.49,14.951,0.95,0.624,0.183,0.193,4.2,57.922,0.715,0.664,41.89,24.09,24.67,0.58,NA,3
2/26/2026,01/01/2026,2,2,2.8,0.9,56,25,Jelly,75,Upper,NA,NA,0.3,104.873,0.845,0.624,0.172,0.204,29.45,49.098,0.726,0.627,42.13,24.11,24.51,0.4,NA,3
2/26/2026,01/01/2026,3,3,2.8,1.35,56,26,Jelly,0,Lower,NA,NA,NA,NA,NA,NA,NA,NA,NA,NA,NA,NA,NA,NA,NA,NA,NA,3
2/26/2026,01/01/2026,3,3,2.8,1.35,56,26,Jelly,0,Middle,NA,NA,NA,NA,NA,NA,NA,NA,NA,NA,NA,NA,NA,NA,NA,NA,NA,3
2/26/2026,01/01/2026,3,3,2.8,1.35,56,26,Jelly,0,Upper,NA,NA,NA,NA,NA,NA,NA,NA,NA,NA,NA,NA,NA,NA,NA,NA,NA,3
2/26/2026,01/01/2026,4,4,2.8,1.8,56,27,Jelly,75,Lower,NA,NA,NA,NA,NA,NA,NA,NA,NA,NA,NA,NA,NA,NA,NA,NA,NA,4
2/26/2026,01/01/2026,4,4,2.8,1.8,56,27,Jelly,75,Middle,NA,NA,NA,NA,NA,NA,NA,NA,NA,NA,NA,NA,NA,NA,NA,NA,NA,4
2/26/2026,01/01/2026,4,4,2.8,1.8,56,27,Jelly,75,Upper,NA,NA,NA,NA,NA,NA,NA,NA,NA,NA,NA,NA,NA,NA,NA,NA,NA,4
2/26/2026,01/02/2026,5,5,2.8,2.25,55,28,Jelly,150,Lower,NA,NA,NA,NA,NA,NA,NA,NA,NA,NA,NA,NA,NA,NA,NA,NA,NA,4
2/26/2026,01/02/2026,5,5,2.8,2.25,55,28,Jelly,150,Middle,NA,NA,NA,NA,NA,NA,NA,NA,NA,NA,NA,NA,NA,NA,NA,NA,NA,4
2/26/2026,01/02/2026,5,5,2.8,2.25,55,28,Jelly,150,Upper,NA,NA,NA,NA,NA,NA,NA,NA,NA,NA,NA,NA,NA,NA,NA,NA,NA,4
2/26/2026,12/31/2025,1,1,3.5,0.45,57,29,Accord,0,Lower,NA,NA,NA,NA,NA,NA,NA,NA,NA,NA,NA,NA,NA,NA,NA,NA,NA,4
2/26/2026,12/31/2025,1,1,3.5,0.45,57,29,Accord,0,Middle,NA,NA,NA,NA,NA,NA,NA,NA,NA,NA,NA,NA,NA,NA,NA,NA,NA,4
2/26/2026,12/31/2025,1,1,3.5,0.45,57,29,Accord,0,Upper,NA,NA,NA,NA,NA,NA,NA,NA,NA,NA,NA,NA,NA,NA,NA,NA,NA,4
2/26/2026,12/31/2025,2,2,3.7,0.9,57,30,Accord,150,Lower,NA,NA,NA,NA,NA,NA,NA,NA,NA,NA,NA,NA,NA,NA,NA,NA,NA,4
2/26/2026,12/31/2025,2,2,3.7,0.9,57,30,Accord,150,Middle,NA,NA,NA,NA,NA,NA,NA,NA,NA,NA,NA,NA,NA,NA,NA,NA,NA,4
2/26/2026,12/31/2025,2,2,3.7,0.9,57,30,Accord,150,Upper,NA,NA,NA,NA,NA,NA,NA,NA,NA,NA,NA,NA,NA,NA,NA,NA,NA,4
2/26/2026,12/31/2025,3,3,3.5,1.35,57,31,Accord,0,Lower,NA,NA,NA,NA,NA,NA,NA,NA,NA,NA,NA,NA,NA,NA,NA,NA,NA,4
2/26/2026,12/31/2025,3,3,3.5,1.35,57,31,Accord,0,Middle,NA,NA,NA,NA,NA,NA,NA,NA,NA,NA,NA,NA,NA,NA,NA,NA,NA,4
2/26/2026,12/31/2025,3,3,3.5,1.35,57,31,Accord,0,Upper,NA,NA,NA,NA,NA,NA,NA,NA,NA,NA,NA,NA,NA,NA,NA,NA,NA,4
2/26/2026,12/30/2025,4,4,3.7,1.8,58,32,Accord,75,Lower,NA,NA,NA,NA,NA,NA,NA,NA,NA,NA,NA,NA,NA,NA,NA,NA,NA,4
2/26/2026,12/30/2025,4,4,3.7,1.8,58,32,Accord,75,Middle,NA,NA,NA,NA,NA,NA,NA,NA,NA,NA,NA,NA,NA,NA,NA,NA,NA,4
2/26/2026,12/30/2025,4,4,3.7,1.8,58,32,Accord,75,Upper,NA,NA,NA,NA,NA,NA,NA,NA,NA,NA,NA,NA,NA,NA,NA,NA,NA,4
2/26/2026,01/01/2026,5,5,3.5,2.25,56,33,Maris_Peer,75,Lower,NA,NA,0.18,60.924,0.802,0.657,0.153,0.191,18.01,45.039,0.73,0.706,43.4,27.81,25.67,-2.14,NA,1
2/26/2026,01/01/2026,5,5,3.5,2.25,56,33,Maris_Peer,75,Middle,NA,NA,0.32,131.572,0.674,0.617,0.154,0.229,36.53,51.54,0.745,0.553,42.35,28.06,26.19,-1.87,NA,1
2/26/2026,01/01/2026,5,5,3.5,2.25,56,33,Maris_Peer,75,Upper,NA,NA,0.35,198.814,0.815,0.607,0.177,0.217,54.31,41.407,0.729,0.574,42.72,28.16,25.81,-2.35,NA,1
2/26/2026,01/05/2026,6,6,3.7,2.7,52,34,Maris_Peer,75,Lower,NA,NA,0.41,6.564,0.994,0.628,0.186,0.187,1.85,37.017,0.71,0.688,38.9,28.2,25.87,-2.33,NA,1
2/26/2026,01/05/2026,6,6,3.7,2.7,52,34,Maris_Peer,75,Middle,NA,NA,0.69,71.133,0.74,0.624,0.16,0.216,19.97,37.025,0.737,0.592,39.16,28.32,25.67,-2.65,NA,1
2/26/2026,01/05/2026,6,6,3.7,2.7,52,34,Maris_Peer,75,Upper,NA,NA,0.47,160.552,0.88,0.606,0.185,0.21,43.78,36.857,0.722,0.591,37.98,28.4,24.99,-3.41,NA,1
2/26/2026,01/01/2026,7,7,3.5,3.15,56,35,Jelly,0,Lower,NA,NA,NA,NA,NA,NA,NA,NA,NA,NA,NA,NA,NA,NA,NA,NA,NA,5
2/26/2026,01/01/2026,7,7,3.5,3.15,56,35,Jelly,0,Middle,NA,NA,NA,NA,NA,NA,NA,NA,NA,NA,NA,NA,NA,NA,NA,NA,NA,5
2/26/2026,01/01/2026,7,7,3.5,3.15,56,35,Jelly,0,Upper,NA,NA,NA,NA,NA,NA,NA,NA,NA,NA,NA,NA,NA,NA,NA,NA,NA,5
2/26/2026,12/31/2025,8,8,3.7,3.6,57,36,Accord,75,Lower,NA,NA,NA,NA,NA,NA,NA,NA,NA,NA,NA,NA,NA,NA,NA,NA,NA,4
2/26/2026,12/31/2025,8,8,3.7,3.6,57,36,Accord,75,Middle,NA,NA,NA,NA,NA,NA,NA,NA,NA,NA,NA,NA,NA,NA,NA,NA,NA,4
2/26/2026,12/31/2025,8,8,3.7,3.6,57,36,Accord,75,Upper,NA,NA,NA,NA,NA,NA,NA,NA,NA,NA,NA,NA,NA,NA,NA,NA,NA,4
2/27/2026,12/31/2025,1,1,0.35,0.45,58,1,Jelly,150,Lower,NA,NA,NA,NA,NA,NA,NA,NA,NA,NA,NA,NA,NA,NA,NA,NA,NA,4
2/27/2026,12/31/2025,1,1,0.35,0.45,58,1,Jelly,150,Middle,NA,NA,NA,NA,NA,NA,NA,NA,NA,NA,NA,NA,NA,NA,NA,NA,NA,4
2/27/2026,12/31/2025,1,1,0.35,0.45,58,1,Jelly,150,Upper,NA,NA,NA,NA,NA,NA,NA,NA,NA,NA,NA,NA,NA,NA,NA,NA,NA,4
2/27/2026,12/31/2025,1,2,0.5,0.9,58,2,Maris_Peer,0,Lower,NA,NA,NA,NA,NA,NA,NA,NA,NA,NA,NA,NA,NA,NA,NA,NA,NA,1
2/27/2026,12/31/2025,1,2,0.5,0.9,58,2,Maris_Peer,0,Middle,NA,NA,NA,NA,NA,NA,NA,NA,NA,NA,NA,NA,NA,NA,NA,NA,NA,1
2/27/2026,12/31/2025,1,2,0.5,0.9,58,2,Maris_Peer,0,Upper,NA,NA,NA,NA,NA,NA,NA,NA,NA,NA,NA,NA,NA,NA,NA,NA,NA,1
2/27/2026,12/31/2025,1,3,0.35,1.35,58,3,Maris_Peer,150,Lower,NA,NA,NA,NA,NA,NA,NA,NA,NA,NA,NA,NA,NA,NA,NA,NA,NA,1
2/27/2026,12/31/2025,1,3,0.35,1.35,58,3,Maris_Peer,150,Middle,NA,NA,NA,NA,NA,NA,NA,NA,NA,NA,NA,NA,NA,NA,NA,NA,NA,1
2/27/2026,12/31/2025,1,3,0.35,1.35,58,3,Maris_Peer,150,Upper,NA,NA,NA,NA,NA,NA,NA,NA,NA,NA,NA,NA,NA,NA,NA,NA,NA,1
2/27/2026,12/31/2025,1,4,0.5,1.8,58,4,Jelly,150,Lower,NA,NA,NA,NA,NA,NA,NA,NA,NA,NA,NA,NA,NA,NA,NA,NA,NA,6
2/27/2026,12/31/2025,1,4,0.5,1.8,58,4,Jelly,150,Middle,NA,NA,NA,NA,NA,NA,NA,NA,NA,NA,NA,NA,NA,NA,NA,NA,NA,6
2/27/2026,12/31/2025,1,4,0.5,1.8,58,4,Jelly,150,Upper,NA,NA,NA,NA,NA,NA,NA,NA,NA,NA,NA,NA,NA,NA,NA,NA,NA,6
2/27/2026,01/03/2026,1,5,0.35,2.25,55,5,Accord,0,Lower,NA,NA,NA,NA,NA,NA,NA,NA,NA,NA,NA,NA,NA,NA,NA,NA,NA,3
2/27/2026,01/03/2026,1,5,0.35,2.25,55,5,Accord,0,Middle,NA,NA,NA,NA,NA,NA,NA,NA,NA,NA,NA,NA,NA,NA,NA,NA,NA,3
2/27/2026,01/03/2026,1,5,0.35,2.25,55,5,Accord,0,Upper,NA,NA,NA,NA,NA,NA,NA,NA,NA,NA,NA,NA,NA,NA,NA,NA,NA,3
2/27/2026,01/02/2026,1,6,0.5,2.7,56,6,Jelly,150,Lower,NA,NA,NA,NA,NA,NA,NA,NA,NA,NA,NA,NA,NA,NA,NA,NA,NA,4
2/27/2026,01/02/2026,1,6,0.5,2.7,56,6,Jelly,150,Middle,NA,NA,NA,NA,NA,NA,NA,NA,NA,NA,NA,NA,NA,NA,NA,NA,NA,4
2/27/2026,01/02/2026,1,6,0.5,2.7,56,6,Jelly,150,Upper,NA,NA,NA,NA,NA,NA,NA,NA,NA,NA,NA,NA,NA,NA,NA,NA,NA,4
2/27/2026,01/01/2026,1,7,0.35,3.15,57,7,Accord,150,Lower,NA,NA,NA,NA,NA,NA,NA,NA,NA,NA,NA,NA,NA,NA,NA,NA,NA,5
2/27/2026,01/01/2026,1,7,0.35,3.15,57,7,Accord,150,Middle,NA,NA,NA,NA,NA,NA,NA,NA,NA,NA,NA,NA,NA,NA,NA,NA,NA,5
2/27/2026,01/01/2026,1,7,0.35,3.15,57,7,Accord,150,Upper,NA,NA,NA,NA,NA,NA,NA,NA,NA,NA,NA,NA,NA,NA,NA,NA,NA,5
2/27/2026,01/03/2026,1,8,0.5,3.6,55,8,Jelly,0,Lower,NA,NA,NA,NA,NA,NA,NA,NA,NA,NA,NA,NA,NA,NA,NA,NA,NA,4
2/27/2026,01/03/2026,1,8,0.5,3.6,55,8,Jelly,0,Middle,NA,NA,NA,NA,NA,NA,NA,NA,NA,NA,NA,NA,NA,NA,NA,NA,NA,4
2/27/2026,01/03/2026,1,8,0.5,3.6,55,8,Jelly,0,Upper,NA,NA,NA,NA,NA,NA,NA,NA,NA,NA,NA,NA,NA,NA,NA,NA,NA,4
2/27/2026,01/02/2026,2,1,1,0.45,56,9,Accord,150,Lower,NA,NA,NA,NA,NA,NA,NA,NA,NA,NA,NA,NA,NA,NA,NA,NA,NA,2
2/27/2026,01/02/2026,2,1,1,0.45,56,9,Accord,150,Middle,NA,NA,NA,NA,NA,NA,NA,NA,NA,NA,NA,NA,NA,NA,NA,NA,NA,2
2/27/2026,01/02/2026,2,1,1,0.45,56,9,Accord,150,Upper,NA,NA,NA,NA,NA,NA,NA,NA,NA,NA,NA,NA,NA,NA,NA,NA,NA,2
2/27/2026,01/02/2026,2,2,1,0.9,56,10,Maris_Peer,0,Lower,NA,NA,0.93,81.303,0.899,0.639,0.158,0.203,23.38,43.515,0.733,0.647,38.33,26.04,24.95,-1.09,NA,1
2/27/2026,01/02/2026,2,2,1,0.9,56,10,Maris_Peer,0,Middle,NA,NA,0.29,108.183,0.857,0.624,0.171,0.206,30.38,48.879,0.727,0.621,38.2,26.06,24.71,-1.35,NA,1
2/27/2026,01/02/2026,2,2,1,0.9,56,10,Maris_Peer,0,Upper,NA,NA,0.11,128.252,0.719,0.625,0.169,0.206,36.07,52.722,0.729,0.62,38.59,26.09,24.81,-1.28,NA,1
2/27/2026,01/01/2026,2,3,1,1.35,57,11,Accord,0,Lower,NA,NA,NA,NA,NA,NA,NA,NA,NA,NA,NA,NA,NA,NA,NA,NA,NA,4
2/27/2026,01/01/2026,2,3,1,1.35,57,11,Accord,0,Middle,NA,NA,NA,NA,NA,NA,NA,NA,NA,NA,NA,NA,NA,NA,NA,NA,NA,4
2/27/2026,01/01/2026,2,3,1,1.35,57,11,Accord,0,Upper,NA,NA,NA,NA,NA,NA,NA,NA,NA,NA,NA,NA,NA,NA,NA,NA,NA,4
2/27/2026,01/01/2026,2,4,1,1.8,57,12,Maris_Peer,0,Lower,NA,NA,NA,NA,NA,NA,NA,NA,NA,NA,NA,NA,NA,NA,NA,NA,NA,3
2/27/2026,01/01/2026,2,4,1,1.8,57,12,Maris_Peer,0,Middle,NA,NA,NA,NA,NA,NA,NA,NA,NA,NA,NA,NA,NA,NA,NA,NA,NA,3
2/27/2026,01/01/2026,2,4,1,1.8,57,12,Maris_Peer,0,Upper,NA,NA,NA,NA,NA,NA,NA,NA,NA,NA,NA,NA,NA,NA,NA,NA,NA,3
2/27/2026,01/04/2026,2,5,1,2.25,54,13,Maris_Peer,150,Lower,NA,NA,NA,NA,NA,NA,NA,NA,NA,NA,NA,NA,NA,NA,NA,NA,NA,1
2/27/2026,01/04/2026,2,5,1,2.25,54,13,Maris_Peer,150,Middle,NA,NA,NA,NA,NA,NA,NA,NA,NA,NA,NA,NA,NA,NA,NA,NA,NA,1
2/27/2026,01/04/2026,2,5,1,2.25,54,13,Maris_Peer,150,Upper,NA,NA,NA,NA,NA,NA,NA,NA,NA,NA,NA,NA,NA,NA,NA,NA,NA,1
2/27/2026,01/02/2026,3,1,1.6,0.45,56,14,Maris_Peer,150,Lower,NA,NA,0.25,82.89,0.738,0.547,0.192,0.261,20.4,32.842,0.737,0.43,50.91,18.83,18.05,-0.78,NA,1
2/27/2026,01/02/2026,3,1,1.6,0.45,56,14,Maris_Peer,150,Middle,NA,NA,0.37,110.636,0.88,0.565,0.204,0.231,28.13,31.035,0.722,0.5,52.59,19.04,18.25,-0.79,NA,1
2/27/2026,01/02/2026,3,1,1.6,0.45,56,14,Maris_Peer,150,Upper,NA,NA,0.29,135.706,0.878,0.579,0.197,0.224,35.36,38.443,0.722,0.529,53.54,19.26,18.59,-0.67,NA,1
2/27/2026,12/31/2025,3,2,1.6,0.9,58,15,Accord,150,Lower,NA,NA,0.28,37.908,0.992,0.548,0.225,0.227,9.35,24.512,0.71,0.496,56.54,19.31,19.95,0.64,NA,5
2/27/2026,12/31/2025,3,2,1.6,0.9,58,15,Accord,150,Middle,NA,NA,0.38,98.681,0.654,0.592,0.161,0.246,26.29,40.485,0.747,0.493,57.42,19.89,20.81,0.92,NA,5
2/27/2026,12/31/2025,3,2,1.6,0.9,58,15,Accord,150,Upper,NA,NA,0.5,190.782,0.632,0.586,0.16,0.254,50.31,39.532,0.749,0.473,58.6,20.32,21.85,1.53,NA,5
2/27/2026,12/31/2025,3,3,1.6,1.35,58,16,Jelly,0,Lower,NA,NA,0.6,13.762,1.366,0.513,0.281,0.206,3.18,31.528,0.673,0.51,57.8,20.97,21.81,0.84,NA,8
2/27/2026,12/31/2025,3,3,1.6,1.35,58,16,Jelly,0,Middle,NA,NA,0.59,74.209,0.701,0.604,0.163,0.233,20.17,54.219,0.742,0.532,56.93,21.47,22.53,1.06,NA,8
2/27/2026,12/31/2025,3,3,1.6,1.35,58,16,Jelly,0,Upper,NA,NA,0.43,234.724,0.845,0.559,0.202,0.239,59.04,52.276,0.726,0.48,56.67,21.9,22.87,0.97,NA,8
2/27/2026,01/02/2026,3,4,1.6,1.8,56,17,Maris_Peer,0,Lower,NA,NA,NA,NA,NA,NA,NA,NA,NA,NA,NA,NA,NA,NA,NA,NA,NA,1
2/27/2026,01/02/2026,3,4,1.6,1.8,56,17,Maris_Peer,0,Middle,NA,NA,NA,NA,NA,NA,NA,NA,NA,NA,NA,NA,NA,NA,NA,NA,NA,1
2/27/2026,01/02/2026,3,4,1.6,1.8,56,17,Maris_Peer,0,Upper,NA,NA,NA,NA,NA,NA,NA,NA,NA,NA,NA,NA,NA,NA,NA,NA,NA,1
2/27/2026,01/03/2026,3,5,1.6,2.25,55,18,Jelly,75,Lower,NA,NA,0.53,14.358,0.937,0.609,0.189,0.202,3.93,44.117,0.716,0.619,53.35,22.66,22.43,-0.23,NA,3
2/27/2026,01/03/2026,3,5,1.6,2.25,55,18,Jelly,75,Middle,NA,NA,0.53,30.389,0.904,0.613,0.184,0.203,8.38,41.76,0.719,0.618,52.22,23.23,23.11,-0.12,NA,3
2/27/2026,01/03/2026,3,5,1.6,2.25,55,18,Jelly,75,Upper,NA,NA,0.38,147.542,0.802,0.584,0.185,0.231,38.77,45.543,0.73,0.519,52.46,23.63,23.49,-0.14,NA,3
2/27/2026,01/01/2026,4,1,2.2,0.45,57,19,Accord,75,Lower,NA,NA,0.93,2.41,0.843,0.567,0.251,0.182,0.61,33.27,0.672,0.502,48.04,24.29,23.73,-0.56,NA,2
2/27/2026,01/01/2026,4,1,2.2,0.45,57,19,Accord,75,Middle,NA,NA,0.53,177.891,1.378,0.57,0.196,0.233,45.63,35.773,0.726,0.502,48.97,24.73,23.53,-1.2,NA,2
2/27/2026,01/01/2026,4,1,2.2,0.45,57,19,Accord,75,Upper,NA,NA,0.26,218.689,0.825,0.569,0.195,0.236,56,36.69,0.728,0.494,47.31,25.27,23.73,-1.54,NA,2
2/27/2026,01/01/2026,4,2,2.2,0.9,57,20,Accord,75,Lower,NA,NA,0.71,11.848,1.013,0.61,0.196,0.194,3.25,36.678,0.708,0.644,44.71,25.65,23.99,-1.66,NA,4
2/27/2026,01/01/2026,4,2,2.2,0.9,57,20,Accord,75,Middle,NA,NA,0.75,29.607,0.795,0.598,0.178,0.224,7.97,39.784,0.731,0.547,44.39,25.8,23.85,-1.95,NA,4
2/27/2026,01/01/2026,4,2,2.2,0.9,57,20,Accord,75,Upper,NA,NA,0.38,209.19,0.864,0.525,0.22,0.255,49.42,38.268,0.724,0.422,46.15,26.21,23.81,-2.4,NA,4
2/27/2026,01/04/2026,4,3,2.2,1.35,54,21,Jelly,75,Lower,NA,NA,0.34,11.145,1.1,0.588,0.216,0.196,2.95,37.142,0.699,0.614,41.75,26.37,23.95,-2.42,NA,3
2/27/2026,01/04/2026,4,3,2.2,1.35,54,21,Jelly,75,Middle,NA,NA,0.85,28.448,0.73,0.581,0.177,0.242,7.44,51.012,0.738,0.492,41.77,26.42,24.19,-2.23,NA,3
2/27/2026,01/04/2026,4,3,2.2,1.35,54,21,Jelly,75,Upper,NA,NA,0.62,260.074,1.17,0.541,0.248,0.212,63.32,37.679,0.692,0.523,41.71,26.59,24.09,-2.5,NA,3
2/27/2026,12/31/2025,4,4,2.2,1.8,58,22,Maris_Peer,150,Lower,NA,NA,NA,NA,NA,NA,NA,NA,NA,NA,NA,NA,NA,NA,NA,NA,NA,1
2/27/2026,12/31/2025,4,4,2.2,1.8,58,22,Maris_Peer,150,Middle,NA,NA,NA,NA,NA,NA,NA,NA,NA,NA,NA,NA,NA,NA,NA,NA,NA,1
2/27/2026,12/31/2025,4,4,2.2,1.8,58,22,Maris_Peer,150,Upper,NA,NA,NA,NA,NA,NA,NA,NA,NA,NA,NA,NA,NA,NA,NA,NA,NA,1
2/27/2026,01/02/2026,4,5,2.2,2.25,56,23,Maris_Peer,75,Lower,NA,NA,NA,NA,NA,NA,NA,NA,NA,NA,NA,NA,NA,NA,NA,NA,NA,1
2/27/2026,01/02/2026,4,5,2.2,2.25,56,23,Maris_Peer,75,Middle,NA,NA,NA,NA,NA,NA,NA,NA,NA,NA,NA,NA,NA,NA,NA,NA,NA,1
2/27/2026,01/02/2026,4,5,2.2,2.25,56,23,Maris_Peer,75,Upper,NA,NA,NA,NA,NA,NA,NA,NA,NA,NA,NA,NA,NA,NA,NA,NA,NA,1
2/27/2026,01/04/2026,5,1,2.8,0.45,54,24,Maris_Peer,75,Lower,NA,NA,NA,NA,NA,NA,NA,NA,NA,NA,NA,NA,NA,NA,NA,NA,NA,1
2/27/2026,01/04/2026,5,1,2.8,0.45,54,24,Maris_Peer,75,Middle,NA,NA,NA,NA,NA,NA,NA,NA,NA,NA,NA,NA,NA,NA,NA,NA,NA,1
2/27/2026,01/04/2026,5,1,2.8,0.45,54,24,Maris_Peer,75,Upper,NA,NA,NA,NA,NA,NA,NA,NA,NA,NA,NA,NA,NA,NA,NA,NA,NA,1
2/27/2026,01/01/2026,5,2,2.8,0.9,57,25,Jelly,75,Lower,NA,NA,NA,NA,NA,NA,NA,NA,NA,NA,NA,NA,NA,NA,NA,NA,NA,3
2/27/2026,01/01/2026,5,2,2.8,0.9,57,25,Jelly,75,Middle,NA,NA,NA,NA,NA,NA,NA,NA,NA,NA,NA,NA,NA,NA,NA,NA,NA,3
2/27/2026,01/01/2026,5,2,2.8,0.9,57,25,Jelly,75,Upper,NA,NA,NA,NA,NA,NA,NA,NA,NA,NA,NA,NA,NA,NA,NA,NA,NA,3
2/27/2026,01/01/2026,5,3,2.8,1.35,57,26,Jelly,0,Lower,NA,NA,0.45,57.497,1.104,0.551,0.236,0.214,14.26,41.113,0.699,0.528,39.46,26.71,23.89,-2.82,NA,3
2/27/2026,01/01/2026,5,3,2.8,1.35,57,26,Jelly,0,Middle,NA,NA,0.27,147.732,0.781,0.58,0.184,0.236,38.56,45.863,0.733,0.504,39.4,26.84,24.23,-2.61,NA,3
2/27/2026,01/01/2026,5,3,2.8,1.35,57,26,Jelly,0,Upper,NA,NA,0.5,220.264,0.957,0.566,0.212,0.222,56.1,45.988,0.714,0.523,40.49,27.03,24.19,-2.84,NA,3
2/27/2026,01/01/2026,5,4,2.8,1.8,57,27,Jelly,75,Lower,NA,NA,0.54,71.208,0.944,0.583,0.203,0.215,18.68,46.18,0.715,0.557,39.76,27.07,24.37,-2.7,NA,4
2/27/2026,01/01/2026,5,4,2.8,1.8,57,27,Jelly,75,Middle,NA,NA,0.39,44.452,1.083,0.569,0.224,0.207,11.38,52.989,0.701,0.563,37.93,27.1,24.37,-2.73,NA,4
2/27/2026,01/01/2026,5,4,2.8,1.8,57,27,Jelly,75,Upper,NA,NA,0.45,324.276,1.204,0.5,0.273,0.227,72.96,50.987,0.689,0.451,39.5,27,24.75,-2.25,NA,4
2/27/2026,01/02/2026,5,5,2.8,2.25,56,28,Jelly,150,Lower,NA,NA,0.35,34.242,0.908,0.611,0.185,0.204,9.41,40.549,0.719,0.615,39.24,27.35,24.71,-2.64,NA,4
2/27/2026,01/02/2026,5,5,2.8,2.25,56,28,Jelly,150,Middle,NA,NA,0.23,71.27,0.838,0.606,0.179,0.214,19.44,47.323,0.726,0.58,40.93,27.63,24.99,-2.64,NA,4
2/27/2026,01/02/2026,5,5,2.8,2.25,56,28,Jelly,150,Upper,NA,NA,0.09,139.089,0.797,0.58,0.186,0.234,36.3,44.472,0.731,0.509,40.59,27.86,24.91,-2.95,NA,4
2/27/2026,12/31/2025,6,1,3.5,0.45,58,29,Accord,0,Lower,NA,NA,0.85,15.216,1.051,0.606,0.202,0.192,4.15,34.417,0.704,0.648,46.67,20.33,19.75,-0.58,NA,4
2/27/2026,12/31/2025,6,1,3.5,0.45,58,29,Accord,0,Middle,NA,NA,0.59,18.836,0.839,0.624,0.172,0.205,5.29,34.197,0.726,0.625,47.34,20.57,20.35,-0.22,NA,4
2/27/2026,12/31/2025,6,1,3.5,0.45,58,29,Accord,0,Upper,NA,NA,0.36,119.214,0.759,0.599,0.173,0.228,32.13,40.085,0.735,0.537,48.35,21.01,21.05,0.04,NA,4
2/27/2026,12/31/2025,6,2,3.7,0.9,58,30,Accord,150,Lower,NA,NA,0.25,22.494,0.95,0.624,0.183,0.193,6.32,32.771,0.715,0.662,48.61,21.51,21.81,0.3,NA,4
2/27/2026,12/31/2025,6,2,3.7,0.9,58,30,Accord,150,Middle,NA,NA,1.11,75.106,0.802,0.595,0.18,0.225,20.11,37.266,0.73,0.543,48.55,21.83,21.75,-0.08,NA,4
2/27/2026,12/31/2025,6,2,3.7,0.9,58,30,Accord,150,Upper,NA,NA,0.22,157.489,0.954,0.587,0.202,0.211,41.6,38.024,0.714,0.57,48.93,22.17,22.63,0.46,NA,4
2/27/2026,12/31/2025,6,3,3.5,1.35,58,31,Accord,0,Lower,NA,NA,0.4,32.728,0.911,0.617,0.183,0.201,9.09,31.712,0.719,0.63,49.13,22.89,22.57,-0.32,NA,4
2/27/2026,12/31/2025,6,3,3.5,1.35,58,31,Accord,0,Middle,NA,NA,0.23,153.601,2.116,0.373,0.426,0.201,25.78,42.002,0.61,0.38,49.34,23.27,23.95,0.68,NA,4
2/27/2026,12/31/2025,6,3,3.5,1.35,58,31,Accord,0,Upper,NA,NA,0.74,172.68,0.828,0.596,0.183,0.221,46.31,44.32,0.727,0.553,50.61,23.58,22.87,-0.71,NA,4
2/27/2026,12/30/2025,6,4,3.7,1.8,59,32,Accord,75,Lower,NA,NA,0.85,41.311,0.926,0.636,0.175,0.189,11.82,33.039,0.717,0.688,52.19,24.19,23.39,-0.8,NA,4
2/27/2026,12/30/2025,6,4,3.7,1.8,59,32,Accord,75,Middle,NA,NA,0.52,141.736,0.859,0.601,0.185,0.215,38.33,41.698,0.724,0.573,50.39,24.47,23.43,-1.04,NA,4
2/27/2026,12/30/2025,6,4,3.7,1.8,59,32,Accord,75,Upper,NA,NA,0.76,195.617,0.876,0.598,0.187,0.214,52.64,44.837,0.722,0.573,48.33,24.73,23.43,-1.3,NA,4
2/27/2026,01/01/2026,6,5,3.5,2.25,57,33,Maris_Peer,75,Lower,NA,NA,NA,NA,NA,NA,NA,NA,NA,NA,NA,NA,NA,NA,NA,NA,NA,1
2/27/2026,01/01/2026,6,5,3.5,2.25,57,33,Maris_Peer,75,Middle,NA,NA,NA,NA,NA,NA,NA,NA,NA,NA,NA,NA,NA,NA,NA,NA,NA,1
2/27/2026,01/01/2026,6,5,3.5,2.25,57,33,Maris_Peer,75,Upper,NA,NA,NA,NA,NA,NA,NA,NA,NA,NA,NA,NA,NA,NA,NA,NA,NA,1
2/27/2026,01/05/2026,6,6,3.7,2.7,53,34,Maris_Peer,75,Lower,NA,NA,NA,NA,NA,NA,NA,NA,NA,NA,NA,NA,NA,NA,NA,NA,NA,1
2/27/2026,01/05/2026,6,6,3.7,2.7,53,34,Maris_Peer,75,Middle,NA,NA,NA,NA,NA,NA,NA,NA,NA,NA,NA,NA,NA,NA,NA,NA,NA,1
2/27/2026,01/05/2026,6,6,3.7,2.7,53,34,Maris_Peer,75,Upper,NA,NA,NA,NA,NA,NA,NA,NA,NA,NA,NA,NA,NA,NA,NA,NA,NA,1
2/27/2026,01/01/2026,6,7,3.5,3.15,57,35,Jelly,0,Lower,NA,NA,0.51,58.436,0.853,0.604,0.182,0.214,15.88,45.417,0.725,0.579,46.33,24.95,23.39,-1.56,NA,5
2/27/2026,01/01/2026,6,7,3.5,3.15,57,35,Jelly,0,Middle,NA,NA,0.93,58.491,0.826,0.622,0.171,0.207,16.37,57.057,0.728,0.616,47.89,25.06,24.09,-0.97,NA,5
2/27/2026,01/01/2026,6,7,3.5,3.15,57,35,Jelly,0,Upper,NA,NA,0.25,135.34,0.883,0.599,0.188,0.213,36.48,49.877,0.722,0.577,47.85,25.29,23.95,-1.34,NA,5
2/27/2026,12/31/2025,6,8,3.7,3.6,58,36,Accord,75,Lower,NA,NA,0.37,20.751,0.849,0.656,0.158,0.186,6.13,32.992,0.725,0.723,47.45,25.55,23.63,-1.92,NA,4
2/27/2026,12/31/2025,6,8,3.7,3.6,58,36,Accord,75,Middle,NA,NA,0.27,85.501,0.755,0.623,0.162,0.215,23.97,41.867,0.736,0.595,45.5,25.74,23.89,-1.85,NA,4
2/27/2026,12/31/2025,6,8,3.7,3.6,58,36,Accord,75,Upper,NA,NA,0.74,126.956,0.814,0.597,0.181,0.222,34.11,38.639,0.729,0.55,45.13,25.74,24.03,-1.71,NA,4
03/03/2026,12/31/2025,1,1,0.35,0.45,62,1,Jelly,150,Lower,NA,NA,NA,NA,NA,NA,NA,NA,NA,NA,NA,NA,NA,NA,NA,NA,4.2809,4
03/03/2026,12/31/2025,1,1,0.35,0.45,62,1,Jelly,150,Middle,NA,NA,NA,NA,NA,NA,NA,NA,NA,NA,NA,NA,NA,NA,NA,NA,4.2809,4
03/03/2026,12/31/2025,1,1,0.35,0.45,62,1,Jelly,150,Upper,NA,NA,NA,NA,NA,NA,NA,NA,NA,NA,NA,NA,NA,NA,NA,NA,4.2809,4
03/03/2026,12/31/2025,2,2,0.5,0.9,62,2,Maris_Peer,0,Lower,NA,NA,NA,NA,NA,NA,NA,NA,NA,NA,NA,NA,NA,NA,NA,NA,4.9335,1
03/03/2026,12/31/2025,2,2,0.5,0.9,62,2,Maris_Peer,0,Middle,NA,NA,NA,NA,NA,NA,NA,NA,NA,NA,NA,NA,NA,NA,NA,NA,4.9335,1
03/03/2026,12/31/2025,2,2,0.5,0.9,62,2,Maris_Peer,0,Upper,NA,NA,NA,NA,NA,NA,NA,NA,NA,NA,NA,NA,NA,NA,NA,NA,4.9335,1
03/03/2026,12/31/2025,3,3,0.35,1.35,62,3,Maris_Peer,150,Lower,NA,NA,NA,NA,NA,NA,NA,NA,NA,NA,NA,NA,NA,NA,NA,NA,4.9037,1
03/03/2026,12/31/2025,3,3,0.35,1.35,62,3,Maris_Peer,150,Middle,NA,NA,NA,NA,NA,NA,NA,NA,NA,NA,NA,NA,NA,NA,NA,NA,4.9037,1
03/03/2026,12/31/2025,3,3,0.35,1.35,62,3,Maris_Peer,150,Upper,NA,NA,NA,NA,NA,NA,NA,NA,NA,NA,NA,NA,NA,NA,NA,NA,4.9037,1
03/03/2026,12/31/2025,4,4,0.5,1.8,62,4,Jelly,150,Lower,NA,NA,NA,NA,NA,NA,NA,NA,NA,NA,NA,NA,NA,NA,NA,NA,4.2809,6
03/03/2026,12/31/2025,4,4,0.5,1.8,62,4,Jelly,150,Middle,NA,NA,NA,NA,NA,NA,NA,NA,NA,NA,NA,NA,NA,NA,NA,NA,4.2809,6
03/03/2026,12/31/2025,4,4,0.5,1.8,62,4,Jelly,150,Upper,NA,NA,NA,NA,NA,NA,NA,NA,NA,NA,NA,NA,NA,NA,NA,NA,4.2809,6
03/03/2026,01/03/2026,5,5,0.35,2.25,59,5,Accord,0,Lower,NA,NA,NA,NA,NA,NA,NA,NA,NA,NA,NA,NA,NA,NA,NA,NA,4.7551,3
03/03/2026,01/03/2026,5,5,0.35,2.25,59,5,Accord,0,Middle,NA,NA,NA,NA,NA,NA,NA,NA,NA,NA,NA,NA,NA,NA,NA,NA,4.7551,3
03/03/2026,01/03/2026,5,5,0.35,2.25,59,5,Accord,0,Upper,NA,NA,NA,NA,NA,NA,NA,NA,NA,NA,NA,NA,NA,NA,NA,NA,4.7551,3
03/03/2026,01/02/2026,6,6,0.5,2.7,60,6,Jelly,150,Lower,NA,NA,NA,NA,NA,NA,NA,NA,NA,NA,NA,NA,NA,NA,NA,NA,4.2809,4
03/03/2026,01/02/2026,6,6,0.5,2.7,60,6,Jelly,150,Middle,NA,NA,NA,NA,NA,NA,NA,NA,NA,NA,NA,NA,NA,NA,NA,NA,4.2809,4
03/03/2026,01/02/2026,6,6,0.5,2.7,60,6,Jelly,150,Upper,NA,NA,NA,NA,NA,NA,NA,NA,NA,NA,NA,NA,NA,NA,NA,NA,4.2809,4
03/03/2026,01/01/2026,7,7,0.35,3.15,61,7,Accord,150,Lower,NA,NA,NA,NA,NA,NA,NA,NA,NA,NA,NA,NA,NA,NA,NA,NA,4.8885,5
03/03/2026,01/01/2026,7,7,0.35,3.15,61,7,Accord,150,Middle,NA,NA,NA,NA,NA,NA,NA,NA,NA,NA,NA,NA,NA,NA,NA,NA,4.8885,5
03/03/2026,01/01/2026,7,7,0.35,3.15,61,7,Accord,150,Upper,NA,NA,NA,NA,NA,NA,NA,NA,NA,NA,NA,NA,NA,NA,NA,NA,4.8885,5
03/03/2026,01/03/2026,8,8,0.5,3.6,59,8,Jelly,0,Lower,NA,NA,NA,NA,NA,NA,NA,NA,NA,NA,NA,NA,NA,NA,NA,NA,4.7628,4
03/03/2026,01/03/2026,8,8,0.5,3.6,59,8,Jelly,0,Middle,NA,NA,NA,NA,NA,NA,NA,NA,NA,NA,NA,NA,NA,NA,NA,NA,4.7628,4
03/03/2026,01/03/2026,8,8,0.5,3.6,59,8,Jelly,0,Upper,NA,NA,NA,NA,NA,NA,NA,NA,NA,NA,NA,NA,NA,NA,NA,NA,4.7628,4
03/03/2026,01/02/2026,1,1,1,0.45,60,9,Accord,150,Lower,NA,NA,NA,NA,NA,NA,NA,NA,NA,NA,NA,NA,NA,NA,NA,NA,4.8885,2
03/03/2026,01/02/2026,1,1,1,0.45,60,9,Accord,150,Middle,NA,NA,NA,NA,NA,NA,NA,NA,NA,NA,NA,NA,NA,NA,NA,NA,4.8885,2
03/03/2026,01/02/2026,1,1,1,0.45,60,9,Accord,150,Upper,NA,NA,NA,NA,NA,NA,NA,NA,NA,NA,NA,NA,NA,NA,NA,NA,4.8885,2
03/03/2026,01/02/2026,2,2,1,0.9,60,10,Maris_Peer,0,Lower,NA,NA,NA,NA,NA,NA,NA,NA,NA,NA,NA,NA,NA,NA,NA,NA,4.9335,1
03/03/2026,01/02/2026,2,2,1,0.9,60,10,Maris_Peer,0,Middle,NA,NA,NA,NA,NA,NA,NA,NA,NA,NA,NA,NA,NA,NA,NA,NA,4.9335,1
03/03/2026,01/02/2026,2,2,1,0.9,60,10,Maris_Peer,0,Upper,NA,NA,NA,NA,NA,NA,NA,NA,NA,NA,NA,NA,NA,NA,NA,NA,4.9335,1
03/03/2026,01/01/2026,3,3,1,1.35,61,11,Accord,0,Lower,NA,NA,NA,NA,NA,NA,NA,NA,NA,NA,NA,NA,NA,NA,NA,NA,4.7551,4
03/03/2026,01/01/2026,3,3,1,1.35,61,11,Accord,0,Middle,NA,NA,NA,NA,NA,NA,NA,NA,NA,NA,NA,NA,NA,NA,NA,NA,4.7551,4
03/03/2026,01/01/2026,3,3,1,1.35,61,11,Accord,0,Upper,NA,NA,NA,NA,NA,NA,NA,NA,NA,NA,NA,NA,NA,NA,NA,NA,4.7551,4
03/03/2026,01/01/2026,4,4,1,1.8,61,12,Maris_Peer,0,Lower,NA,NA,NA,NA,NA,NA,NA,NA,NA,NA,NA,NA,NA,NA,NA,NA,4.9335,3
03/03/2026,01/01/2026,4,4,1,1.8,61,12,Maris_Peer,0,Middle,NA,NA,NA,NA,NA,NA,NA,NA,NA,NA,NA,NA,NA,NA,NA,NA,4.9335,3
03/03/2026,01/01/2026,4,4,1,1.8,61,12,Maris_Peer,0,Upper,NA,NA,NA,NA,NA,NA,NA,NA,NA,NA,NA,NA,NA,NA,NA,NA,4.9335,3
03/03/2026,01/04/2026,5,5,1,2.25,58,13,Maris_Peer,150,Lower,NA,NA,NA,NA,NA,NA,NA,NA,NA,NA,NA,NA,NA,NA,NA,NA,4.9037,1
03/03/2026,01/04/2026,5,5,1,2.25,58,13,Maris_Peer,150,Middle,NA,NA,NA,NA,NA,NA,NA,NA,NA,NA,NA,NA,NA,NA,NA,NA,4.9037,1
03/03/2026,01/04/2026,5,5,1,2.25,58,13,Maris_Peer,150,Upper,NA,NA,NA,NA,NA,NA,NA,NA,NA,NA,NA,NA,NA,NA,NA,NA,4.9037,1
03/03/2026,01/02/2026,1,1,1.6,0.45,60,14,Maris_Peer,150,Lower,NA,NA,NA,NA,NA,NA,NA,NA,NA,NA,NA,NA,NA,NA,NA,NA,4.9037,1
03/03/2026,01/02/2026,1,1,1.6,0.45,60,14,Maris_Peer,150,Middle,NA,NA,NA,NA,NA,NA,NA,NA,NA,NA,NA,NA,NA,NA,NA,NA,4.9037,1
03/03/2026,01/02/2026,1,1,1.6,0.45,60,14,Maris_Peer,150,Upper,NA,NA,NA,NA,NA,NA,NA,NA,NA,NA,NA,NA,NA,NA,NA,NA,4.9037,1
03/03/2026,12/31/2025,2,2,1.6,0.9,62,15,Accord,150,Lower,NA,NA,NA,NA,NA,NA,NA,NA,NA,NA,NA,NA,NA,NA,NA,NA,4.8885,5
03/03/2026,12/31/2025,2,2,1.6,0.9,62,15,Accord,150,Middle,NA,NA,NA,NA,NA,NA,NA,NA,NA,NA,NA,NA,NA,NA,NA,NA,4.8885,5
03/03/2026,12/31/2025,2,2,1.6,0.9,62,15,Accord,150,Upper,NA,NA,NA,NA,NA,NA,NA,NA,NA,NA,NA,NA,NA,NA,NA,NA,4.8885,5
03/03/2026,12/31/2025,3,3,1.6,1.35,62,16,Jelly,0,Lower,NA,NA,NA,NA,NA,NA,NA,NA,NA,NA,NA,NA,NA,NA,NA,NA,4.7628,8
03/03/2026,12/31/2025,3,3,1.6,1.35,62,16,Jelly,0,Middle,NA,NA,NA,NA,NA,NA,NA,NA,NA,NA,NA,NA,NA,NA,NA,NA,4.7628,8
03/03/2026,12/31/2025,3,3,1.6,1.35,62,16,Jelly,0,Upper,NA,NA,NA,NA,NA,NA,NA,NA,NA,NA,NA,NA,NA,NA,NA,NA,4.7628,8
03/03/2026,01/02/2026,4,4,1.6,1.8,60,17,Maris_Peer,0,Lower,NA,NA,NA,NA,NA,NA,NA,NA,NA,NA,NA,NA,NA,NA,NA,NA,4.9335,1
03/03/2026,01/02/2026,4,4,1.6,1.8,60,17,Maris_Peer,0,Middle,NA,NA,NA,NA,NA,NA,NA,NA,NA,NA,NA,NA,NA,NA,NA,NA,4.9335,1
03/03/2026,01/02/2026,4,4,1.6,1.8,60,17,Maris_Peer,0,Upper,NA,NA,NA,NA,NA,NA,NA,NA,NA,NA,NA,NA,NA,NA,NA,NA,4.9335,1
03/03/2026,01/03/2026,5,5,1.6,2.25,59,18,Jelly,75,Lower,NA,NA,NA,NA,NA,NA,NA,NA,NA,NA,NA,NA,NA,NA,NA,NA,5.498,3
03/03/2026,01/03/2026,5,5,1.6,2.25,59,18,Jelly,75,Middle,NA,NA,NA,NA,NA,NA,NA,NA,NA,NA,NA,NA,NA,NA,NA,NA,5.498,3
03/03/2026,01/03/2026,5,5,1.6,2.25,59,18,Jelly,75,Upper,NA,NA,NA,NA,NA,NA,NA,NA,NA,NA,NA,NA,NA,NA,NA,NA,5.498,3
03/03/2026,01/01/2026,1,1,2.2,0.45,61,19,Accord,75,Lower,NA,NA,NA,NA,NA,NA,NA,NA,NA,NA,NA,NA,NA,NA,NA,NA,5.3975,2
03/03/2026,01/01/2026,1,1,2.2,0.45,61,19,Accord,75,Middle,NA,NA,NA,NA,NA,NA,NA,NA,NA,NA,NA,NA,NA,NA,NA,NA,5.3975,2
03/03/2026,01/01/2026,1,1,2.2,0.45,61,19,Accord,75,Upper,NA,NA,NA,NA,NA,NA,NA,NA,NA,NA,NA,NA,NA,NA,NA,NA,5.3975,2
03/03/2026,01/01/2026,2,2,2.2,0.9,61,20,Accord,75,Lower,NA,NA,NA,NA,NA,NA,NA,NA,NA,NA,NA,NA,NA,NA,NA,NA,5.3975,4
03/03/2026,01/01/2026,2,2,2.2,0.9,61,20,Accord,75,Middle,NA,NA,NA,NA,NA,NA,NA,NA,NA,NA,NA,NA,NA,NA,NA,NA,5.3975,4
03/03/2026,01/01/2026,2,2,2.2,0.9,61,20,Accord,75,Upper,NA,NA,NA,NA,NA,NA,NA,NA,NA,NA,NA,NA,NA,NA,NA,NA,5.3975,4
03/03/2026,01/04/2026,3,3,2.2,1.35,58,21,Jelly,75,Lower,NA,NA,NA,NA,NA,NA,NA,NA,NA,NA,NA,NA,NA,NA,NA,NA,5.498,3
03/03/2026,01/04/2026,3,3,2.2,1.35,58,21,Jelly,75,Middle,NA,NA,NA,NA,NA,NA,NA,NA,NA,NA,NA,NA,NA,NA,NA,NA,5.498,3
03/03/2026,01/04/2026,3,3,2.2,1.35,58,21,Jelly,75,Upper,NA,NA,NA,NA,NA,NA,NA,NA,NA,NA,NA,NA,NA,NA,NA,NA,5.498,3
03/03/2026,12/31/2025,4,4,2.2,1.8,62,22,Maris_Peer,150,Lower,NA,NA,NA,NA,NA,NA,NA,NA,NA,NA,NA,NA,NA,NA,NA,NA,4.9037,1
03/03/2026,12/31/2025,4,4,2.2,1.8,62,22,Maris_Peer,150,Middle,NA,NA,NA,NA,NA,NA,NA,NA,NA,NA,NA,NA,NA,NA,NA,NA,4.9037,1
03/03/2026,12/31/2025,4,4,2.2,1.8,62,22,Maris_Peer,150,Upper,NA,NA,NA,NA,NA,NA,NA,NA,NA,NA,NA,NA,NA,NA,NA,NA,4.9037,1
03/03/2026,01/02/2026,5,5,2.2,2.25,60,23,Maris_Peer,75,Lower,NA,NA,NA,NA,NA,NA,NA,NA,NA,NA,NA,NA,NA,NA,NA,NA,4.0111,1
03/03/2026,01/02/2026,5,5,2.2,2.25,60,23,Maris_Peer,75,Middle,NA,NA,NA,NA,NA,NA,NA,NA,NA,NA,NA,NA,NA,NA,NA,NA,4.011,1
03/03/2026,01/02/2026,5,5,2.2,2.25,60,23,Maris_Peer,75,Upper,NA,NA,NA,NA,NA,NA,NA,NA,NA,NA,NA,NA,NA,NA,NA,NA,4.011,1
03/03/2026,01/04/2026,1,1,2.8,0.45,58,24,Maris_Peer,75,Lower,NA,NA,NA,NA,NA,NA,NA,NA,NA,NA,NA,NA,NA,NA,NA,NA,4.011,1
03/03/2026,01/04/2026,1,1,2.8,0.45,58,24,Maris_Peer,75,Middle,NA,NA,NA,NA,NA,NA,NA,NA,NA,NA,NA,NA,NA,NA,NA,NA,4.011,1
03/03/2026,01/04/2026,1,1,2.8,0.45,58,24,Maris_Peer,75,Upper,NA,NA,NA,NA,NA,NA,NA,NA,NA,NA,NA,NA,NA,NA,NA,NA,4.011,1
03/03/2026,01/01/2026,2,2,2.8,0.9,61,25,Jelly,75,Lower,NA,NA,NA,NA,NA,NA,NA,NA,NA,NA,NA,NA,NA,NA,NA,NA,5.498,3
03/03/2026,01/01/2026,2,2,2.8,0.9,61,25,Jelly,75,Middle,NA,NA,NA,NA,NA,NA,NA,NA,NA,NA,NA,NA,NA,NA,NA,NA,5.498,3
03/03/2026,01/01/2026,2,2,2.8,0.9,61,25,Jelly,75,Upper,NA,NA,NA,NA,NA,NA,NA,NA,NA,NA,NA,NA,NA,NA,NA,NA,5.498,3
03/03/2026,01/01/2026,3,3,2.8,1.35,61,26,Jelly,0,Lower,NA,NA,NA,NA,NA,NA,NA,NA,NA,NA,NA,NA,NA,NA,NA,NA,4.7628,3
03/03/2026,01/01/2026,3,3,2.8,1.35,61,26,Jelly,0,Middle,NA,NA,NA,NA,NA,NA,NA,NA,NA,NA,NA,NA,NA,NA,NA,NA,4.7628,3
03/03/2026,01/01/2026,3,3,2.8,1.35,61,26,Jelly,0,Upper,NA,NA,NA,NA,NA,NA,NA,NA,NA,NA,NA,NA,NA,NA,NA,NA,4.7628,3
03/03/2026,01/01/2026,4,4,2.8,1.8,61,27,Jelly,75,Lower,NA,NA,NA,NA,NA,NA,NA,NA,NA,NA,NA,NA,NA,NA,NA,NA,5.498,4
03/03/2026,01/01/2026,4,4,2.8,1.8,61,27,Jelly,75,Middle,NA,NA,NA,NA,NA,NA,NA,NA,NA,NA,NA,NA,NA,NA,NA,NA,5.498,4
03/03/2026,01/01/2026,4,4,2.8,1.8,61,27,Jelly,75,Upper,NA,NA,NA,NA,NA,NA,NA,NA,NA,NA,NA,NA,NA,NA,NA,NA,5.498,4
03/03/2026,01/02/2026,5,5,2.8,2.25,60,28,Jelly,150,Lower,NA,NA,NA,NA,NA,NA,NA,NA,NA,NA,NA,NA,NA,NA,NA,NA,4.2809,4
03/03/2026,01/02/2026,5,5,2.8,2.25,60,28,Jelly,150,Middle,NA,NA,NA,NA,NA,NA,NA,NA,NA,NA,NA,NA,NA,NA,NA,NA,4.2809,4
03/03/2026,01/02/2026,5,5,2.8,2.25,60,28,Jelly,150,Upper,NA,NA,NA,NA,NA,NA,NA,NA,NA,NA,NA,NA,NA,NA,NA,NA,4.2809,4
03/03/2026,12/31/2025,1,1,3.5,0.45,62,29,Accord,0,Lower,NA,NA,NA,NA,NA,NA,NA,NA,NA,NA,NA,NA,NA,NA,NA,NA,4.7551,4
03/03/2026,12/31/2025,1,1,3.5,0.45,62,29,Accord,0,Middle,NA,NA,NA,NA,NA,NA,NA,NA,NA,NA,NA,NA,NA,NA,NA,NA,4.7551,4
03/03/2026,12/31/2025,1,1,3.5,0.45,62,29,Accord,0,Upper,NA,NA,NA,NA,NA,NA,NA,NA,NA,NA,NA,NA,NA,NA,NA,NA,4.7551,4
03/03/2026,12/31/2025,2,2,3.7,0.9,62,30,Accord,150,Lower,NA,NA,NA,NA,NA,NA,NA,NA,NA,NA,NA,NA,NA,NA,NA,NA,4.8885,4
03/03/2026,12/31/2025,2,2,3.7,0.9,62,30,Accord,150,Middle,NA,NA,NA,NA,NA,NA,NA,NA,NA,NA,NA,NA,NA,NA,NA,NA,4.8885,4
03/03/2026,12/31/2025,2,2,3.7,0.9,62,30,Accord,150,Upper,NA,NA,NA,NA,NA,NA,NA,NA,NA,NA,NA,NA,NA,NA,NA,NA,4.8885,4
03/03/2026,12/31/2025,3,3,3.5,1.35,62,31,Accord,0,Lower,NA,NA,NA,NA,NA,NA,NA,NA,NA,NA,NA,NA,NA,NA,NA,NA,4.7551,4
03/03/2026,12/31/2025,3,3,3.5,1.35,62,31,Accord,0,Middle,NA,NA,NA,NA,NA,NA,NA,NA,NA,NA,NA,NA,NA,NA,NA,NA,4.7551,4
03/03/2026,12/31/2025,3,3,3.5,1.35,62,31,Accord,0,Upper,NA,NA,NA,NA,NA,NA,NA,NA,NA,NA,NA,NA,NA,NA,NA,NA,4.7551,4
03/03/2026,12/30/2025,4,4,3.7,1.8,63,32,Accord,75,Lower,NA,NA,NA,NA,NA,NA,NA,NA,NA,NA,NA,NA,NA,NA,NA,NA,5.3975,4
03/03/2026,12/30/2025,4,4,3.7,1.8,63,32,Accord,75,Middle,NA,NA,NA,NA,NA,NA,NA,NA,NA,NA,NA,NA,NA,NA,NA,NA,5.3975,4
03/03/2026,12/30/2025,4,4,3.7,1.8,63,32,Accord,75,Upper,NA,NA,NA,NA,NA,NA,NA,NA,NA,NA,NA,NA,NA,NA,NA,NA,5.3975,4
03/03/2026,01/01/2026,5,5,3.5,2.25,61,33,Maris_Peer,75,Lower,NA,NA,NA,NA,NA,NA,NA,NA,NA,NA,NA,NA,NA,NA,NA,NA,4.0111,1
03/03/2026,01/01/2026,5,5,3.5,2.25,61,33,Maris_Peer,75,Middle,NA,NA,NA,NA,NA,NA,NA,NA,NA,NA,NA,NA,NA,NA,NA,NA,4.0111,1
03/03/2026,01/01/2026,5,5,3.5,2.25,61,33,Maris_Peer,75,Upper,NA,NA,NA,NA,NA,NA,NA,NA,NA,NA,NA,NA,NA,NA,NA,NA,4.0111,1
03/03/2026,01/05/2026,6,6,3.7,2.7,57,34,Maris_Peer,75,Lower,NA,NA,NA,NA,NA,NA,NA,NA,NA,NA,NA,NA,NA,NA,NA,NA,4.0111,1
03/03/2026,01/05/2026,6,6,3.7,2.7,57,34,Maris_Peer,75,Middle,NA,NA,NA,NA,NA,NA,NA,NA,NA,NA,NA,NA,NA,NA,NA,NA,4.0111,1
03/03/2026,01/05/2026,6,6,3.7,2.7,57,34,Maris_Peer,75,Upper,NA,NA,NA,NA,NA,NA,NA,NA,NA,NA,NA,NA,NA,NA,NA,NA,4.0111,1
03/03/2026,01/01/2026,7,7,3.5,3.15,61,35,Jelly,0,Lower,NA,NA,NA,NA,NA,NA,NA,NA,NA,NA,NA,NA,NA,NA,NA,NA,4.7628,5
03/03/2026,01/01/2026,7,7,3.5,3.15,61,35,Jelly,0,Middle,NA,NA,NA,NA,NA,NA,NA,NA,NA,NA,NA,NA,NA,NA,NA,NA,4.7628,5
03/03/2026,01/01/2026,7,7,3.5,3.15,61,35,Jelly,0,Upper,NA,NA,NA,NA,NA,NA,NA,NA,NA,NA,NA,NA,NA,NA,NA,NA,4.7628,5
03/03/2026,12/31/2025,8,8,3.7,3.6,62,36,Accord,75,Lower,NA,NA,NA,NA,NA,NA,NA,NA,NA,NA,NA,NA,NA,NA,NA,NA,5.3975,4
03/03/2026,12/31/2025,8,8,3.7,3.6,62,36,Accord,75,Middle,NA,NA,NA,NA,NA,NA,NA,NA,NA,NA,NA,NA,NA,NA,NA,NA,5.3975,4
03/03/2026,12/31/2025,8,8,3.7,3.6,62,36,Accord,75,Upper,NA,NA,NA,NA,NA,NA,NA,NA,NA,NA,NA,NA,NA,NA,NA,NA,5.3975,4
